NO,KODE ACCURATE,NAMA BARANG,UPC/BARCODE,NAMA KATEGORI,NAMA BRAND,STATUS,STOK
1,100023,AC AQUA 1 PK AQA-CR9FQAL (O),,AC (AIR CONDITIONER),AQUA,YA,0
2,100019,AC AQUA 1 PK AQA-KR9FQAL (I),,AC (AIR CONDITIONER),,YA,0
3,100021,AC AQUA 1/2 PK AQA-CR5FQDL (O),,AC (AIR CONDITIONER),,YA,0
4,100020,AC AQUA 1/2 PK AQA-KR5FQDL (I),,AC (AIR CONDITIONER),AQUA,TIDAK,0
5,100018,AC AQUA 2PK AQA-CR18FQAL (O),,AC (AIR CONDITIONER),AQUA,TIDAK,0
6,100017,AC AQUA 2PK AQA-KR18FQAL (I),,AC (AIR CONDITIONER),AQUA,TIDAK,0
7,100820,ACER ASPIRE 3 SLIM A314 RYZEN 7 5700 16GB 512GB W11+OHS 14.0 IPS SLV -42P.R7E5,4711121814983,LAPTOP,ACER,YA,0
8,100560,ACER ASPIRE 3 SLIM A314-36M-37EE I3-N305 8GB 512GB 14″ FHD Win 11 Home+OHS 2021- SILVER,4711121759833,LAPTOP,ACER,YA,0
9,100424,ACER ASPIRE GO 14 AG14 I3 N305 8CORE 8GB 256GB W11+OHS 14.0WUXGA SLV -31P.34GM,,LAPTOP,ACER,YA,0
10,100450,ACER ASPIRE GO 14 AG14 N305 8CORE 8GB 512GB W11+OHS 14.0WUXGA SILVER -31P,4711474115690,LAPTOP,ACER,YA,0
11,100014,ACER ASPIRE LITE AL14 I3 1215 8GB 256GB W11+OHS 14.0WUXGA IPS SILVER,,LAPTOP,ACER,YA,0
12,100463,ACER ASPIRE LITE AL14 I5 1235 16GB 512GB W11+OHS 14.0WUXGA IPS SLV -51M.58U1,,LAPTOP,ACER,YA,0
13,100821,ACER ASPIRE LITE AL14 I5 1334 16GB 512GB W11+OHS 14.0WUXGA IPS SLV -52M.59TF,4711474204097,LAPTOP,ACER,YA,0
14,101052,ACER ASPIRE LITE AL14 I5 1334 8GB 512GB W11+OHS 14.0WUXGA IPS SLV -52M.59N8,,LAPTOP,ACER,YA,0
15,100508,ACER LITE AL1 14 I3 1215 8GB 512GB W11+OHS IPS SLV AL1-14M-3SID,8906170205851,LAPTOP,ACER,YA,0
16,101051,ACER LITE AL1-14M-3BID I3 1215 8GB 512GB 3BID W11+OHS IPS BLUE,8906170205868,LAPTOP,ACER,TIDAK,0
17,100461,ACER NITRO V 15 I5 13420H RTX2050 4GB/ 8GB 512GB W11+OHS 15.6FHD 144HZ IPS 2YR+ADP BLK -51.542G,,LAPTOP,ACER,YA,0
18,100532,ACER PREDATOR NEO BACKPACK ORIGINAL,,BACKPACK / TAS,ACER,YA,0
19,100453,ACER STANDARD BACKPACK ORIGINAL,,BACKPACK / TAS,ACER,YA,0
20,101292,ADAPTER ACER 19V-2.37A 45W 3*0*11MM WITH LIGHT,,,ACER,YA,0
21,100547,ADAPTER ACER 19V-3.42A 65W WITHLIGHT,100547,,ACER,YA,0
22,101137,"ADAPTER ASUS 19V-6A-120W-4,5*3.0MM ORI BOX",,CHARGER LAPTOP,ASUS,TIDAK,0
23,100990,ADAPTOR ASUS 19.0V - 1.75A 4.0X1.35MM,,,,YA,0
24,100541,ADAPTOR ASUS 19V-2.37A-45W SQUARE SHAPE,100541,,,YA,0
25,100542,ADAPTOR ASUS 19V-3.42A-65W SQUARE SHAPE WITHLIGHT,100542,,,YA,0
26,100543,ADAPTOR DELL 19.5V-3.34A 65W,100543,CHARGER LAPTOP,DELL,TIDAK,1
27,100540,"ADAPTOR HP 19,5V-3.33A 65W BLUEPIN WITH LIGHT",100540,,HP,YA,0
28,101055,ADAPTOR HP 19.5V-10.3A 200W 4.5* 3.00MM BLUEPIN OVAL ORIGINAL,,,HP,YA,0
29,101418,ADAPTOR HP 19.5V-2.31A 45W*3.0MM BLUE PIN WITH LIGHT,,,HP,YA,0
30,101355,ADAPTOR HP 19.5V-3.3A 65W 4.5*3.0MM BLUE PIN WITH LIGHT,,,HP,YA,0
31,100546,ADAPTOR HP 3.25A 65W TYPE-C,100546,,HP,YA,0
32,100544,ADAPTOR LENOVO 20-3.25A-65W TYPE C,100544,,,YA,0
33,100535,ADAPTOR LENOVO 20V 2.25A 4.0X1.7MM,100535,,,YA,0
34,100545,ADAPTOR LENOVO 20V-3.25A 65W USB PIN,100545,,,YA,0
35,100539,ADAPTOR LENOVO 20V-3.25A-65W SQUARE SHAPE,100539,,,YA,0
36,101397,ADAPTOR LENOVO 20V-8.5A.170W.USB PIN,,,,YA,0
37,100538,"ADAPTOR LENOVO 20v-2,25A SQUARE SHAPE ORIGINAL",,,,YA,0
38,2507000017,AKOMODASI SERVICE,,UNCATEGORIZED,,TIDAK,0
39,100814,ALSEYE KABEL EXTENSION 24 PIN ARGB,,,,YA,0
40,100719,ALSEYE KABEL EXTENSION ARGB 2X8PIN - WHITE,100719,,,YA,0
41,100720,ALSEYE KABEL EXTENSION ARGB 3X8PIN,100720,,,YA,0
42,100029,AMD PROCESSOR RYZEN 5 5500GT WITH WRAITH STEALTH COOLER,,PROCESSOR RYZEN 5,AMD,YA,0
43,100710,AMD PROCESSOR RYZEN 5 5600GT WRAITH STEALTH COOLER,100710,PROCESSOR RYZEN 5,AMD,YA,0
44,100709,AMD PROCESSOR RYZEN 5 8600G WITH WRAITH STEALTH COOLER,,PROCESSOR RYZEN 5,AMD,YA,0
45,100470,NB LENOVO LOQ 15IRX9 I5-13450HX RTX4050 12GB 512GB,,LAPTOP,LENOVO,YA,0
46,101305,ASROCK MINI PC AMD JUPITER X300 AM4 (BARE),,MINI PC,ASROCK,YA,0
47,101130,ASUS GAMING ROG ALLY RYZEN Z1 R2RADA6W,,HANDHELD,ASUS,YA,0
48,A15 FA506NF,ASUS TUF A15 FA506NF RYZEN 5 7535HS RTX2050 4GB/8GB 512GB W11+OHS+0365 15.6 FHD BLACK,,LAPTOP,ASUS,YA,0
49,100041,ASUS TUF A15 FA507NU RYZEN 7 7735HS RTX4050 6GB/ 16GB 512GB W11+OHS 15.6FHD 144HZ (NO BAG) GRY -R745KLM-O,,LAPTOP,ASUS,YA,0
50,100137,ASUS VIVOBOOK 14 A1404VA I5 1335 8GB 512GB W11+OHS 14.0FHD VIPS BLUE,,LAPTOP,ASUS,YA,0
51,100138,ASUS VIVOBOOK 14 A1404VA I5 1335 8GB 512GB W11+OHS 14.0FHD VIPS SILVER,,LAPTOP,ASUS,YA,0
52,100135,ASUS VIVOBOOK 14 A1404VA I7 1355 16GB 1TB W11+OHS 14.0FHD VIPS BLUE,,LAPTOP,ASUS,YA,0
53,100136,ASUS VIVOBOOK 14 A1404VA I7 1355 16GB 1TB W11+OHS 14.0FHD VIPS SILVER,,LAPTOP,ASUS,YA,0
54,100040,ASUS VIVOBOOK 14 A1404ZA I3 1215 8GB 512GB,,LAPTOP,ASUS,YA,0
55,101431,ASUS VIVOBOOK 14 A1404ZA I5 1235 16GB 512GB W11+OHS+O365 14.0FHD VIPS BLU -VIPS557M,,LAPTOP,ASUS,YA,0
56,101430,ASUS VIVOBOOK 14 A1404ZA I5 1235 16GB 512GB W11+OHS+O365 14.0FHD VIPS SLV -VIPS558M,,LAPTOP,ASUS,YA,0
57,100043,ASUS VIVOBOOK GO 14 E1404GA I3 N305 8CORE 8/256 SILVER FHD 323,,LAPTOP,ASUS,YA,0
58,100140,ASUS VIVOBOOK GO 14 E410KA N4500 8GB 256GB W11+OHS 14.0FHD BLIT BLACK,,LAPTOP,ASUS,YA,0
59,100133,ASUS VIVOBOOK GO 14 E410KA N4500 8GB 256GB W11+OHS 14.0FHD BLIT BLUE -FHD426,,LAPTOP,ASUS,YA,0
60,101135,AXIOO PONGO 760 V2 I7 13620H RTX4060 8GB /16GB 512GB DOS 15.6FHD 144HZ IPS RGB 3Y GREY,,LAPTOP,AXIOO,YA,0
61,2506000028,BACKPACK AXIOO BIASA,,BACKPACK / TAS,AXIOO,TIDAK,19
62,2506000030,BACKPACK AXIOO PONGO,,BACKPACK / TAS,AXIOO,TIDAK,9
63,101136,BACKPACK AXIOO PONGO BLACK,,BACKPACK / TAS,AXIOO,YA,0
64,100548,BARANG LAIN LAIN,,,,YA,0
65,100697,BASEUS DYNAMIC FAST CHARGING DATA CABLE BLUE,100697,,BASEUS,YA,0
66,100698,BASEUS DYNAMIC FAST CHARGING DATA CABLE WHITE,100698,,BASEUS,YA,0
67,100696,BASEUS GLIMMER FAST CHARGING DATA TYPE-C BLUE,6932172618032,KABEL DATA USB C TO C,BASEUS,TIDAK,0
68,100699,BASEUS GLIMMER FAST CHARGING DATA TYPE-C WHITE,6932172618049,,BASEUS,YA,0
69,101299,BATERAI ASUS B31N1842 ORIGINAL,,,,YA,0
70,101391,BATERAI ASUS PU450/A32N1331,,,,YA,0
71,100847,BATERAI ASUS X455/C21N1401 BLACK ORIGINAL,,BATERAI LAPTOP,ASUS,TIDAK,0
72,101475,BATERAI ASUS k413/B31N1911/C31N1911 ORIGINAL,,,,YA,0
73,100768,BATERAI CMOS MAXELL CR2032,,,,TIDAK,1
74,101112,BATERAI DELL I5-3000 WDVOR ORIGINAL,,,,YA,0
75,101291,BATERAI HP CS03XL/TA03XL/840-G3 ORIGINAL,,,HP,YA,0
76,100008,BATERAI KAMERA CANON LPE-17,,,,YA,0
77,100827,BATERAI LAPTOP HP KI04,,,HP,YA,0
78,101050,BATERAI LENOVO ORIGINAL,,,,YA,0
79,101009,BATERAI NB DELL 3451,,BATERAI LAPTOP,,YA,0
80,100840,BATERAI NB HP KI04,,BATERAI LAPTOP,HP,YA,0
81,100823,BATERAI UPS NEUTON 12V9Ah - NP 1290M,,,,YA,0
82,100694,BATT UPS PANASONIC 12V 7.2AH,,,,YA,0
83,100053,BELDEN CAT5E,,,,YA,0
84,100690,TINTA BLUEPRINT TD1 1L BLACK,,TINTA,EPSON,TIDAK,0
85,100691,TINTA BLUEPRINT TD1 1L CYAN,,TINTA,EPSON,TIDAK,0
86,100692,TINTA BLUEPRINT TD1 1L MAGENTA,,TINTA,EPSON,TIDAK,0
87,100693,TINTA BLUEPRINT TD1 1L YELLOW,,TINTA,EPSON,TIDAK,0
88,100999,SCANNER BLUEPRINT 2D W2D BLUETOOTH,,SCANNER,BLUEPRINT,TIDAK,1
89,100391,BLUEPRINT INFRARED SCANNER SP-TC100,,SCANNER,BLUEPRINT,YA,0
90,100343,BLUEPRINT LITE CASH DRAWER BPL03,,CASH DRAWER,BLUEPRINT,TIDAK,0
91,100345,BLUEPRINT LITE DESKTOP BLUETOOTH THERMAL PRINTER BP-LITE80D1,,THERMAL PRINTER,BLUEPRINT,TIDAK,0
92,100344,BLUEPRINT PORTABLE BLUETOOTH SCANNER 2D,,SCANNER,BLUEPRINT,YA,0
93,101468,BRACKET DRAKFLASH ATLAS 02,,,,YA,0
94,100779,BRACKET MONITOR DUAL ARM 13-27 INCH VESA 100x100,,BRACKET MONITOR,,YA,0
95,100877,BRACKET MONITOR REXUS DBM-01 - WHITE,,BRACKET MONITOR,REXUS,YA,0
96,100392,BRACKET MONITOR SINGLE M10-BLACK,,BRACKET MONITOR,,TIDAK,0
97,100724,BRACKET MONITOR SINGLE M10-WHITE,,BRACKET MONITOR,,YA,0
98,100769,BRACKET PROJECTOR MINI BLACK (KOTAK BOX  PUTIH),,,,YA,0
99,100128,BRACKET PROYEKTOR UNIVERSAL,,BRACKET PROYEKTOR,,TIDAK,0
100,100879,BRACKET REXUS DBM-03 NB + MONITOR - BLACK,,BRACKET MONITOR,REXUS,YA,0
101,100878,BRACKET REXUS DOUBLE DBM-02 - BLACK,,BRACKET MONITOR,REXUS,YA,0
102,101259,BUNDLING ROUTER + SIMCARD HUAWEI B320 - STAR H2,6942103107900,MODEM,TELKOMSEL,TIDAK,9
103,101392,CABLE POWER ADAPTER COLOKAN KAKI 3,,,,YA,0
104,101401,CABLE POWER ADAPTER EU COLOKAN KAKI 2 GOOD QUALITY,,,,TIDAK,0
105,100423,CABLE POWER EUROPE 2.5 METER GREY,,,,YA,0
106,101272,CABLE VGA HDI MT-VIKI 20CM,6931626410468,,,YA,0
107,100007,CAMERA CANON EOS R50 (18-45MM) BLACK,,,,TIDAK,0
108,101007,CAMERA CANON EOS RP BODY,,,,YA,0
109,100051,CAMERA HIKVISION indoor 2mp dual light BIASA (DS-2CE76D0T-EXLPF)),,,,YA,0
110,100050,CAMERA HIKVISION indoor 2mp dual light audio (DS-2CE76D0T-LPPS),,,,YA,0
111,100009,CANON EOS RP with LENS 24-105mm IS STM,,,,TIDAK,0
112,100055,CANON LENSA RF-S10-18mm F/4.5-6.3 IS STM,,,,YA,0
113,100045,CANON TINTA PG 810 BLACK,100045,TINTA,CANON,YA,0
114,100232,CARD READER REXUS RXC-208 6 SLOT USB 2.0,6992005198032,CARD READER,REXUS,TIDAK,0
115,100871,CARD READER REXUS RXC-305  5 IN 1 BLACK,6992005207017,CARD READER,REXUS,YA,0
116,100872,CARD READER REXUS RXC-305 -5 IN 1 - BLUE,6992005208069,CARD READER,REXUS,YA,0
117,100873,CARD READER REXUS RXC-305 5 IN 1 - WHITE,6992005209028,CARD READER,REXUS,YA,0
118,100233,CARD READER REXUS RXC-308 - 6SLOT 3.0,100233,CARD READER,REXUS,YA,0
119,100765,CART EPSON LQ-310,100765,,EPSON,TIDAK,1
120,100774,CART RIBBON EPSON LX310,4895093306261,TINTA CATRIDGE,EPSON,TIDAK,0
121,101011,CART RIBBON PACK EPSON 7755 LONGLIFE,8997026930591,,EPSON,YA,0
122,100833,CARTRIDGE BROTHER LC-462 BLACK,,,,YA,0
123,100834,CARTRIDGE BROTHER LC-462 CYAN,4977766816199,,,TIDAK,1
124,100835,CARTRIDGE BROTHER LC-462 MAGENTA,,,,YA,0
125,100836,CARTRIDGE BROTHER LC-462 YELLOW,,,,YA,0
126,100733,CASE COUGAR PURITY RGB-BLACK,,,COUGAR,YA,0
127,100854,CASING AEROMAX AM-310 mATX - BLACK,,CASING PC GAMING,POWER UP,TIDAK,1
128,100460,CASING AEROMAX AM-311 mATX - BLACK,,CASING PC GAMING,POWER UP,TIDAK,0
129,101508,CASING APNX V1 MID TOWER ATX DUAL CHAMBER BLACK,,CASING PC GAMING,APNX,YA,0
130,101277,NEW CASING COOLER MASTER CMP 320 mATX - BLACK,101277,CASING PC GAMING,COOLER MASTER,TIDAK,2
131,101276,NEW CASING COOLER MASTER MASTERBOX MB311L mATX - BLACK,4719512097595,CASING PC GAMING,COOLER MASTER,TIDAK,2
132,101507,CASING CORSAIR 3500X ARGB TG BLACK,,CASING PC GAMING,CORSAIR,YA,0
133,101506,CASING CORSAIR 3500X TG BLACK,,CASING PC GAMING,CORSAIR,YA,0
134,101505,CASING CORSAIR 3500X TG WHITE,,CASING PC GAMING,CORSAIR,YA,0
135,100704,CASING COUGAR DUOFACE PRO RGB – MID TOWER WHITE,,CASING PC GAMING,COUGAR,YA,0
136,100735,CASING COUGAR DUOFACE RGB BLACK,,CASING PC GAMING,COUGAR,YA,0
137,100730,CASING COUGAR FV150 RGB - MID TOWER,,CASING PC GAMING,COUGAR,YA,0
138,101245,CASING COUGAR FV150 RGB PINK - MID TOWER,,CASING PC GAMING,COUGAR,YA,0
139,2503000320,CASING COUGAR FV150 RGB WHITE - MID TOWER,,CASING PC GAMING,COUGAR,YA,0
140,100228,CASING COUGAR MG120-G - MINI TOWER,4715302442538,CASING PC GAMING,COUGAR,YA,0
141,100224,CASING COUGAR MX 360 ARGB - MID TOWER,,CASING PC GAMING,COUGAR,YA,0
142,100229,CASING COUGAR MX360 RGB - ATX - BLACK,4710483775192,CASING PC GAMING,COUGAR,TIDAK,3
143,100702,CASING COUGAR MX430 MESH RGB - MID TOWER,4710483772993,CASING PC GAMING,COUGAR,YA,0
144,100225,CASING COUGAR MX440 MESH RGB - MID TOWER,,CASING PC GAMING,COUGAR,TIDAK,0
145,100706,CASING COUGAR MX600 RGB – FULL TOWER,100706,CASING PC GAMING,COUGAR,YA,0
146,100227,CASING COUGAR PURITY RGB WHITE -MINI TOWER,4710483773372,CASING PC GAMING,COUGAR,YA,0
147,100718,CASING COUGAR QBX - ITX - BLACK,4715302445973,CASING PC GAMING,COUGAR,TIDAK,2
148,100226,CASING COUGAR UNIFACE MINI BLACK - MINI TOWER,4710483777615,CASING PC GAMING,COUGAR,YA,0
149,101229,CASING COUGAR UNIFACE MINI BLACK RGB 3 FAN - MINI TOWER,192554007670,CASING PC GAMING,COUGAR,YA,0
150,101230,NEW CASING COUGAR UNIFACE MINI RGB - mATX - WHITE,4710483777622,CASING PC GAMING,COUGAR,TIDAK,4
151,101483,CASING CUBE CINEMA BLACK CASE WITHOUT POWER SUPPLY,,CASING PC GAMING,,YA,0
152,101484,CASING CUBE CINEMA WHITE CASE WITHOUT POWER SUPPLY,,CASING PC GAMING,,YA,0
153,101485,CASING CUBE GAMING CIELO ATX WHITE CASE WITHOUT POWER SUPPLY,,CASING PC GAMING,,YA,0
154,101486,CASING CUBE GAMING KIEV BLACK CASE WITHOUT POWER SUPPLY,,CASING PC GAMING,,YA,0
155,101492,CASING DARKFLASH DQX90 BLACK,,CASING PC GAMING,DARK FLASH,YA,0
156,101491,CASING DARKFLASH DQX90 WHITE,,CASING PC GAMING,DARK FLASH,YA,0
157,101490,CASING DARKFLASH DY470 BLACK,,CASING PC GAMING,DARK FLASH,YA,0
158,101489,CASING DARKFLASH DY470 WHITE,,CASING PC GAMING,DARK FLASH,YA,0
159,101496,CASING DARKFLASH L280M BLACK,,CASING PC GAMING,DARK FLASH,YA,0
160,101495,CASING DARKFLASH L280M WHITE,,CASING PC GAMING,DARK FLASH,YA,0
161,101494,CASING DARKFLASH TH285M BLACK,,CASING PC GAMING,DARK FLASH,YA,0
162,101493,CASING DARKFLASH TH285M WHITE,,CASING PC GAMING,DARK FLASH,YA,0
163,101370,CASING DEEPCOOL CG580 BLACK,,CASING PC GAMING,DEEPCOOL,YA,0
164,101371,CASING DEEPCOOL CG580 WHITE,,CASING PC GAMING,DEEPCOOL,YA,0
165,100456,CASING DIGITAL ALLIANCE N30S - mATX - WHITE,100456,CASING PC GAMING,DIGITAL ALLIANCE,TIDAK,0
166,100455,CASING DIGITAL ALLIANCE PC N30S MATX BLACK,,CASING PC GAMING,DIGITAL ALLIANCE,YA,0
167,100987,CASING FAN DEEPCOOL XFAN 80,100987,FAN CASING,DEEPCOOL,YA,0
168,101289,CASING GAMEN GCS100 WITH 3 FANS BLACK,,CASING PC GAMING,GAMEN,YA,0
169,101290,CASING GAMEN GCS100 WITH 3 FANS WHITE,,CASING PC GAMING,GAMEN,YA,0
170,101476,CASING GAMING PRIME D-(K) V2.0 RED-ALUMUNIUM GAMING CASE-DUAL SIDE TEMPRED GLASS,,CASING PC GAMING,PRIME,YA,0
171,100652,CASING HARDDISK SAMSUNG F3,,ENCLOSURE SATA,SAMSUNG,TIDAK,0
172,101253,"CASING HDD CADDY SSD 12,7MM",,ENCLOSURE SATA,,TIDAK,1
173,100651,CASING HDD EXT WD USB 3.0,,ENCLOSURE SATA,WD (WESTERN DIGITAL),TIDAK,0
174,101396,NEW CASING HOSE OFF DUO INC PSU 380W,,CASING PC GAMING,HOSE,TIDAK,3
175,101479,CASING Lian Li DYNAMIC EVO RGB BLACK CASE WITHOUT POWER SUPPLY,,CASING PC GAMING,LIAN LI,YA,0
176,101478,CASING Lian Li DYNAMIC EVO RGB WHITE CASE WITHOUT POWER SUPPLY,,CASING PC GAMING,LIAN LI,YA,0
177,100104,CASING MSI MAG FORGE 120A AIRFLOW,4711377121576,CASING PC GAMING,MSI,YA,0
178,100866,CASING MSI MAG FORGE M100R MIAD TOWER - BLACK,,CASING PC GAMING,MSI,YA,0
179,100867,CASING MSI MAG FORGE M100R MIAD TOWER - WHITE,,CASING PC GAMING,MSI,YA,0
180,100102,CASING MSI MPG GUNGNIR 110R BLACK,4719072715601,CASING PC GAMING,MSI,YA,0
181,100103,CASING MSI MPG GUNGNIR 110R WHITE,4719072899301,CASING PC GAMING,MSI,YA,0
182,100158,CASING PC COOLERMASTER  QUBE 500 BLACK - Mid Tower,4719512142813,CASING PC GAMING,COOLER MASTER,YA,0
183,100157,CASING COOLER MASTER MASTERBOX Q500L SAKURA - ATX - PINK,4719512143742,CASING PC GAMING,COOLER MASTER,TIDAK,1
184,100156,CASING PC COOLERMASTER MasterBox Q500L,4719512101605,CASING PC GAMING,COOLER MASTER,TIDAK,2
185,100167,CASING PC DEEPCOOL CC560 V2 BLACK,6933412774617,CASING PC GAMING,DEEPCOOL,YA,0
186,100166,NEW CASING PC DEEPCOOL CH170 DIGITAL BLACK,6933412774228,CASING PC GAMING,DEEPCOOL,TIDAK,1
187,100037,CASING PC DIGITAL ALLIANCE N50S MATX BLACK,,CASING PC GAMING,DIGITAL ALLIANCE,YA,0
188,100101,CASING PC MSI MAG FORGE 101M,,CASING PC GAMING,MSI,YA,0
189,100099,CASING PC MSI MAG PANO M100R PZ BLACK,4711377136471,CASING PC GAMING,MSI,YA,0
190,100100,CASING PC MSI MAG PANO M100R PZ WHITE,4711377136488,CASING PC GAMING,MSI,YA,0
191,100028,CASING PC OFFICE ARMOUR AR-01MATX BLACK,,CASING PC GAMING,ARMOUR,YA,0
192,101477,CASING PRIME A-(F) COMPUTER CASE WITHOUT POWER SUPPLY,,CASING PC GAMING,PRIME,YA,0
193,101482,CASING PRIME H-(Y) V2 WHITE MODERN AESTHETIC DUAL CHAMBER ATX CASE-TEMPERED GLASS,,CASING PC GAMING,PRIME,YA,0
194,100669,CASING XYZ OFFICE RUSH - mATX - BLACK,,CASING PC GAMING,XYZ,TIDAK,1
195,101390,CASING ZALMAN P30 V2,8800263650125,CASING PC GAMING,ZALMAN,YA,0
196,101389,CASING ZALMAN P30 WHITE V2,,CASING PC GAMING,ZALMAN,YA,0
197,101262,CATRIDGE HP 680 BLACK,889296532194,TINTA CATRIDGE,HP,TIDAK,1
198,101263,CATRIDGE HP 680 TRI COLOUR,889296532187,TINTA CATRIDGE,HP,TIDAK,5
199,101516,CATRIDGE HP 682 BLACK,193905674282,TINTA CATRIDGE,HP,YA,0
200,101261,CATRIDGE HP 682 TRI COLOUR,193905674275,TINTA CATRIDGE,HP,TIDAK,18
201,100056,CCTV HIKVISION TURBO HD CAMERA 2 MP BULLET DS-2CE16DOT-EXLPF,,,,TIDAK,0
202,100057,CCTV HIKVISION TURBO HD CAMERA 2MP BULLET DS-2CE16DOT-LPFS,,,,TIDAK,0
203,100683,CHARGING DOCK ACGP03 BLACK,,DOCKING CHARGER,FANTECH,TIDAK,0
204,101538,CLEANER HANDBOSS 6 IN 1,,,,TIDAK,0
205,100058,CONNECTOR BNC RG59 F TYPE,,,,TIDAK,0
206,2503000334,CONTROLLER FAN 12CM RGB FOR HOSE WITH REMOTE,,,,TIDAK,0
207,100842,CONTROLLER GAMEMAX ARGB V4.0 WHITE,6931858786294,,,TIDAK,0
208,101402,COOLER DEEPCOOL AG300 SUPPORT LGA1700,,,,YA,0
209,101163,COOLER MSI CORELIQIUD A13 360,101163,,MSI,YA,0
210,101162,LIQUID COOLER MSI CORELIQUID A13 240 ARGB - BLACK,4711377273763,CPU COOLER,MSI,TIDAK,0
211,100870,COOLING PAD BREEZE B175 UP TO 17 INCH - BLACK,8994067217513,,,YA,0
212,100321,COOLINGPAD FANTECH NC11 NOTEBOOK - BLACK,100321,COOLINGPAD,FANTECH,YA,0
213,101092,COOLINGPAD FANTECH NC12 NOTEBOOK - BLACK,101092,COOLINGPAD,FANTECH,YA,0
214,100322,COOLINGPAD FANTECH NC13 NOTEBOOK  - BLACK,100322,COOLINGPAD,FANTECH,YA,0
215,100347,COOLINGPAD FANTECH NC20 NOTEBOOK  - BLACK,100347,COOLINGPAD,FANTECH,YA,0
216,101093,COOLINGPAD FANTECH NC30 NOTEBOOK - GREY,101093,COOLINGPAD,FANTECH,YA,0
217,100230,COOLINGPAD REXUS BREEZE B140 BLACK,100230,COOLINGPAD,REXUS,YA,0
218,100231,COOLINGPAD REXUS BREEZE B140 SILVER,100231,COOLINGPAD,REXUS,YA,0
219,100734,LIQUID COOLER COUGAR POSEIDON GT 360 RGB - BLACK,4710483773617,AIO LIQUID COOLER,COUGAR,TIDAK,3
220,101510,FAN PROCESSOR AEROCOOL CYLON 4F ARGB - BLACK,4710562752724,AIO LIQUID COOLER,AEROCOOL,TIDAK,1
221,101509,FAN PROCESSOR AEROCOOL MIRAGE 5 ARGB - BLACK,4710562756036,AIO LIQUID COOLER,AEROCOOL,TIDAK,3
222,101488,CPU COOLER CUBE GAMING SHARPEN PROCESSOR COOLING,,,,YA,0
223,101470,CPU COOLER DRAKFLAS U400 A-RGB WHITE,,,,YA,0
224,101469,CPU COOLER DRAKFLASH U400 A-RGB BLACK,,FAN CASING,ALSEYE,YA,0
225,101463,CPU COOLER G6 DUAL BLACK,,,,YA,0
226,101464,CPU COOLER G6 DUAL WHITE,,,,YA,0
227,101434,CPU COOLER GAMEMAX SIGMA 550 INFINITY BLACK,6931858779937,,,YA,0
228,101435,CPU COOLER GAMEMAX SIGMA 550 INFINITY WHITE,6931858779944,,,YA,0
229,101465,CPU COOLER RT620 DIGITAL BLACK,,,,YA,0
230,101461,CPU COOLER RZ620 AIR BLACK,,,,YA,0
231,101462,CPU COOLER RZ620 AIR WHITE,,,,YA,0
232,101301,DEEPCOOL AK400 DIGITAL BLACK SUPPORT LGA1700,,,,YA,0
233,101302,DEEPCOOL CASE CC560 V2 WHITE,,,,YA,0
234,101303,DEEPCOOL PSU PL550D 550WATT 80+BRONZE ALL FLAT CABLE,,PSU 550W,DEEPCOOL,YA,0
235,100180,RAM LONGDIMM DDR3 DIGITAL ALLIANCE 4GB (1X4GB) 1600Mhz,6923172522108,LONGDIMM DDR3,DIGITAL ALLIANCE,TIDAK,0
236,100440,RAM LONGDIMM DDR3 DIGITAL ALLIANCE 8GB (1X8GB) 1600Mhz,6923172535092,LONGDIMM DDR3,DIGITAL ALLIANCE,TIDAK,1
237,100034,DIGITAL ALLIANCE RAM LONGDIMM DDR4 16GB 3200Mhz,100034,LONGDIMM DDR4,DIGITAL ALLIANCE,YA,0
238,100445,DIGITAL ALLIANCE RAM LONGDIMM DDR4 8GB 3200Mhz,100445,LONGDIMM DDR4,DIGITAL ALLIANCE,YA,0
239,100354,DISPLAY BOX KANATA,,,,YA,0
240,100052,DVR HIKVISION 16 CHANNEL 4.0MP (DS7216HQH1-M1E),,,,YA,0
241,101223,EARPHONE LOGITECH G333 GAMING BLACK,,,LOGITECH,YA,0
242,101224,EARPHONE LOGITECH G333 GAMING WHITE,101224,,LOGITECH,YA,0
243,100828,FAN CASING ACER E-MACHINE GADGET AC1236 RGB,100282,FAN CASING,ACER,YA,0
244,100812,FAN CASING ALSEYE HALO SERIES 5.0 4 FAN,4897059874203,FAN CASING,ALSEYE,YA,0
245,100813,FAN CASING ALSEYE PENTAGON 3 FAN RGB,4897059872452,FAN CASING,ALSEYE,TIDAK,2
246,100817,FAN CASING ALSEYE XTREME X12 GR RGB,4897059872520,FAN CASING,ALSEYE,YA,0
247,100193,FAN CASING DIGITAL ALLIANCE COCO 1 IN 1 NON-RGB NORMAL - BLACK,100193,FAN CASING,DIGITAL ALLIANCE,TIDAK,0
248,100026,FAN CASING DIGITAL ALLIANCE COCO 1 IN 1 NON-RGB NORMAL - WHITE,KC10206,FAN CASING,DIGITAL ALLIANCE,TIDAK,2
249,101407,FAN CASING GAMEN GCF110 1 IN 1 RGB NORMAL - BLACK,,FAN CASING,GAMEN,TIDAK,0
250,101408,FAN CASING GAMEN GCF110 1 IN 1 RGB NORMAL - WHITE,,FAN CASING,GAMEN,TIDAK,0
251,101570,FAN CASING LEXA GAMING MW-120Dy RGB BLACK,,FAN CASING,LEXA GAMING,YA,0
252,101028,FAN CASING RAPTOR STARLITE 1 IN 1 ARGB NORMAL - BLACK,,FAN CASING,POWER UP,YA,0
253,101029,FAN CASING RAPTOR STARLITE ARGB SYNC WHITE,,FAN CASING,POWER UP,YA,0
254,100177,FAN CASING VENOMRX RHOMBUS 1 IN 1 ARGB - BLACK,100177,FAN CASING,VENOMRX,TIDAK,0
255,100178,FAN CASING VENOMRX RHOMBUS 1 IN 1 ARGB NORMAL - WHITE,100178,FAN CASING,VENOMRX,TIDAK,4
256,100790,FAN CASING VENOMRX RHOMBUS 3 IN 1 ARGB NORMAL - BLACK,100790,FAN CASING,VENOMRX,TIDAK,0
257,100791,FAN CASING VENOMRX RHOMBUS 3 IN 1 ARGB NORMAL - WHITE,100791,FAN CASING,VENOMRX,TIDAK,0
258,101487,FAN CPU CUBE GAMING STORM V2 DUAL FAN BLACK 12CM ARGB-UNIVERSAL SOCKET,,,,YA,0
259,101232,FAN PROCESSOR COUGAR FORZA 50,,,COUGAR,YA,0
260,101480,FAN PROCESSOR CUBE GAMING ILLUMINE DUAL FAN-MIRROR RGB TOP COVER-6 COPPER HEAT PIPES-UNIVERSAL SOCKET (AM5 READY),,,,YA,0
261,101481,FAN PROCESSOR CUBE GAMING ILLUMINE SINGLE FAN-MIRROR RGB TOP COVER-4 COPPER HEAT PIPES-UNIVERSAL SOCKET (AM5 READY),,,,YA,0
262,100165,FAN PROCESSOR DEEPCOOL AG200 SUPPORT LGA1700,100165,,,YA,0
263,100162,FAN PROCESSOR DEEPCOOL AG400 A-RGB SUPPORT LGA1700,100162,CPU COOLER,DEEPCOOL,YA,0
264,100163,FAN PROCESSOR DEEPCOOL AG400 A-RGB WHITE SUPPORT LGA1700,6933412727781,CPU COOLER,DEEPCOOL,YA,0
265,100164,FAN PROCESSOR DEEPCOOL AG400 DIGITAL BLACK A-RGB,6933412728603,,,YA,0
266,100792,FAN PROCESSOR DEEPCOOL AG400 LED SUPPORT LGA1700 - BLACK,6933412727583,CPU COOLER,DEEPCOOL,TIDAK,1
267,100173,FAN PROCESSOR DEEPCOOL CK11509 - STANDART,100173,FAN PROCESSOR,DEEPCOOL,YA,0
268,101551,FAN PROCESSOR DIGITAL ALLIANCE AIR COOLER DA1700 FOR INTEL,,CPU COOLER,DIGITAL ALLIANCE,TIDAK,1
269,100377,FANTECH SET COMBO KM103 BLACK,6972661282016,OFFICE COMBO WIRED,FANTECH,TIDAK,2
270,100308,FANTECH MOUSEPAD VIGIL MP256 BASIC - BLACK,100308,MOUSEPAD BASIC,FANTECH,YA,0
271,100376,FANTECH POWER BUNDLE 5 IN 1 GAMING COMBO - BLACK,100376,GAMING COMBO WIRED,FANTECH,YA,0
272,101085,FANTECH POWER BUNDLE 5 IN 1 GAMING COMBO - PINK,,GAMING COMBO WIRED,FANTECH,YA,0
273,101086,FANTECH POWER BUNDLE 5 IN 1 GAMING COMBO - WHITE,,GAMING COMBO WIRED,FANTECH,YA,0
274,100375,FANTECH POWERPACK 3 IN 1 GAMING COMBO - BLACK,6972661282061,GAMING COMBO WIRED,FANTECH,YA,0
275,100411,FANTECH WS414 ADJUSTABLE RISING DESK BLACK,100411,MEJA GAMING,FANTECH,YA,0
276,100632,FLASHDISK SANDISK CRUZER BLADE 128GB USB2.0,100632,FLASHDISK,SANDISK,TIDAK,1
277,100653,FLASHDISK SANDISK CRUZER BLADE 16GB USB2.0,619659000431,FLASHDISK,SANDISK,TIDAK,1
278,100654,FLASHDISK SANDISK CRUZER BLADE 32GB USB 2.0,100654,FLASHDISK,SANDISK,TIDAK,0
279,100655,FLASHDISK SANDISK CRUZER BLADE 64GB USB2.0,100655,FLASHDISK,SANDISK,YA,0
280,100649,FLASHDISK SANDISK CRUZER BLADE 8GB BLACK,100649,FLASHDISK,SANDISK,TIDAK,0
281,100012,FREE MEDIA 4x6 (HS CODE : 4811.90.99),,,,YA,0
282,100030,FSP HV PRO 650W 85+ BRONZE,,PSU 650W,FSP,YA,0
283,100319,GAMEPAD FANTECH EOS VEGA GP15 WIRED - BLACK,6972661289657,GAMEPAD,FANTECH,TIDAK,0
284,100317,GAMEPAD FANTECH NOVA PRO WGP14 V2  ATOMIC - PINK,100317,GAMEPAD,FANTECH,YA,0
285,100316,GAMEPAD FANTECH NOVA PRO WGP14 V2  POLARIS - BLUE,6972661285048,GAMEPAD,FANTECH,YA,0
286,100318,GAMEPAD FANTECH NOVA PRO WGP14 V2 ATOMIC - PURPLE,6972661285024,GAMEPAD,FANTECH,YA,0
287,100315,GAMEPAD FANTECH NOVA PRO WGP14 V2 EPSILON - BLACK,6972661285055,GAMEPAD,FANTECH,YA,0
288,100313,GAMEPAD FANTECH SHOOTER II WGP13 - BLUE,6972661286922,GAMEPAD,FANTECH,YA,0
289,100314,GAMEPAD FANTECH SHOOTER II WGP13 - WHITE,6972661286939,GAMEPAD,FANTECH,YA,0
290,101094,GAMEPAD FANTECH SHOOTER III WGP13S - BLACK,101094,GAMEPAD,FANTECH,YA,0
291,101095,GAMEPAD FANTECH SHOOTER III WGP13S - GREY,101095,GAMEPAD,FANTECH,YA,0
292,101096,GAMEPAD FANTECH SHOOTER III WGP13S - PINK,6977052251732,GAMEPAD,FANTECH,YA,0
293,101097,GAMEPAD FANTECH SHOOTER III WGP13S - WHITE,101097,GAMEPAD,FANTECH,YA,0
294,100682,GAMEPAD FANTECH EPSILON WGP15 WIRELESS - BLACK,,GAMEPAD,FANTECH,TIDAK,0
295,101225,GAMEPAD LOGITECH F710 NEW,101225,GAMEPAD,LOGITECH,YA,0
296,101211,GAMEPAD LOGITECH NEW F310,101211,GAMEPAD,LOGITECH,YA,0
297,100241,GAMEPAD REXUS BLUETOOTH GLADIUS GX300 V.2 - BLACK,100241,GAMEPAD,REXUS,YA,0
298,100242,GAMEPAD REXUS BLUETOOTH GLADIUS GX300 V.2 - WHITE,100242,GAMEPAD,REXUS,YA,0
299,100235,GAMEPAD REXUS GLADIUS GX1 MULTIPLATFORM - BLACK,100235,GAMEPAD,REXUS,YA,0
300,100236,GAMEPAD REXUS GLADIUS GX1 MULTIPLATFORM - WHITE,100236,GAMEPAD,REXUS,YA,0
301,100237,GAMEPAD REXUS GLADIUS GX2 MULTIPLATFORM - BLACK,100237,GAMEPAD,REXUS,YA,0
302,100238,GAMEPAD REXUS GLADIUS GX2 MULTIPLATFORM - WHITE,100238,GAMEPAD,REXUS,YA,0
303,100895,GAMEPAD REXUS WIRELESS ASTA GX150 - WHITE,100895,GAMEPAD,REXUS,YA,0
304,100239,GAMEPAD REXUS WIRELESS DAXA  ASTERIA AX1 V.2- BLACK,6991014327686,GAMEPAD,REXUS,YA,0
305,100240,GAMEPAD REXUS WIRELESS DAXA ASTERIA AX1 V.2 - WHITE,6991014328652,GAMEPAD,REXUS,YA,0
306,100684,GAMING HEADSET CLIP MEOW AC5001 BLACK,,,,TIDAK,0
307,100894,GAMPAD REXUS WIRELESS ASTA GX150 - BLACK,100894,GAMEPAD,REXUS,YA,0
308,100042,HANDPHONE OPPO A60 BIRU 8/128,,,,TIDAK,0
309,100031,HDD WD PURPLE 2TB 3.5,,HARDDISK INTERNAL,WD (WESTERN DIGITAL),YA,0
310,100061,"TOSHIBA CANVIO BASICS A3 TYPE-C PORTABLE HARD DRIVE 1TB, BLACK",4547808811880,HARDDISK EXTERNAL,TOSHIBA,YA,0
311,100062,"TOSHIBA CANVIO BASICS A3 TYPE-C PORTABLE HARD DRIVE 2TB, BLACK",100062,HARDDISK EXTERNAL,TOSHIBA,YA,0
312,100065,"TOSHIBA CANVIO READY B3 PORTABLE HARD DRIVE 4TB, BLACK",,HARDDISK EXTERNAL,TOSHIBA,YA,0
313,100422,HDD 3.5 WD 4TB SATA 7200Rpm PURPLE,,HARDDISK INTERNAL,WD (WESTERN DIGITAL),TIDAK,0
314,100786,HDD SEAGATE BARRACUDA 2TB,,HARDDISK INTERNAL,SEAGATE,YA,0
315,100787,HDD SEAGTAE SKYHAWK 2TB,100787,HARDDISK INTERNAL,SEAGATE,YA,0
316,100788,HDD SEAGATE SKYHAWK 1TB,100788,HARDDISK INTERNAL,SEAGATE,YA,0
317,100609,HDMI HDTV 10M BLUE BOX,100609,KABEL HDMI TO HDMI,,TIDAK,1
318,100610,HDMI HDTV 15M BLUE BOX,,,,YA,0
319,100607,HDMI HDTV 3M BLUE BOX,,,,YA,0
320,100608,HDMI HDTV 5M BLUE BOX,6997546447120,,,TIDAK,0
321,100379,HEADSET  PORTAL 7.1 HG28 GAMING -BLACK,6972661283754,HEADSET GAMING WIRED,FANTECH,TIDAK,0
322,100296,HEADSET COUGAR IMMERSA ESSENTIAL BLUE,4710483772313,HEADSET GAMING WIRED,COUGAR,YA,0
323,100221,HEADSET COUGAR VM410 KLASIK WIRED - BLACK,4710483772214,HEADSET GAMING WIRED,COUGAR,TIDAK,2
324,101087,HEADSET FANTECH 7.1 HQ53 GAMING - BLACK,101087,HEADSET GAMING WIRED,FANTECH,YA,0
325,100380,HEADSET FANTECH ALTO 7.1 HG26 GAMING -BLACK,100380,HEADSET GAMING WIRED,FANTECH,YA,0
326,100383,HEADSET FANTECH CHIEF II HG20 GAMING - PINK,100383,HEADSET GAMING WIRED,FANTECH,YA,0
327,100382,HEADSET FANTECH CHIEF II HG20 GAMING - WHITE,100382,HEADSET GAMING WIRED,FANTECH,YA,0
328,100381,HEADSET FANTECH CHIEF II HG20 GAMING -BLACK,100381,HEADSET GAMING WIRED,FANTECH,YA,0
329,100378,HEADSET FANTECH FLASH 7.1 HQ53 - BLACK,100378,HEADSET GAMING WIRED,FANTECH,YA,0
330,100384,HEADSET FANTECH GO VIBE WH05 DUAL CONNECTION - BEIGE,6972661287868,HEADSET OFFICE WIRELESS,FANTECH,TIDAK,4
331,100385,HEADSET FANTECH GO VIBE WH05 DUAL CONNECTION - BLACK,6972661287844,HEADSET OFFICE WIRELESS,FANTECH,TIDAK,3
332,100386,HEADSET FANTECH GO VIBE WH05 DUAL CONNECTION - BLUE,6972661287851,HEADSET OFFICE WIRELESS,FANTECH,TIDAK,1
333,100387,HEADSET FANTECH GO VIBE WH05 DUAL CONNECTION - PINK,6972661287875,HEADSET OFFICE WIRELESS,FANTECH,TIDAK,1
334,101088,HEADSET FANTECH FLASH HQ53 WIRED 3.5mm - WHITE,6977052251138,HEADSET GAMING WIRED,FANTECH,TIDAK,4
335,100306,HEADSET FANTECH WH05 WIRELESS - BLUE,,HEADSET OFFICE WIRELESS,FANTECH,YA,0
336,100307,HEADSET FANTECH WH05 WIRELESS - PINK,,HEADSET OFFICE WIRELESS,FANTECH,YA,0
337,100346,HEADSET FANTECH WH06 WIRELESS BEIGE,6972661287899,HEADSET OFFICE WIRELESS,FANTECH,YA,0
338,101214,HEADSET LOGITECH G335 7.1 LIGHTSPEED WIRED GAMING BLACK,101214,,LOGITECH,YA,0
339,101217,HEADSET LOGITECH G335 7.1 LIGHTSPEED WIRED GAMING MINT,101217,,LOGITECH,YA,0
340,101215,HEADSET LOGITECH G335 7.1 LIGHTSPEED WIRED GAMING WHITE,101215,,LOGITECH,YA,0
341,101218,HEADSET LOGITECH G435 LIGHTSPEED WIRELESS GAMING BLACK,101218,,LOGITECH,YA,0
342,101219,HEADSET LOGITECH G435 LIGHTSPEED WIRELESS GAMING WHITE,101219,,LOGITECH,YA,0
343,101221,HEADSET LOGITECH G535 LIGHTSPEED WIRELESS GAMING BLACK,101221,,LOGITECH,YA,0
344,101220,HEADSET LOGITECH G435 LIGHTSPEED WIRELESS - BLUE,097855168238,HEADSET GAMING WIRELESS,LOGITECH,TIDAK,1
345,101222,HEADSET LOGITECH GAMING PRO X 7.1,101222,,LOGITECH,YA,0
346,101557,HEADSET LOGITECH PRO X LIGHTSPEED BLACK,,,LOGITECH,YA,0
347,100122,HEADSET MSI IMMERSE GH20,,,MSI,YA,0
348,100397,HEADSET MSI MAESTRO 300,4711377238977,HEADSET GAMING WIRED,MSI,TIDAK,0
349,101180,HEADSET RAZER BARRACUDA X 2022,101180,,RAZER,YA,0
350,101181,HEADSET RAZER BLACKSHARK V2 X,101181,HEADSET GAMING WIRED,RAZER,YA,0
351,100818,HEADSET RAZER BLACKSHARK V2 X - GREEN,100818,,RAZER,YA,0
352,101182,HEADSET RAZER BLACKSHARK V2 X GREEN,101182,,RAZER,YA,0
353,101184,HEADSET RAZER KRAKEN V3 WIRED,101184,HEADSET GAMING WIRED,RAZER,TIDAK,0
354,101183,HEADSET RAZER KRAKEN V4 X - WIRED,101183,,RAZER,YA,0
355,100251,HEADSET REXUS BLUETOOTH HX28 DUAL MOD - BLACK,8994067426014,HEADSET GAMING WIRELESS,REXUS,YA,0
356,100252,HEADSET REXUS BLUETOOTH HX28 DUAL MOD - WHITE,8994067426021,HEADSET GAMING WIRELESS,REXUS,YA,0
357,100243,HEADSET REXUS BLUETOOTH RX-S6 PRO ANC - CREAM,8994067424133,HEADSET OFFICE WIRELESS,REXUS,YA,0
358,100244,HEADSET REXUS BLUETOOTH RX-S6 PRO ANC - WHITE,8994067424126,HEADSET OFFICE WIRELESS,REXUS,YA,0
359,100249,HEADSET REXUS GAMING HX12 USB RGB - BLACK,8994067741216,HEADSET GAMING WIRED,REXUS,YA,0
360,100250,HEADSET REXUS GAMING HX12 USB RGB - WHITE,8994067741223,HEADSET GAMING WIRED,REXUS,YA,0
361,100247,HEADSET REXUS HX9 RGB USB 7.1 - BLACK,100247,HEADSET GAMING WIRED,REXUS,YA,0
362,100248,HEADSET REXUS HX9 RGB USB 7.1 - WHITE,100248,HEADSET GAMING WIRED,REXUS,YA,0
363,100898,HEADSET REXUS THUNDERVOX STREAM HX20,6991006267013,HEADSET GAMING WIRED,REXUS,YA,0
364,100255,HEADSET REXUS WIRED RGB VONIX F80 - BLACK,100255,HEADSET GAMING WIRED,REXUS,YA,0
365,100256,HEADSET REXUS VONIX F80 2-CONNECTION - PINK,6991006281071,HEADSET GAMING WIRED,REXUS,TIDAK,1
366,100257,HEADSET REXUS WIRED RGB VONIX F80 - WHITE,6991006283020,HEADSET GAMING WIRED,REXUS,YA,0
367,100253,HEADSET REXUS VONIX F27 WIRED 3.5mm - BLUE,100253,HEADSET GAMING WIRED,REXUS,YA,0
368,100254,HEADSET REXUS VONIX F27 WIRED 3.5mm - RED,100254,HEADSET GAMING WIRED,REXUS,TIDAK,0
369,100258,HEADSET REXUS WIRELESS 3IN1 DAXA SEDNA SL1 - BLACK,100258,HEADSET GAMING WIRELESS,REXUS,YA,0
370,100259,HEADSET REXUS WIRELESS 3IN1 DAXA SEDNA SL1 - WHITE,100259,HEADSET GAMING WIRELESS,REXUS,YA,0
371,101525,HEADSET STAND LOGITECH,,,LOGITECH,TIDAK,0
372,100815,HOLDER VGA ALSEYE HERACLES - BLACK,4897059876429,VGACARD HOLDER,,YA,0
373,100816,HOLDER VGA ALSEYE HERACLES - WHITE,4897059876436,VGACARD HOLDER,,YA,0
374,101526,HOLDER VGA GALAX KFA2 DARK OBELISK ARGB SUPPORT STICK,,VGACARD HOLDER,GALAX,YA,0
375,100612,HP 14s-DQ5152TU i5-1235U 8GB 512GB 14″ FHD IPS Win 11 Home+OHS 2021- SILVER,198415402196,,HP,YA,0
376,100559,HP 14s-FQ1135AU AMD RYZEN 5-5500U 8GB 512GB 14″ FHD IPS Win 11 Home+OHS 2021 - SILVER,,LAPTOP,HP,TIDAK,0
377,100964,HUAWEI B530-936 BUNDLING ROUTER + SIMCARD + HUAWEI PRO H2 (B530-936),,,,YA,0
378,100073,HEADSET LOGITECH H111 STEREO - BLACK,097855112873,HEADSET OFFICE WIRED,LOGITECH,TIDAK,1
379,101030,IC MOBO KAKI 8,,,,YA,0
380,101023,INFOCUS PROJECTOR IN114AA,,PROJECTOR,INFOCUS,YA,0
381,100773,IPHONE 15 128GB BLACK GRS RESMI INDONESIA TAM,,HANDPHONE,APPLE,TIDAK,0
382,100772,IPHONE 15 PLUS 128GB BLUE GRS RESMI INDONESIA GDN,,HANDPHONE,APPLE,TIDAK,0
383,101325,ITEM LEBIH BAYAR,,UNCATEGORIZED,,TIDAK,0
384,100059,JACK DC CAMERA,,UNCATEGORIZED,,TIDAK,0
385,101048,JASA RAKIT PC,,UNCATEGORIZED,,TIDAK,0
386,100688,JASA SERVICE,,UNCATEGORIZED,,TIDAK,0
387,100127,KABEL BELDEN UTP CAT6 (7814A 008 GRY),,,,YA,0
388,100592,KABEL CHASSIS FAN 4 CABANG,,,,TIDAK,1
389,100054,KABEL FIBEROPTIK 2CORE 3SEILING,,,,YA,0
390,100943,KABEL LAN CAT6 UTP VENTION - 5M,,KABEL LAN CAT 6,VENTION,YA,0
391,100951,KABEL LAN VENTION CAT 5E BLUE - 10M,100951,KABEL LAN CAT 5,VENTION,YA,0
392,100952,KABEL LAN VENTION CAT 5E BLUE - 15M,6922794718852,KABEL LAN CAT 5,VENTION,YA,0
393,100949,KABEL LAN VENTION CAT 5E BLUE - 1M,6922794718784,KABEL LAN CAT 5,VENTION,TIDAK,0
394,100953,KABEL LAN VENTION CAT 5E BLUE - 20M,6922794718869,KABEL LAN CAT 5,VENTION,YA,0
395,100950,KABEL LAN VENTION CAT 5E BLUE - 3M,6922794718814,KABEL LAN CAT 5,VENTION,YA,0
396,100954,"KABEL LAN VENTION CAT 6 UTP BLACK - 1,5M",6922794712560,KABEL LAN CAT 6,VENTION,YA,0
397,100957,KABEL LAN VENTION CAT 6 UTP BLACK - 10M,6922794713109,KABEL LAN CAT 6,VENTION,YA,0
398,100955,KABEL LAN VENTION CAT 6 UTP BLACK - 3M,6922794712584,KABEL LAN CAT 6,VENTION,TIDAK,0
399,100956,KABEL LAN VENTION CAT 6 UTP BLACK - 5M,6922794712591,KABEL LAN CAT 6,VENTION,YA,0
400,100425,"KABEL POWER EUROPE 2,5M GREY",,,,YA,0
401,100459,KABEL POWER SATA KONV 4PM TO SATA,,,,TIDAK,0
402,100961,"KABEL PRINTER VENTION 2.0 BLACK PVC - 1,5M COQBG",6922794748569,KABEL PRINTER,VENTION,TIDAK,0
403,100962,KABEL PRINTER VENTION 2.0 BLACK PVC - 3M,6922794748583,KABEL PRINTER,VENTION,YA,0
404,101032,KABEL PRINTER VENTION 2.0 BLACK PVC - 5M,6922794748590,KABEL PRINTER,VENTION,YA,0
405,101517,KABEL SATA,101517,KABEL SATA,,TIDAK,92
406,100958,"KABEL VENTION DP TO DP 1.4 8K BLACK - 1,5M",6922794762060,KABEL DISPLAY PORT TO DISPLAY PORT,VENTION,YA,0
407,100959,KABEL VENTION DP TO DP 1.4 8K BLACK - 3M,6922794762084,KABEL DISPLAY PORT TO DISPLAY PORT,VENTION,YA,0
408,100960,KABEL VENTION DP TO DP 1.4 8K BLACK - 5M,6922794762091,KABEL DISPLAY PORT TO DISPLAY PORT,VENTION,YA,0
409,101034,KABEL VENTION USB 3.0 MALE TO C MALE BLACK 1.5M COZBG,6922794749375,KABEL DATA USB A TO C,VENTION,TIDAK,1
410,101031,"KABEL VENTION VGA GOLD PLATE 3+9 BLACK - 1,5M DADBG",6922794733039,KABEL VGA TO VGA,VENTION,YA,0
411,100945,KABEL VENTION VGA GOLD PLATE 3+9 BLACK - 3M DADBI,6922794733053,KABEL VGA TO VGA,VENTION,TIDAK,3
412,100946,KABEL VENTION VGA GOLD PLATE 3+9 BLACK - 5M DADBJ,6922794733060,KABEL VGA TO VGA,VENTION,TIDAK,1
413,100944,KABEL VGA VENTOIN GLOAD PLATE 3+9 BLACK - 1.5M,,KABEL VGA TO VGA,,YA,0
414,100806,KARTU TELKOMSEL,,UNCATEGORIZED,,TIDAK,0
415,100723,KERTAS SIDU A3 70Gsm,,,,TIDAK,0
416,100722,KERTAS SIDU A4 70Gsm,8991389291078,,,TIDAK,0
417,100222,KEYBOARD COUGAR  AURORA S MEMBRANE RGB,4715302441944,KEYBOARD GAMING WIRED,COUGAR,TIDAK,2
418,101240,KEYBOARD COUGAR 700K BLACK - RED SWITCH,4715302445362,KEYBOARD GAMING WIRED,COUGAR,TIDAK,0
419,100714,COUGAR SET COMBO COMBAT 2IN1 BLACK,4710483776588,GAMING COMBO WIRED,COUGAR,TIDAK,2
420,100293,KEYBOARD COUGAR MECHANICAL COMBAT RGB - BLACK,,GAMING COMBO WIRED,COUGAR,YA,0
421,101235,KEYBOARD COUGAR VANTAR MX BLACK - BLUE SWITCH,4715302442163,KEYBOARD GAMING WIRED,COUGAR,TIDAK,1
422,100295,KEYBOARD COUGAR VANTAR S BLACK - SCISSOR SWITCH,4710483773228,KEYBOARD GAMING WIRED,COUGAR,TIDAK,3
423,100294,KEYBOARD COUGAR VANTAR S WHITE - SCISSOR SWITCH,4710483775611,KEYBOARD GAMING WIRED,COUGAR,TIDAK,1
424,100332,KEYBOARD FANTECH ATOM PRO96 MK914 MERCURY BLACK - BLUE SWITCH,100332,KEYBOARD GAMING WIRELESS,FANTECH,TIDAK,1
425,100333,KEYBOARD FANTECH ATOM PRO96 MK914 MERCURY BLACK - RED SWITCH,100333,KEYBOARD GAMING WIRELESS,FANTECH,TIDAK,0
426,100334,KEYBOARD FANTECH ATOM PRO96 MK914 SATURN GREY - BLUE SWITCH,6972661285659,KEYBOARD GAMING WIRELESS,FANTECH,TIDAK,0
427,100335,KEYBOARD FANTECH ATOM PRO96 MK914 SATURN GREY - RED SWITCH,100335,KEYBOARD GAMING WIRELESS,FANTECH,TIDAK,2
428,101074,KEYBOARD FANTECH ATOM PRO63 MK912 MERCURY BLACK - RED SWITCH,101074,KEYBOARD GAMING WIRELESS,FANTECH,YA,0
429,100679,KEYBOARD FANTECH ATOM PRO63 MK912 MERCURY BLACK - BLUE SWITCH,6972661285550,KEYBOARD GAMING WIRELESS,FANTECH,TIDAK,0
430,101075,KEYBOARD FANTECH ATOM PRO63 MK912 SATURN GREY  - BLUE SWITCH,101075,KEYBOARD GAMING WIRELESS,FANTECH,YA,0
431,101076,KEYBOARD FANTECH ATOM PRO63 MK912 SATURN GREY - RED SWITCH,101076,KEYBOARD GAMING WIRELESS,FANTECH,YA,0
432,101077,KEYBOARD FANTECH ATOM PRO83 MK913 MERCURY BLACK - BLUE SWITCH,6972661285598,KEYBOARD GAMING WIRELESS,FANTECH,YA,0
433,101078,KEYBOARD FANTECH ATOM PRO83 MK913 MERCURY BLACK - RED SWITCH,6972661285581,KEYBOARD GAMING WIRELESS,FANTECH,YA,0
434,100868,KEYBOARD FANTECH ATOM PRO83 MK913 SATURN - RED SW,,KEYBOARD GAMING WIRELESS,FANTECH,TIDAK,0
435,101079,KEYBOARD FANTECH ATOM PRO83 MK913 SATURN GREY - RED SWITCH,6972661285604,KEYBOARD GAMING WIRELESS,FANTECH,TIDAK,0
436,100348,KEYBOARD FANTECH ATOM81 75% MECHANICAL NAVY BLUE - SW BLUE,6972661289909,KEYBOARD GAMING WIRELESS,FANTECH,YA,0
437,100349,KEYBOARD FANTECH ATOM81 75% MECHANICAL NAVY BLUE - SW RED,6972661289916,KEYBOARD GAMING WIRELESS,FANTECH,YA,0
438,100350,KEYBOARD FANTECH ATOM81 75% MECHANICAL SKY BLUE - SW BLUE,6972661289923,KEYBOARD GAMING WIRELESS,FANTECH,YA,0
439,100351,KEYBOARD FANTECH ATOM81 75% MECHANICAL SKY BLUE - SW RED,6972661289930,KEYBOARD GAMING WIRELESS,FANTECH,YA,0
440,100323,KEYBOARD FANTECH ATOM96 MK890V2 NAVY BLUE - BLUE SWITCH,6972661289985,KEYBOARD GAMING WIRED,FANTECH,TIDAK,0
441,100352,KEYBOARD FANTECH ATOM96 95% MECHANICAL NAVY BLUE - SW RED,6972661289992,KEYBOARD GAMING WIRED,FANTECH,YA,0
442,100305,KEYBOARD FANTECH ATOM96 95% MECHANICAL SKY BLUE - SW BLUE,6972661281033,KEYBOARD GAMING WIRED,FANTECH,YA,0
443,100389,KEYBOARD FANTECH ATOM96 MK890V2 SKY BLUE - RED SWITCH,100389,KEYBOARD GAMING WIRED,FANTECH,TIDAK,0
444,101060,KEYBOARD FANTECH GAMING WIRELESS MK-914 MERCURY BLACK BLUE SWITCH,6972661285635,KEYBOARD GAMING WIRELESS,FANTECH,YA,-1
445,101061,KEYBOARD FANTECH GAMING WIRELESS MK-914 MERCURY BLACK RED SWITCH,6972661285628,KEYBOARD GAMING WIRELESS,FANTECH,YA,-1
446,101062,KEYBOARD FANTECH GAMING WIRELESS MK-914 SATURN GREY BLUE SWITCH,101062,KEYBOARD GAMING WIRELESS,FANTECH,YA,0
447,101063,KEYBOARD FANTECH GAMING WIRELESS MK-914 SATURN GREY RED SWITCH,6972661285642,KEYBOARD GAMING WIRELESS,FANTECH,YA,0
448,100341,KEYBOARD FANTECH SHIKARI K515 BLACK - MEMBRANE SWITCH,6972661285666,KEYBOARD GAMING WIRED,FANTECH,TIDAK,1
449,100457,KEYBOARD GAMING DIGITAL ALLIANCE MECA AIR S DARKSYD ABYSS-BLUE SWITCH,MAS300131,KEYBOARD GAMING WIRELESS,DIGITAL ALLIANCE,YA,0
450,100686,KEYBOARD GAMING FANTECH K515 SHIKARI BLACK,,KEYBOARD GAMING WIRED,FANTECH,YA,0
451,101104,KEYBOARD GAMING FANTECH MK875 NAVY BLUE - BLUE SWITCH,,KEYBOARD GAMING WIRELESS,FANTECH,YA,0
452,100685,KEYBOARD FANTECH ATOM81 MK875V2 NAVY BLUE - RED SWITCH,,KEYBOARD GAMING WIRELESS,FANTECH,TIDAK,2
453,101070,KEYBOARD GAMING FANTECH MK875 V2 BLACK - RED SWITCH,,KEYBOARD GAMING WIRELESS,FANTECH,YA,0
454,101067,KEYBOARD FANTECH ATOM81 MK875V2 SKY BLUE - BLUE SWITCH,,KEYBOARD GAMING WIRELESS,FANTECH,TIDAK,0
455,101068,KEYBOARD GAMING FANTECH MK875 V2 SKY BLUE - RED SWITCH,,KEYBOARD GAMING WIRELESS,FANTECH,YA,0
456,101069,KEYBOARD FANTECH ATOM MK876V2 BLACK - BLUE SWITCH,101069,KEYBOARD GAMING WIRED,FANTECH,TIDAK,2
457,101072,KEYBOARD FANTECH ATOM MK876V2 BLACK - RED SWITCH,6972661280067,KEYBOARD GAMING WIRED,FANTECH,TIDAK,0
458,101073,KEYBOARD FANTECH ATOM MK876V2 GREY - BLUE SWITCH,6972661280128,KEYBOARD GAMING WIRED,FANTECH,TIDAK,0
459,101071,KEYBOARD FANTECH ATOM MK876V2 GREY - RED SWITCH,6972661280111,KEYBOARD GAMING WIRED,FANTECH,TIDAK,0
460,101199,KEYBOARD GAMING G512 CARBON RGB GX RED,101199,KEYBOARD GAMING WIRED,LOGITECH,YA,0
461,101198,KEYBOARD GAMING LOGITECH G512 CARBON RGB GX BROWN,101198,KEYBOARD GAMING WIRED,LOGITECH,YA,0
462,101197,KEYBOARD GAMING MECHANICAL LOGITECH G512 CARBON RGB CLICKY,101197,KEYBOARD GAMING WIRED,LOGITECH,YA,0
463,101035,KEYBOARD HP 14-BW BLACK,,SPAREPART LAPTOP,HP,YA,0
464,100767,KEYBOARD LENOVO IDEAPAD 110-141BR,,SPAREPART LAPTOP,LENOVO,YA,0
465,101256,KEYBOARD LENOVO IDEAPAD 320-14ISK WITH ON-OFF ORIGINAL,,SPAREPART LAPTOP,LENOVO,YA,0
466,101569,KEYBOARD LENOVO LEGION 5 5P-15IMH05H BACKLIT BLUE BACKLIT,,SPAREPART LAPTOP,LENOVO,YA,0
467,101203,KEYBOARD LOGITECH G PRO MECHANICAL GAMING CLICKY,097855151971,KEYBOARD GAMING WIRELESS,LOGITECH,TIDAK,0
468,101201,KEYBOARD LOGITECH G515 LIGHTSPEED TKL BLACK,01201,KEYBOARD GAMING WIRELESS,LOGITECH,YA,0
469,101202,KEYBOARD LOGITECH G515 LIGHTSPEED TKL WHITE,01202,KEYBOARD GAMING WIRELESS,LOGITECH,TIDAK,0
470,101207,KEYBOARD LOGITECH G713 GAMING TACTILE,101207,KEYBOARD GAMING WIRELESS,LOGITECH,YA,0
471,101208,KEYBOARD LOGITECH G713 LINEAR GAMING,097855171443,KEYBOARD GAMING WIRELESS,LOGITECH,TIDAK,0
472,101206,KEYBOARD LOGITECH G813 RGB MECHANICAL GAMING CLICKY,097855146564,KEYBOARD GAMING WIRED,LOGITECH,TIDAK,1
473,101209,KEYBOARD LOGITECH G915 X LIGHTSPEED TKL TACTILE BLACK,097855194817,KEYBOARD GAMING WIRELESS,LOGITECH,YA,0
474,101210,KEYBOARD LOGITECH G915 X LOW PROFILE WIRED GAMING TACTILE,097855197023,KEYBOARD GAMING WIRELESS,LOGITECH,TIDAK,1
475,101196,KEYBOARD LOGITECH GAMING G213 PRODIGY,101196,KEYBOARD GAMING WIRED,LOGITECH,YA,0
476,101200,KEYBOARD LOGITECH GAMING G515 WIRED TKL BLACK,097855196088,KEYBOARD GAMING WIRED,LOGITECH,TIDAK,0
477,101142,KEYBOARD LOGITECH K400 PLUS WIRELESS TOUCH KEYBOARD BLACK,097855115348,KEYBOARD OFFICE WIRED,LOGITECH,TIDAK,5
478,101143,KEYBOARD LOGITECH MK295 SILENT WIRELESS COMBO GRAPHITE,097855161000,OFFICE COMBO WIRELESS,LOGITECH,TIDAK,0
479,101204,KEYBOARD LOGITECH PRO X TKL LIGHTSPEED TACTILE BLACK,097855189073,KEYBOARD GAMING WIRELESS,LOGITECH,TIDAK,0
480,101205,KEYBOARD LOGITECH PRO X TKL LIGHTSPEED TACTILE WHITE,097855189004,KEYBOARD GAMING WIRELESS,LOGITECH,YA,0
481,100337,FANTECH SET COMBO WK894 2IN1 BLACK,6972661282023,OFFICE COMBO WIRELESS,FANTECH,TIDAK,0
482,100120,KEYBOARD MSI FORGE GK100 COMBO,4711377175968,KEYBOARD GAMING WIRED,MSI,TIDAK,0
483,101172,KEYBOARD RAZER BLACKWIDOW V3 TKL YELLOW SWITCH,101172,KEYBOARD GAMING WIRED,RAZER,TIDAK,0
484,101173,KEYBOARD RAZER BLACKWIDOW V4 X MECHANICAL GAMING YELLOW SWITCH,101173,KEYBOARD GAMING WIRED,RAZER,TIDAK,0
485,101174,KEYBOARD RAZER HUNTSMAN MINI PURPLE,101174,KEYBOARD GAMING WIRED,RAZER,YA,0
486,101175,KEYBOARD RAZER HUNTSMAN MINI RED,101175,KEYBOARD GAMING WIRED,RAZER,YA,0
487,101177,KEYBOARD RAZER HUNTSMAN V2 PURPLE,8886419347453,KEYBOARD GAMING WIRED,RAZER,YA,0
488,101176,KEYBOARD RAZER HUNTSMAN V2 RED,101176,KEYBOARD GAMING WIRED,RAZER,YA,0
489,101179,KEYBOARD RAZER ORNATA V3 TKL,8887910073032,KEYBOARD GAMING WIRED,RAZER,TIDAK,1
490,101178,KEYBOARD RAZER ORNATA V3 X,8886419348825,KEYBOARD GAMING WIRED,RAZER,YA,0
491,100269,KEYBOARD REXUS AYAKA SERIES TKL KG5 KONOTORI - BLUE,8994067421859,GAMING COMBO WIRED,REXUS,YA,0
492,100270,KEYBOARD REXUS AYAKA SERIES TKL KG5 KONOTORI - BROWN,100270,GAMING COMBO WIRED,REXUS,YA,0
493,100266,KEYBOARD REXUS BATTLEFIRE K65M - BLACK,100266,KEYBOARD GAMING WIRED,REXUS,YA,0
494,100267,KEYBOARD REXUS BATTLEFIRE K65M - WHITE,100267,KEYBOARD GAMING WIRED,REXUS,YA,0
495,100268,KEYBOARD REXUS BATTLEFIRE K98M - CREAM WHITE,6991003206183,KEYBOARD GAMING WIRED,REXUS,YA,0
496,100904,KEYBOARD REXUS HEROIC KX5 BLACK - BLUE SWITCH,6991003196682,KEYBOARD GAMING WIRED,REXUS,TIDAK,0
497,100905,KEYBOARD REXUS HEROIC KX5 GREY - BLUE SW,6991003199690,KEYBOARD GAMING WIRED,REXUS,YA,0
498,100906,KEYBOARD REXUS HEROIC KX5 GREY - BROWN SW,7994005800693,KEYBOARD GAMING WIRED,REXUS,YA,0
499,100912,REXUS SET COMBO KM9 2IN1 MINT,6992003180022,OFFICE COMBO WIRELESS,REXUS,TIDAK,1
500,100913,REXUS SET COMBO KM9 2IN1 PINK,100913,OFFICE COMBO WIRELESS,REXUS,TIDAK,1
501,100911,KEYBOARD REXUS KM9 WIRELESS COMBO - WHITE,8994067111392,OFFICE COMBO WIRELESS,REXUS,YA,0
502,100263,KEYBOARD REXUS HEROIC KX4 BLACK - BLUE SWITCH,6991003190680,KEYBOARD GAMING WIRED,REXUS,TIDAK,3
503,100264,KEYBOARD REXUS MECHANICAL KX4 BLACK - SW BRONZE,6991003191687,KEYBOARD GAMING WIRED,REXUS,YA,0
504,100907,KEYBOARD REXUS HEROIC KX4 GREY - BLUE SWITCH,6991003193698,KEYBOARD GAMING WIRED,REXUS,TIDAK,0
505,100265,KEYBOARD REXUS MECHANICAL KX4 GREY - SW BRONZE,6991003194695,KEYBOARD GAMING WIRED,REXUS,YA,0
506,100901,KEYBOARD REXUS MX5.2 TKL OCEAN BLUE - BLUE SW,100901,KEYBOARD GAMING WIRED,REXUS,YA,0
507,100903,KEYBOARD REXUS LEGIONARE MX5.2 TKL SMOKY BLUE - BLUE SW,6991003223715,KEYBOARD GAMING WIRED,REXUS,TIDAK,1
508,100902,KEYBOARD REXUS MX5.2 TKL SNOWY BLACK - BLUE SW,100902,KEYBOARD GAMING WIRED,REXUS,YA,0
509,100908,KEYBOARD REXUS RX-D87 WHITE - MONKA SW,100908,KEYBOARD GAMING WIRELESS,REXUS,YA,0
510,100914,REXUS SET COMBO RX-KM10 2IN1 LILY GREEN,6992003183092,OFFICE COMBO WIRELESS,REXUS,TIDAK,4
511,100915,REXUS SET COMBO RX-KM10 2IN1 STONE BLACK,6992003181012,OFFICE COMBO WIRELESS,REXUS,TIDAK,0
512,100916,REXUS SET COMBO RX-KM10 2IN1 TROPICAL BLUE,6992003182064,OFFICE COMBO WIRELESS,REXUS,TIDAK,3
513,100260,KEYBOARD REXUS MOSAIC KB01 - BLACK,6992002175012,KEYBOARD OFFICE WIRELESS,REXUS,TIDAK,1
514,100261,KEYBOARD REXUS WIRELESS 2.4G BLUETOOTH KB01 MOSAIC - WHITE,6992002176026,KEYBOARD OFFICE WIRELESS,REXUS,YA,0
515,100899,KEYBOARD REXUS WIRELESS 2.4G BLUETOOTH KB02 MOSAIC - BLACK,100899,KEYBOARD OFFICE WIRELESS,REXUS,YA,0
516,100900,KEYBOARD REXUS WIRELESS 2.4G BLUETOOTH KB02 MOSAIC - WHITE,100900,KEYBOARD OFFICE WIRELESS,REXUS,YA,0
517,100262,KEYBOARD REXUS WIRELESS 2.4G BLUETOOTH KL200 TOUCHPAD - BLACK,6992002235013,KEYBOARD OFFICE WIRELESS,REXUS,YA,0
518,100909,KEYBOARD REXUS WIRELESS KM8 COMBO - BLACK,100909,KEYBOARD OFFICE WIRELESS,REXUS,TIDAK,0
519,100910,KEYBOARD REXUS WIRELESS KM8 COMBO - WHITE,100910,KEYBOARD OFFICE WIRELESS,REXUS,TIDAK,0
520,100022,KIPAS ANGIN GANTUNG MiYAKO,,,,YA,0
521,100947,KONEKTOR VENTION RJ45 CAT5E - 50PCS,6922794744158,KEPALA RJ45,VENTION,TIDAK,0
522,100948,KONEKTOR VENTION RJ45 CAT6E FTP - 50PCS,100948,KEPALA RJ45,VENTION,TIDAK,2
523,101033,KONVERTER VENTION HDMI TO VGA BLACK - 0.15M ACPBB,6922794785960,KABEL HDMI TO VGA,VENTION,TIDAK,0
524,100963,KONVERTER VENTION HDMI TO VGA GRAY - 0.15M,6922794742154,KABEL HDMI TO VGA,VENTION,YA,0
525,101247,KURSI COUGAR ARMOR ELITE WHITE,,KURSI GAMING,COUGAR,YA,0
526,101246,KURSI COUGAR ARMOR ONE X,,KURSI GAMING,COUGAR,YA,0
527,101251,KURSI COUGAR FUSION S BLACK,,KURSI GAMING,COUGAR,YA,0
528,101228,KURSI COUGAR FUSION SF,,KURSI GAMING,COUGAR,YA,0
529,101242,KURSI COUGAR HOTROD ROYAL VCT,,KURSI GAMING,COUGAR,TIDAK,1
530,101241,KURSI COUGAR TERMINATOR ELITE GOLD,,KURSI GAMING,COUGAR,YA,0
531,100888,KURSI ERGONOMIC REXUS NC1 - BLACK,,KURSI OFFICE,REXUS,YA,0
532,101064,KURSI FANTECH A-258S BLACK,,KURSI OFFICE,FANTECH,YA,0
533,101066,KURSI FANTECH A-258S GREY,,KURSI OFFICE,FANTECH,YA,0
534,101065,KURSI FANTECH OFFICE CHAIR A-258S - WHITE,,KURSI OFFICE,FANTECH,TIDAK,2
535,101058,KURSI FANTECH OCA258 OFFICE - BLACK,,KURSI OFFICE,FANTECH,YA,0
536,100304,KURSI FANTECH OFFICE CHAIR A-258S - GREY,6972661286762,KURSI OFFICE,FANTECH,TIDAK,2
537,101059,KURSI FANTECH OCA258 OFFICE - WHITE,,KURSI OFFICE,FANTECH,YA,0
538,100301,KURSI FANTECH OCA259 PRO OFFICE CHAIR - BLACK,,KURSI OFFICE,FANTECH,YA,0
539,100303,KURSI FANTECH OCA259 PRO OFFICE CHAIR - GREY,,KURSI OFFICE,FANTECH,YA,0
540,100302,KURSI FANTECH OCA259 PRO OFFICE CHAIR - WHITE,,KURSI OFFICE,FANTECH,YA,0
541,100713,KURSI GAMING COUGAR FUSION S,4710483775161,KURSI GAMING,COUGAR,TIDAK,1
542,100886,KURSI GAMING REXUS RGC-100 ARMREST 2D - RED,,KURSI GAMING,REXUS,TIDAK,1
543,100887,KURSI GAMING REXUS RGC-100 ARMREST 2D - WHITE,,KURSI GAMING,REXUS,YA,0
544,100889,KURSI REXUS ERGONOMIC NC1 MAX FOOTREST - GREY,,KURSI OFFICE,REXUS,TIDAK,0
545,100234,KURSI REXUS ERGONOMIC NC2 - WHITE,6994003208027,KURSI OFFICE,REXUS,TIDAK,0
546,101126,KURSI REXUS GAMING RGC-100 WHITE,,KURSI GAMING,REXUS,YA,0
547,100891,KURSI REXUS GAMING RGC-211 BUTTERFLY - ASH GREY,,KURSI GAMING,REXUS,YA,0
548,100890,KURSI REXUS GAMING RGC-211 BUTTERFLY - JADE BLACK,,KURSI GAMING,REXUS,YA,0
549,101243,KURSI SOFA COUGAR RANGER ELITE GOLD,,KURSI GAMING,COUGAR,YA,0
550,100071,Keyboard Logitech K120 USB,100071,KEYBOARD OFFICE WIRED,LOGITECH,TIDAK,0
551,100069,Keyboard Logitech MK120 Combo for Business,100069,OFFICE COMBO WIRED,LOGITECH,YA,0
552,100070,Keyboard Logitech MK220 Wireless Desktop,100070,OFFICE COMBO WIRELESS,LOGITECH,TIDAK,0
553,100072,Keyboard Logitech MK270r Wireless Combo,100072,OFFICE COMBO WIRELESS,LOGITECH,YA,0
554,2510000025,LAMINATING A4,,UNCATEGORIZED,,TIDAK,0
555,100129,LAYAR PROYEKTOR ELECTRIC 150 4:3,,,,TIDAK,0
556,101054,LCD LAPTOP 15.6 SLIM FHD 40PIN 144HZ,,,,YA,0
557,101327,"LED LAPTOP 14"" SLIM 30PIN NO SCREW B140XTN07.3",,,,YA,0
558,101564,"LED LAPTOP 14""0 SLIM 30PIN NO SCREW NV140PHM-NB3 FULL HD",,,,YA,0
559,101010,"LED LAPTOP 14""0 SLIM 40PIN",,,,YA,0
560,101294,"LED LAPTOP 15""6 SLIM 4OPIN 165HZ FULL HD NOSCREW NV156FHM",,,,YA,0
561,100780,LED LAPTOP 15'6 SLIM 30PIN FULL HD NO SCEREW,,,,YA,0
562,100766,LED LAPTOP 15'6 SLIM 40PIN 144HZ FULL HD NO SCEREW B156HAN09.2,,,,YA,0
563,100721,LENOVO AIO IDEACENTRE 3 24 I3 1215 8GB 512GB W11+OHS 23.8FHD IPS BLK,KHID,,,YA,0
564,100132,LENOVO BACKPACK BP210 15.6 GRY 4X40T84058,,,,YA,0
565,101433,LENOVO IDEAPAD SLIM 1 14 ATHLON SILVER 7120 8GB 256GB W11+OHS 14.0 2Y PREM GRY -A6ID,,,,YA,0
566,100131,LENOVO IDEAPAD SLIM 1 14 N4020 141GL7 8GB 512GB W11+OHS 14.0 2Y PREM GRY -82V6008BID,197531193506,,,TIDAK,0
567,100123,LENOVO IDEAPAD SLIM 1 N4020 141GL7 8GB 256GB W11 14.0 1Y GREY - 82V6009PID,198154450205,LAPTOP,LENOVO,TIDAK,0
568,100449,LENOVO IDEAPAD SLIM 3 14 I3 1215 8GB 512GB W11+OHS 14.0FHD BLIT 2Y PREM ABYSS BLU 82RJ00D0ID,,,,YA,0
569,100013,LENOVO IDEAPAD SLIM 3 14 I3 1215 8GB 512GB W11+OHS 14.0FHD BLIT 2Y PREM GREY,,LAPTOP,LENOVO,TIDAK,0
570,100448,LENOVO IDEAPAD SLIM 3 14 I3 1215 8GB 512GB W11+OHS 14.0FHD PREM MISTY BLU -CXID,,,,YA,0
571,2507000130,NEW NB LENOVO LOQ 15IRX10 83JE0052ID INTEL I5-13450HX 12GB 512GB RTX5050 8GB 15.6″ FHD IPS WIN 11 HOME + OHM 2024 + M365 (LUNA GREY),198158399425,LAPTOP,LENOVO,TIDAK,1
572,100024,LENOVO OPTION LINE CORD OF DESKTOP/MONHS Code : 8473.30.90,,,,YA,0
573,100785,LENOVO THINKPAD E14 G5 I5 1335 8GB 512GB W11 14.0,,,,YA,0
574,101432,LENOVO V14 G3 I3 1215 4GB 256GB W11 14.0FHD 2Y  -MEID,,,,YA,0
575,101471,LIQUID COOLER DARKFLASH NEBULA DN240D BLACK,101471,,,YA,0
576,101472,LIQUID COOLER DARKFLASH NEBULA DN240D WHITE,,,,YA,0
577,101473,LIQUID COOLER DARKFLASH NEBULA DN360D BLACK,,,,YA,0
578,101474,LIQUID COOLER DARKFLASH NEBULA DN360D WHITE,,,,YA,0
579,100153,LIQUID COOLER COOLER MASTER MASTERLIQUID 240L ARGB - BLACK,,AIO LIQUID COOLER,COOLER MASTER,TIDAK,0
580,100152,LIQUID COOLER COOLER MASTER MASTERLIQUID 240L ARGB – WHITE,4719512137703,AIO LIQUID COOLER,COOLER MASTER,TIDAK,4
581,100154,LIQUID COOLERMASTER MASTERLIQUID ML360L ARGB BLACK,100154,,,YA,0
582,100155,LIQUID COOLERMASTER MASTERLIQUID ML360L ARGB WHITE,4719512137710,,,YA,0
583,101227,LIQUID COOLER COUGAR POSEIDON GT240 RGB - BLACK,4710483773600,AIO LIQUID COOLER,COUGAR,TIDAK,3
584,100292,LIQUID COOLER COUGAR POSEIDON GT360 RGB - BLACK,19BB10PGT360370,,COUGAR,YA,0
585,100289,LIQUID COOLER COUGAR POSEIDON ELITE T5 240 ARGB - BLACK,6974263741243,AIO LIQUID COOLER,COUGAR,TIDAK,1
586,100290,LIQUID COOLER COUGAR POSEIDON ELITE T5 240 ARGB - WHITE,100290,AIO LIQUID COOLER,COUGAR,TIDAK,2
587,100291,LIQUID COUGAR POSEIDON ELITE T5 360 ARGB - WHITE,6974263741212,,COUGAR,YA,0
588,100716,LIQUID COUGAR POSEIDON T5 240 ARGB – BLACK,100716,,COUGAR,YA,0
589,100715,LIQUID COUGAR POSEIDON T5 240 ARGB – WHITE,100715,,COUGAR,YA,0
590,101105,LIQUID DARKFLASH WAVE DV240S DISLAY  - BLACK,,AIO LIQUID COOLER,DARK FLASH,TIDAK,2
591,101106,LIQUID DARKFLASH WAVE DV240S DISLAY  - WHITE,,,,YA,0
592,101107,LIQUID DARKFLASH WAVE DV360S DISLAY - BLACK,,,,YA,0
593,101108,LIQUID DARKFLASH WAVE DV360S DISLAY - WHITE,,,,YA,0
594,101549,LIQUID DIGITAL ALLIANCE KS240 KAZE WATER COOLING AIO 240 ARGB BLACK DIGITAL,,,DIGITAL ALLIANCE,YA,0
595,101550,LIQUID COOLER DIGITAL ALLIANCE KAZE KS240 ARGB - DIGITAL - WHITE,89920241022DA,AIO LIQUID COOLER,DIGITAL ALLIANCE,YA,0
596,100793,LIQUID MSI CORELIQUID E360 WHITE,,,MSI,YA,0
597,100119,LIQUID MSI MAG CORELIQUID E360 MONSTER HUNTER BLACK,,,MSI,YA,0
598,100117,LIQUID COOLER MSI MAG CORELIQUID M240 RGB - BLACK,4711377027922,AIO LIQUID COOLER,MSI,TIDAK,1
599,100118,LIQUID COOLER MSI MAG CORELIQUID M360 RGB - BLACK,4711377027939,AIO LIQUID COOLER,MSI,TIDAK,2
600,101454,LIQUID PC COOLER CPE R400 ARGB BLACK,6940526113522,,,YA,0
601,101455,LIQUID PC COOLER CPE R400 ARGB WHITE,6940526113539,,,YA,0
602,101452,LIQUID PC COOLER CPE R400 BLACK,,,,YA,0
603,101453,LIQUID PC COOLER CPE R400 WHITE,,,,YA,0
604,101457,LIQUID PC COOLER DC360 PRO ARGB DISPLAY BLACK,,,,YA,0
605,101458,LIQUID PC COOLER DC360 PRO ARGB DISPLAY WHITE,,,,YA,0
606,100855,LIQUID PCCOOLER DA360 PRO DIGITAL ARGB - BLACK,6940526113973,,,YA,0
607,100856,LIQUID PCCOOLER GI-DA240 ARGB - BLACK,6940526114062,AIO LIQUID COOLER,PC COOLER,TIDAK,0
608,100857,LIQUID PCCOOLER GI-DA240 ARGB - WHITE,6940526114079,AIO LIQUID COOLER,PC COOLER,TIDAK,1
609,101212,LOGITECH DRIVING FORCE SHIFTER,,,LOGITECH,YA,0
610,101213,LOGITECH G923 STEERING WHEEL,,,LOGITECH,YA,0
611,101144,LOGITECH R400 PRESENTER,097855063458,POINTER,LOGITECH,TIDAK,0
612,100770,MACBOOK AIR I3 M1 7C GPU 8GB 256GB 8C CPU 13.3 SPACE GREY - MGN63ID,194252056127,,,YA,0
613,100771,MACBOOK AIR I3 M2 8C GPU 8GB 256GB 8C CPU OS X 13.6 SPACE GREY - MLXW3ID,,,,YA,0
614,100937,MACBOOK AIR I3 M2 8C GPU 8GB 256GB 8C GPU IS X 13.6 STARLIGHT GOLD MLY13ID,194253082224,,,YA,0
615,100936,MACBOOK AIR I3 M3 8C GPU 8GB 256GB 13.0 STARLIGHT-MRXT3ID,195949125997,,,YA,0
616,100426,MACBOOK PRO 14 M3-10 CORE 512GB SGRY,,LAPTOP,APPLE,TIDAK,0
617,101451,MB ASROCK B550M PRO SE WHITE,101451,,,YA,0
618,101450,MB ASROCK B550M WIFI SE,4710483943706,,,YA,0
619,101342,MOTHERBOARD ASROCK B650M PRO RS AM5 DDR5 - mATX,101342,MOBO AM5 - DDR5,ASROCK,YA,0
620,101341,MB ASROCK B650M PRO RS WIFI,,,,YA,0
621,101340,MOTHERBOARD ASROCK B760M PRO RS LGA1700 DDR5 - mATX,4710483942723,MOBO LGA1700 - DDR5,ASROCK,TIDAK,1
622,101343,MOTHERBOARD ASROCK B760M PRO RS WIFI WHITE LGA1700 DDR5 - mATX,,MOBO LGA1700 - DDR5,ASROCK,YA,0
623,101449,MB ASROCK B760M STEEL LEGEND WIFI,101449,,,YA,0
624,101448,MB ASROCK B760m STEEL LEGEND,,,,YA,0
625,101547,MOTHERBOARD ASROCK B860M PRO RS WIFI LGA1851 DDR5 - mATX,,MOBO LGA1851 - DDR5,ASROCK,YA,0
626,101353,MOTHERBOARD ASROCK PHANTOM GAMING X870E NOVA WIFI AM5 DDR5 - ATX,,MOBO AM5 - DDR5,ASROCK,YA,0
627,101360,MOTHERBOARD ASROCK X670E PG LIGHTNING AM5 DDR5 - ATX,,MOBO AM5 - DDR5,ASROCK,YA,0
628,101339,MB ASROCK Z790 PRO RS,4710483940767,,,YA,0
629,101338,MOTHERBOARD ASROCK Z890 PRO-A LGA1851 DDR5 - ATX,4710483947537,MOBO LGA1851 - DDR5,ASROCK,TIDAK,1
630,101535,MOTHERBOARD ASUS PRIME B650M-A WIFI II AM5 DDR5 - mATX,,MOBO AM5 - DDR5,ASUS,TIDAK,0
631,101380,MOTHERBOARD ASUS PRIME B860M-K-CSM LGA1851 DDR5 - mATX,,MOBO LGA1851 - DDR5,ASUS,YA,0
632,101047,MB ASUS ROG STRIX B650E-I GAMING WIFI AM5 DDR5 - ITX,,MOBO AM5 - DDR5,ASUS,TIDAK,1
633,101378,MB ASUS ROG STRIX B760-A GAMING WIFI,,,,YA,0
634,101529,MOTHERBOARD ASUS ROG STRIX B760-I GAMING WIFI LGA1700 DDR5 - ITX,4711081997665,MOBO LGA1700 - DDR5,ASUS,TIDAK,2
635,101536,MOTHERBOARD ASUS ROG STRIX B850-F GAMING WIFI AM5 DDR5 - ATX,,MOBO AM5 - DDR5,ASUS,TIDAK,0
636,101419,MOTHERBOARD ASUS TUF GAMING B760M-PLUS WIFI II LGA1700 DDR5 - mATX,4711387461372,MOBO LGA1700 - DDR5,ASUS,YA,0
637,100745,MOTHERBOARD DIGITAL ALLIANCE H510M LGA1200 DDR4 - mATX,100745,MOBO LGA1200 - DDR4,DIGITAL ALLIANCE,YA,0
638,100746,MOTHERBOARD DIGITAL ALLIANCE H610M LGA1700 DDR4 - mATX,100746,MOBO LGA1700 - DDR4,DIGITAL ALLIANCE,TIDAK,2
639,101323,MOTHERBOARD GIGABYTE Z790 S WIFI LGA1700 DDR4 - ATX,4719331862046,MOBO LGA1700 - DDR4,GIGABYTE,TIDAK,0
640,101322,MOTHERBOARD GIGABYTE Z890M GAMING X LGA1851 DDR5 - mATX,4719331865160,MOBO LGA1851 - DDR5,GIGABYTE,TIDAK,4
641,100801,MOTHERBOARD MSI B650M PROJECT ZERO AM5 DDR5 - mATX,100801,MOBO AM5 - DDR5,MSI,TIDAK,0
642,100860,MOTHERBOARD MSI B760 GAMING PLUS WIFI LGA1700 DDR5 - ATX,100860,MOBO LGA1700 - DDR5,MSI,TIDAK,0
643,100841,MB MSI B760M GAMING PLUS WIFI LGA 1700 DDR5,4711377154017,,MSI,YA,0
644,101406,MOTHERBOARD MSI B760M PROJECT ZERO LGA1700 DDR5 - mATX,,MOBO LGA1700 - DDR5,MSI,TIDAK,0
645,101556,MB MSI B850 GAMING PLUSE WIFI DDR5 AM5/AMD,,,MSI,YA,0
646,101381,MOTHERBOARD MSI B860M GAMING PLUS WIFI LGA1851 DDR5 - mATX,,MOBO LGA1851 - DDR5,MSI,TIDAK,0
647,101379,MOTHERBOARD MSI MAG B760M MORTAR WIFI II LGA1700 DDR5 - mATX,,MOBO LGA1700 - DDR5,MSI,TIDAK,0
648,101377,MOTHERBOARD MSI MAG B760M MORTAR II LGA1700 DDR5 - mATX,,MOBO LGA1700 - DDR5,MSI,TIDAK,0
649,100011,MEDIA DNP RX-1 4x6 (HS CODE : 4811.90.99),,,,YA,0
650,101244,MEJA COUGAR E-GRAV 180,,MEJA GAMING,COUGAR,YA,0
651,100299,MEJA FANTECH WS311 ADJUSTABLE RISING DESK - BLACK,100299,MEJA GAMING,FANTECH,YA,0
652,100300,MEJA FANTECH WS311 ADJUSTABLE RISING DESK - WHITE,100300,MEJA GAMING,FANTECH,YA,0
653,100892,MEJA REXUS ELECTRIC RISE RXD-146,,MEJA GAMING,REXUS,TIDAK,0
654,101125,MEJA REXUS GAMING DIRA V.2 WHITE,,MEJA GAMING,REXUS,YA,0
655,100893,MEJA REXUS STRONGHOLD V.2  RXD-230 - BLACK,,MEJA GAMING,REXUS,YA,0
656,100046,MESIN INKJET PRINTER DE100 XD,,PRINTER,FUJIFILM,YA,0
657,2510000026,MESIN LAMINATING,,UNCATEGORIZED,,TIDAK,0
658,101572,MICRO SD SANDISK ULTRA SDHC 16GB,,MICRO SD,SANDISK,TIDAK,12
659,100320,MICROPHONE FANTECH LAVALIER MV01 3.5mm PLUG - BLACK,6972661286366,MICROPHONE,FANTECH,YA,0
660,101185,MICROPHONE RAZER SEIREN MINI QUARTZ,8886419377122,,RAZER,YA,0
661,101539,MICROSOFT WINDOWS 11 PRO,101539,LISENCE OFFICE & WINDOWS,MICROSOFT,YA,0
662,101260,MODEM MIFI H1 (E5576-325) BLACK + KPK MIFI,,MODEM,TELKOMSEL,TIDAK,6
663,100748,MODEM MIFI HKM M21 XL GO 25GB INTERNATIONAL,354144810702801,,,YA,0
664,100207,MONITOR 27inch ASUS TUF VG27AQ3A QHD 180Hz,4711387079683,"MONITOR 27""",ASUS,YA,0
665,100427,MONITOR ACER 23.8 INCH K243Y E 100HZ,4711121615832,"MONITOR 24""",ACER,YA,0
666,100342,"MONITOR AOC 24"" FLAT IPS FHD 100HZ",,"MONITOR 24""",AOC,YA,0
667,100859,MONITOR ASUS VG259Q3A,,"MONITOR 25""",ASUS,YA,0
668,100858,MONITOR ASUS XG27WCS,4711387400272,"MONITOR 27""",ASUS,YA,0
669,101315,MONITOR DELL LED SE2222H 21.5 INCH,,"MONITOR 22""",DELL,YA,0
670,101288,"MONITOR LED LENOVO L22E-40 21,5 INCH WHITE",,"MONITOR 22""",LENOVO,YA,0
671,100853,MONITOR THINKVISION M14T 14″ PORTABLE IPS FHD 60Hz,,"MONITOR PORTABLE 14""",LENOVO,TIDAK,0
672,100852,MONITOR THINKVISION M15 15.6″ PORTABLE IPS FHD 60Hz,195713404297,"MONITOR PORTABLE 15.6""",LENOVO,TIDAK,3
673,100015,MONITOR LENOVO ThinkVision T24t-20 23.8 inch Monitor ( Touch screen ),,"MONITOR 24""",LENOVO,YA,0
674,100590,MONITOR LG 24MS500-B 24″ FLAT IPS FHD (1920×1080) 100Hz,8806096173565,"MONITOR 24""",LG,TIDAK,0
675,101548,MONITOR LG 25MS500-B 25″ FLAT IPS FHD 100Hz,8806084532640,"MONITOR 25""",LG,TIDAK,6
676,100588,MONITOR LG 19M38H-B 19″ FLAT TN HD (1366×768) 60Hz,8806087847727,"MONITOR 19""",LG,TIDAK,0
677,100589,MONITOR LG LED 22MR410,8806084651464,"MONITOR 22""",LG,YA,0
678,100465,MONITOR LG ULTRAGEAR 24GN65R-B 24″ FLAT IPS FHD 144Hz,8806091952837,"MONITOR 24""",LG,TIDAK,2
679,101313,MONITOR LG LED 24GS50F-B,,"MONITOR 24""",LG,YA,0
680,100466,MONITOR LG LED 24GS60F-B,8806096093399,"MONITOR 24""",LG,YA,0
681,100469,MONITOR LG 24MR400-B 24″ FLAT IPS FHD 100Hz,8806084652362,"MONITOR 24""",LG,TIDAK,0
682,101314,MONITOR LG LED 27GQ50F-B,,"MONITOR 27""",LG,YA,0
683,100467,MONITOR LG LED 27GS60F-B,8806096093412,"MONITOR 27""",LG,YA,0
684,100468,MONITOR LG LED 27MR400,8806084650870,"MONITOR 27""",LG,YA,0
685,101553,MONITOR MSI MAG 275QF 27″ FLAT IPS WQHD 180HZ,,"MONITOR 27""",MSI,YA,0
686,101555,MONITOR MSI MAG 32CQ6F 32″ CURVED VA WQHD 180HZ,4711377195430,"MONITOR 32""",MSI,YA,0
687,101296,MONITOR MSI G244F E2 FHD Rapid IPS 180Hz,,"MONITOR 24""",MSI,YA,0
688,101295,MONITOR MSI G273CQ 27INCH QHD CURVED,,"MONITOR 27""",MSI,YA,0
689,100116,MONITOR MSI G27CQ4 E2 CURVE WQHD 170Hz,,"MONITOR 27""",MSI,YA,0
690,100115,MONITOR MSI MAG 274QRF QD E2 RAPIT IPS WQHD 180HZ,,"MONITOR 27""",MSI,YA,0
691,101297,MONITOR MSI MAG 276CXF 280Hz Rapid VA FHD,,"MONITOR 27""",MSI,YA,0
692,100114,MONITOR MSI MAG 256F 24.5″ FLAT IPS FHD 180Hz,4711377151726,"MONITOR 25""",MSI,TIDAK,1
693,100113,MONITOR MSI MAG32C6X CURVE VA FHD 250HZ,,"MONITOR 32""",MSI,YA,0
694,101554,MONITOR MSI MP161 E2,,"MONITOR PORTABLE 15.6""",MSI,YA,0
695,101153,MONITOR MSI PRO MP223 E2 100Mhz FHD VA,,"MONITOR 22""",MSI,YA,0
696,101156,MONITOR MSI PRO MP245V 100Mhz VA FHD,,"MONITOR 24""",MSI,YA,0
697,100396,MONITOR MSI PRO MP252,4711377176637,"MONITOR 25""",MSI,YA,0
698,100587,MONITOR SAMSUNG ESSENTIAL SA33 19 HD FLAT,8806090969409,"MONITOR 19""",SAMSUNG,TIDAK,0
699,100414,MONITOR SAMSUNG ODYSSEY G3 24INCH FHD VA 180HZ - G30D S24DG302EE,100414,"MONITOR 24""",SAMSUNG,TIDAK,0
700,100415,MONITOR SAMSUNG ODYSSEY G3 27INCH FHD VA 180HZ - G30D S27DG302EE,100415,"MONITOR 27""",SAMSUNG,YA,0
701,100416,MONITOR SAMSUNG ODYSSEY G4 25INCH IPS FHD 240Hz S25BG400,100416,"MONITOR 25""",SAMSUNG,TIDAK,1
702,100418,MONITOR SAMSUNG ODYSSEY G5 27INCH CURVED QHD VA 165HZ S27CG552EE,8806095452838,"MONITOR 27""",SAMSUNG,TIDAK,0
703,100420,MONITOR SAMSUNG ODYSSEY G5 27INCH FLAT IPS QHD 165HZ S27DG502EE,8806095417622,"MONITOR 27""",SAMSUNG,TIDAK,0
704,100421,MONITOR SAMSUNG ODYSSEY G5 32INCH FLAT IPS QHD 180HZ - G50D S32DG502EE,,"MONITOR 32""",SAMSUNG,TIDAK,0
705,100419,MONITOR SAMSUNG ODYSSEY G5 32INCH QHD VA 165HZ S32CG552EE,100419,"MONITOR 32""",SAMSUNG,TIDAK,0
706,100417,MONITOR SAMSUNG ODYSSEY G5 34INCH ULTRAWIDE VA 165HZ C34G55TWWE,8806092067370,"MONITOR 34""",SAMSUNG,TIDAK,0
707,100412,"MONITOR SAMSUNG S24C330GAE 24"" IPS 1080p FHD 100Hz - S33GC",8806095106434,"MONITOR 24""",SAMSUNG,TIDAK,0
708,100413,"MONITOR SAMSUNG S27C330GAE 27"" IPS 1080p FHD 100Hz - S33GC",8806095106465,"MONITOR 27""",SAMSUNG,YA,0
709,100246,MONITOR STAND REXUS RGB TRANT FP03 USB HUB 3.0 - WHITE,100246,MONITOR STAND,REXUS,YA,0
710,100245,MONITOR STAND REXUS RGB TRANT FP03 USB HUB 3.0 -BLACK,100245,MONITOR STAND,REXUS,YA,0
711,100671,MONITOR X-EYE 22 (MONITOR LED 22'),,"MONITOR 22""",XYZ,YA,0
712,100670,"MONITOR X-EYE19 (MONITOR LED 19"")",,"MONITOR 19""",XYZ,YA,0
713,101151,MONITOR XIAOMI G241,,"MONITOR 24""",XYZ,YA,0
714,101231,MOTHEBOARD SERVER HOSE X99 LGA 2011 DDR4,,,,YA,0
715,100145,MOTHERBOAD GIGABYTE A520M K V2 AM4 DDR4 - mATX,4719331852771,MOBO AM4 - DDR4,GIGABYTE,TIDAK,0
716,100032,MOTHERBOARD  ASROCK B450M STEEL LEGEND,100032,MOBO AM4 - DDR4,ASROCK,YA,0
717,100627,MOTHERBOARD ASUS H610M-K ARGB LGA 1700 D5,,MOBO LGA1700 - DDR5,ASUS,YA,0
718,100979,MOTHERBOARD ASUS PRIME A520M-K AM4 DDR4 - mATX,4718017826921,MOBO AM4 - DDR4,ASUS,TIDAK,0
719,100980,MOTHERBOARD ASUS PRIME A620M-A AM5 DDR5 - mATX,4711387176382,MOBO AM5 - DDR5,ASUS,TIDAK,0
720,100982,MOTHERBOARD ASUS PRIME B550M-K AM4,100982,MOBO AM4 - DDR4,ASUS,YA,0
721,101015,MOTHERBOARD ASUS PRIME B760M-A WIFI D4,4711081982678,MOBO LGA1700 - DDR4,ASUS,YA,0
722,100202,MOTHERBOARD ASUS PRIME H510M-F R3.0 LGA1200 D4,4711387583005,MOBO LGA1200 - DDR4,ASUS,YA,0
723,100203,MOTHERBOARD ASUS PRIME H610M-K D4-CSM LGA1700 DDR4 - mATX,100203,MOBO LGA1700 - DDR4,ASUS,TIDAK,0
724,100983,MOTHERBOARD ASUS TUF B550M-E WIFI AM4,,MOBO AM4 - DDR4,ASUS,YA,0
725,100981,MOTHERBOARD ASUS TUF B550M-PLUS WIFI II AM4 DDR4 - mATX,4711081305705,MOBO AM4 - DDR4,ASUS,TIDAK,0
726,101014,MOTHERBOARD ASUS TUF GAMING B650M-E WIFI,4711387222058,MOBO AM5 - DDR5,ASUS,YA,0
727,100977,MOTHERBOARD ASUS TUF GAMING B760M-E D4 LGA1700 DDR4 - mATX,4711387131411,MOBO LGA1700 - DDR4,ASUS,YA,0
728,100182,MOTHERBOARD DIGITAL ALLIANCE H110 LGA1151 DDR4 - mATX,100182,MOBO LGA1151 - DDR4,DIGITAL ALLIANCE,TIDAK,0
729,100183,MOTHERBOARD DIGITAL ALLIANCE H81 LGA1150 DDR3 - mATX,100183,MOBO LGA1150 - DDR3,DIGITAL ALLIANCE,TIDAK,0
730,100142,MOTHERBOARD GIGABYTE B760M DS3H LGA1700 DDR5 - mATX,4719331851736,MOBO LGA1700 - DDR5,GIGABYTE,TIDAK,0
731,100036,MOTHERBOARD GIGABYTE  B760M H DDR4 LGA1700,,MOBO LGA1700 - DDR4,GIGABYTE,YA,0
732,100141,MOTHERBOARD GIGABYTE  H510M-K V2 LGA1200 DDR4 - mATX,4719331855253,MOBO LGA1200 - DDR4,GIGABYTE,TIDAK,0
733,101287,MOTHERBOARD GIGABYTE A620M GAMING X AM5 DDR5 - mATX,4719331854096,MOBO AM5 - DDR5,GIGABYTE,TIDAK,0
734,100143,MOTHERBOARD GIGABYTE B450M DS3H V2  AM4 D4,4719331810719,MOBO AM4 - DDR4,GIGABYTE,YA,0
735,100144,MOTHERBOARD GIGABYTE B550M DS3H AM4 D4,4719331809416,MOBO AM4 - DDR4,GIGABYTE,YA,0
736,100146,MOTHERBOARD GIGABYTE B760M AORUS ELITE LGA1700 DDR5 - mATX,4719331851248,MOBO LGA1700 - DDR5,GIGABYTE,TIDAK,2
737,100825,MOTHERBOARD GIGABYTE B760M GAMING WIFI PLUS LGA1700,4719331861216,MOBO LGA1700 - DDR5,GIGABYTE,YA,0
738,100147,MOTHERBOARD GIGABYTE H610M-K LGA1700 DDR4,4719331851675,MOBO LGA1700 - DDR4,GIGABYTE,YA,0
739,100976,MOTHERBOARD MSI A520M PRO AM4 DDR4 - mATX,100976,MOBO AM4 - DDR4,MSI,TIDAK,0
740,101109,MOTHERBOARD MSI B450M-A PRO MAX II AM4 DDR4 - mATX,4711377125291,MOBO AM4 - DDR4,MSI,TIDAK,0
741,100971,MOTHERBOARD MSI B650M GAMING PLUS WIFI AM5,100971,MOBO AM5 - DDR5,MSI,YA,0
742,100978,MOTHERBOARD MSI B650M-P AM5,4711377100953,MOBO AM5 - DDR5,MSI,YA,0
743,100984,MOTHERBOARD MSI PRO H610M-E LGA1700 DDR5 - mATX,100984,MOBO LGA1700 - DDR5,MSI,TIDAK,0
744,100970,MOTHERBOARD MSI PRO A620M-E AM5 DDR5 - mATX,4711377093804,MOBO AM5 - DDR5,MSI,TIDAK,0
745,100641,MOTHERBOARD MSI PRO B760-P II LGA1700 DDR5 - ATX,4711377193887,MOBO LGA1700 - DDR5,MSI,TIDAK,2
746,100394,MOTHERBOARD MSI PRO B760M-A WIFI LGA1700 DDR4 - mATX,100394,MOBO LGA1700 - DDR4,MSI,TIDAK,0
747,100393,MOTHERBOARD MSI PRO B760M-E LGA1700 DDR4 - mATX,4711377026987,MOBO LGA1700 - DDR4,MSI,TIDAK,0
748,100640,MOTHERBOARD MSI PRO B760M-P DDR4,100640,MOBO LGA1700 - DDR4,MSI,YA,0
749,100093,MOTHERBOARD MSI PRO B760M-P LGA1700 DDR5 - mATX,100093,MOBO LGA1700 - DDR5,MSI,TIDAK,0
750,100091,MOTHERBOARD MSI PRO H510M-B LGA1200 DDR4 - mATX,4711377078870,MOBO LGA1200 - DDR4,MSI,TIDAK,0
751,100092,MOTHERBOARD MSI PRO H610M-E LGA1700 DDR4 - mATX,100092,MOBO LGA1700 - DDR4,MSI,TIDAK,0
752,101012,MOTHERBOARD ROG STRIX B550-F GAMING WIFI AM4 DDR4 - ATX,4711081453321,MOBO AM4 - DDR4,ASUS,TIDAK,0
753,100223,MOUSE COUGAR MINOS XC COMBO 4000DPI - BLACK,4715302442897,MOUSE GAMING WIRED,COUGAR,TIDAK,2
754,100288,MOUSE COUGAR MINOS XT 4000DPI - PINK,4710483770029,MOUSE GAMING WIRED,COUGAR,TIDAK,3
755,100717,MOUSE COUGAR MINOS XT 4000DPI – BLACK,4715302442095,MOUSE GAMING WIRED,COUGAR,TIDAK,6
756,100366,MOUSE FANTECH BLAKE S WGC5S GAMING -BLACK,6972661284980,MOUSE GAMING WIRELESS,FANTECH,YA,0
757,100367,MOUSE FANTECH BLAKE S WGC5S GAMING -WHITE,6972661280562,MOUSE GAMING WIRELESS,FANTECH,YA,0
758,100365,MOUSE FANTECH CRYPTO WGC3 GAMING -WHITE,100365,MOUSE GAMING WIRELESS,FANTECH,YA,0
759,100680,MOUSE FANTECH CRYPTO WGC3 GAMING MOUSE BLACK,,MOUSE GAMING WIRELESS,FANTECH,YA,0
760,100327,MOUSE FANTECH GAMING G10 - BLACK,6972661281149,MOUSE GAMING WIRED,FANTECH,YA,0
761,101089,MOUSE FANTECH GO W192 1600DPI - BLACK,101089,MOUSE OFFICE WIRELESS,FANTECH,YA,0
762,101090,MOUSE FANTECH GO W192 1600DPI - WHITE,6972661281859,MOUSE OFFICE WIRELESS,FANTECH,TIDAK,1
763,100372,MOUSE FANTECH GO W193 1600DPI - BEIGE,6972661285369,MOUSE OFFICE WIRELESS,FANTECH,YA,0
764,100373,MOUSE FANTECH GO W193 1600DPI - BLUE,6972661285352,MOUSE OFFICE WIRELESS,FANTECH,YA,0
765,100374,MOUSE FANTECH GO W193 OFFICE - PINK,6972661285345,MOUSE OFFICE WIRELESS,FANTECH,YA,0
766,101091,MOUSE FANTECH GO WIRELESS W605 - PINK,6972661285949,MOUSE OFFICE WIRELESS,FANTECH,YA,0
767,100647,MOUSE FANTECH GO W605 1600DPI - BEIGE,100647,MOUSE OFFICE WIRELESS,FANTECH,YA,0
768,100646,MOUSE FANTECH GO WIRELESS W608 BLUE,6972661289381,MOUSE OFFICE WIRELESS,FANTECH,TIDAK,0
769,100353,MOUSE FANTECH HELIOS II PRO XD3V3 1K 26.000DPI - BLACK,6972661285673,MOUSE GAMING WIRELESS,FANTECH,TIDAK,1
770,101080,MOUSE FANTECH HELIOS II PRO XD3V3 4K GAMING - BLACK,6972661280371,MOUSE GAMING WIRELESS,FANTECH,TIDAK,0
771,101081,MOUSE FANTECH HELIOS II PRO XD3V3 4K GAMING - WHITE,101081,MOUSE GAMING WIRELESS,FANTECH,YA,0
772,100338,MOUSE FANTECH KANATA VX9 S 7200DPI - BLACK,6972661289763,MOUSE GAMING WIRED,FANTECH,TIDAK,1
773,100339,MOUSE FANTECH KANATA VX9 S 7200DPI - PINK,6972661289787,MOUSE GAMING WIRED,FANTECH,YA,0
774,100340,MOUSE FANTECH KANATA S VX9S GAMING - WHITE,6972661289770,MOUSE GAMING WIRED,FANTECH,YA,0
775,100336,MOUSE FANTECH KANATA VX9 3600DPI - BLACK,6972661289756,MOUSE GAMING WIRED,FANTECH,TIDAK,13
776,101101,MOUSE FANTECH KANATA WG9 GAMING - BLACK,6972661280708,MOUSE GAMING WIRELESS,FANTECH,YA,0
777,101098,MOUSE FANTECH KANATA WG9S GAMING - BLACK,6972661280715,MOUSE GAMING WIRELESS,FANTECH,YA,0
778,101099,MOUSE FANTECH KANATA WG9S 12000DPI - RED,6972661280739,MOUSE GAMING WIRELESS,FANTECH,TIDAK,1
779,101100,MOUSE FANTECH KANATA WG9S GAMING - YELLOW,6972661280722,MOUSE GAMING WIRELESS,FANTECH,YA,0
780,100328,MOUSE FANTECH RAIGOR II WG10  -  BLACK,,MOUSE GAMING WIRELESS,FANTECH,YA,0
781,100329,MOUSE FANTECH RAIGOR II WG10 3200DPI - GREY,6972661281378,MOUSE GAMING WIRELESS,FANTECH,YA,0
782,100330,MOUSE FANTECH RAIGOR II WG10 3200DPI - RED,6972661281361,MOUSE GAMING WIRELESS,FANTECH,TIDAK,1
783,100331,MOUSE FANTECH RAIGOR II WG10 3200DPI - WHITE,100331,MOUSE GAMING WIRELESS,FANTECH,YA,0
784,100356,MOUSE FANTECH RAIGOR III WG12R GAMING - BLACK,100356,MOUSE GAMING WIRELESS,FANTECH,YA,0
785,101082,MOUSE FANTECH RAIGOR III WG12R GAMING - GREY,101082,MOUSE GAMING WIRELESS,FANTECH,YA,0
786,100355,MOUSE FANTECH RAIGOR III WG12R GAMING BEIGE,8270105608488,MOUSE GAMING WIRELESS,FANTECH,YA,0
787,101083,MOUSE FANTECH RAIGOR III WG12Rs 2000DPI - BLACK,6972661280579,MOUSE GAMING WIRELESS,FANTECH,TIDAK,0
788,101084,MOUSE FANTECH RAIGOR III WG12Rs 2000DPI - WHITE,6972661280586,MOUSE GAMING WIRELESS,FANTECH,TIDAK,0
789,100357,MOUSE FANTECH VENOM II WGC2 GAMING - BLACK,100357,MOUSE GAMING WIRELESS,FANTECH,YA,0
790,100358,MOUSE FANTECH VENOM II WGC2 GAMING - GREEN,6972661281019,MOUSE GAMING WIRELESS,FANTECH,YA,0
791,100359,MOUSE FANTECH VENOM II WGC2 GAMING - GREY,,MOUSE GAMING WIRELESS,FANTECH,YA,0
792,100360,MOUSE FANTECH VENOM II WGC2 2400DPI - MINT,100360,MOUSE GAMING WIRELESS,FANTECH,YA,0
793,100361,MOUSE FANTECH VENOM II WGC2 2400DPI - PINK,6972661281903,MOUSE GAMING WIRELESS,FANTECH,TIDAK,1
794,100362,MOUSE FANTECH VENOM II WGC2 2400DPI - PURPLE,6972661281965,MOUSE GAMING WIRELESS,FANTECH,YA,0
795,100363,MOUSE FANTECH VENOM II WGC2 GAMING - RED,6972661281972,MOUSE GAMING WIRELESS,FANTECH,YA,0
796,100364,MOUSE FANTECH VENOM II WGC2 GAMING - WHITE,6972661281583,MOUSE GAMING WIRELESS,FANTECH,YA,0
797,100370,MOUSE FANTECH W190 1600DPI - BLUE,6972661281910,MOUSE OFFICE WIRELESS,FANTECH,TIDAK,5
798,100371,MOUSE FANTECH W190 1600DPI - MINT,6972661281507,MOUSE OFFICE WIRELESS,FANTECH,TIDAK,4
799,100369,MOUSE FANTECH W190 1600DPI - WHITE,6972661281491,MOUSE OFFICE WIRELESS,FANTECH,TIDAK,7
800,100368,MOUSE FANTECH W190 1600DPI - BLACK,6972661281484,MOUSE OFFICE WIRELESS,FANTECH,TIDAK,6
801,100271,MOUSE GAMING REXUS G23 USB 3200DPI - BLACK,100271,MOUSE GAMING WIRED,REXUS,TIDAK,2
802,100272,MOUSE GAMING REXUS G23 USB 3200DPI - WHITE,100272,MOUSE GAMING WIRED,REXUS,YA,0
803,101145,MOUSE LOGITECH G102 V2 LIGHTSYNC GAMING MOUSE BLACK,101145,,LOGITECH,YA,0
804,101146,MOUSE LOGITECH G102 V2 LIGHTSYNC GAMING MOUSE WHITE,101146,,LOGITECH,YA,0
805,101524,MOUSE LOGITECH G304 LIGHTSPEED GAMING,,,LOGITECH,TIDAK,0
806,101148,MOUSE LOGITECH G309 GAMING BLUETOOTH BLACK,101148,,LOGITECH,YA,0
807,101149,MOUSE LOGITECH G309 GAMING BLUETOOTH WHITE,101149,MOUSE GAMING WIRELESS,LOGITECH,TIDAK,0
808,101147,MOUSE LOGITECH G402 GAMING MOUSE,101147,,LOGITECH,YA,0
809,101189,MOUSE LOGITECH G502 X LIGHTSPEED WIRELESS GAMING BLACK,101189,MOUSE GAMING WIRELESS,LOGITECH,TIDAK,0
810,101150,MOUSE LOGITECH G502 X PLUS WIRELESS GAMING MOUSE BLACK,097855166975,MOUSE GAMING WIRELESS,LOGITECH,TIDAK,0
811,101188,MOUSE LOGITECH G502 X PLUS WIRELESS GAMING WHITE,097855167026,MOUSE GAMING WIRELESS,LOGITECH,TIDAK,0
812,101140,MOUSE LOGITECH M221 SILENT WIRELESS MOUSE,097855123398,MOUSE OFFICE WIRELESS,LOGITECH,TIDAK,0
813,101141,MOUSE LOGITECH M331 SILENTPLUS WIRELESS MOUSE BLACK,1001141,,LOGITECH,YA,0
814,101563,MOUSE LOGITECH MX ANYWHERE 3S WIRELESS BLUETOOTH BLACK,,,LOGITECH,YA,0
815,101190,MOUSE LOGITECH PRO X SUPERLIGHT 2 BLACK,101190,MOUSE GAMING WIRELESS,LOGITECH,TIDAK,0
816,101193,MOUSE LOGITECH PRO X SUPERLIGHT 2 DEX BLACK,101193,,LOGITECH,YA,0
817,101195,MOUSE LOGITECH PRO X SUPERLIGHT 2 DEX MAGENTA,101195,MOUSE GAMING WIRELESS,LOGITECH,TIDAK,0
818,101194,MOUSE LOGITECH PRO X SUPERLIGHT 2 DEX WHITE,101194,,LOGITECH,YA,0
819,101192,MOUSE LOGITECH PRO X SUPERLIGHT 2 MAGENTA,01192,MOUSE GAMING WIRELESS,LOGITECH,TIDAK,0
820,101191,MOUSE LOGITECH PRO X SUPERLIGHT 2 WHITE,101191,,LOGITECH,YA,0
821,100121,MOUSE MSI FORGE GM100,4711377176873,MOUSE GAMING WIRED,MSI,TIDAK,0
822,101164,MOUSE RAZER BASILISK V3 BLACK,8886419333487,,RAZER,YA,0
823,101165,MOUSE RAZER BASILISK V3 PRO,8886419334033,,RAZER,YA,0
824,101166,MOUSE RAZER DEATHADDER ESSENTIALS BLACK,,MOUSE GAMING WIRED,RAZER,YA,0
825,101167,MOUSE RAZER DEATHADDER ESSENTIALS WHITE,,MOUSE GAMING WIRED,RAZER,YA,0
826,101168,MOUSE RAZER DEATHADDER V2 X HYPERSPEED,,,RAZER,YA,0
827,101169,MOUSE RAZER OROCHI V2 BLACK,101169,,RAZER,YA,0
828,101171,MOUSE RAZER OROCHI V2 QUARTZ,8886419334194,,RAZER,YA,0
829,101170,MOUSE RAZER OROCHI V2 WHITE,8886419333401,,RAZER,YA,0
830,100273,MOUSE REXUS ARKA II RX-107 - WHITE,6991002169021,MOUSE GAMING WIRELESS,REXUS,YA,0
831,100924,MOUSE REXUS OFFICE Q20 4D - BLACK,6991001158019,MOUSE OFFICE WIRELESS,REXUS,YA,0
832,100925,MOUSE REXUS OFFICE Q20 4D - GREY,6991001159047,MOUSE OFFICE WIRELESS,REXUS,YA,0
833,100926,MOUSE REXUS OFFICE Q30 3D - GREY WHITE,100926,MOUSE OFFICE WIRELESS,REXUS,YA,0
834,100922,MOUSE REXUS OFFICE Q5 3D - BLACK,,MOUSE OFFICE WIRELESS,REXUS,YA,0
835,100923,MOUSE REXUS OFFICE Q5 3D - BLUE,100923,MOUSE OFFICE WIRELESS,REXUS,YA,0
836,100283,MOUSE REXUS WIRELESS BLUETOOTH QV260 - BLACK,6992001173019,MOUSE OFFICE WIRELESS,REXUS,YA,0
837,100284,MOUSE REXUS CLIFF QV-260 2400DPI - WHITE,6992001174023,MOUSE OFFICE WIRELESS,REXUS,TIDAK,0
838,100927,MOUSE REXUS WIRELESS BLUETOOTH QV270 - BLACK,100927,MOUSE OFFICE WIRELESS,REXUS,YA,0
839,100928,MOUSE REXUS WIRELESS BLUETOOTH QV270 - WHITE,100928,MOUSE OFFICE WIRELESS,REXUS,YA,0
840,100282,MOUSE REXUS WIRELESS SHAGA RX130 DOCKING CHARGER - BLACK,1002822,DOCKING CHARGER,REXUS,YA,0
841,100281,MOUSE REXUS WIRELESS SHAGA RX130 DOCKING CHARGER - WHITE,100281,DOCKING CHARGER,REXUS,YA,0
842,100274,MOUSE REXUS XIERRA X18 CRYSTAL RGB - BLACK,100274,MOUSE GAMING WIRED,REXUS,YA,0
843,100275,MOUSE REXUS XIERRA X18 CRYSTAL RGB - WHITE,6991001155025,MOUSE GAMING WIRED,REXUS,TIDAK,1
844,100280,MOUSE WIRELESS REXUS RX-109 - BLACK,100280,MOUSE GAMING WIRELESS,REXUS,TIDAK,0
845,101102,MOUSEPAD DESKMAT ATO MP905 GEO1,6972661284348,,,YA,0
846,101103,MOUSEPAD DESKMAT ATO MP905 GEO2,6972661284355,,,YA,0
847,100919,MOUSEPAD DESKMAT REXUS BLUSHING SKY DX-MD1 900X400X4MM,8994067281712,DESKMAT GAMING,REXUS,YA,0
848,100918,MOUSEPAD DESKMAT REXUS BUSY DOODLE DX-MD4 900X400X4MM,8994067281743,DESKMAT GAMING,REXUS,YA,0
849,100920,MOUSEPAD DESKMAT REXUS DEEP UNDERSEA DX-MD2 900X400X4MM,8994067281729,DESKMAT GAMING,REXUS,YA,0
850,100921,MOUSEPAD DESKMAT REXUS LAND OF LIGHT DX-MD3 900X400X4MM,8994067281736,DESKMAT GAMING,REXUS,YA,0
851,100310,MOUSEPAD FANTECH AGILE MP353 - BLACK,100310,MOUSEPAD BASIC,FANTECH,YA,0
852,100311,MOUSEPAD FANTECH AGILE MP903 GAMING  - BLACK,100311,DESKMAT BASIC,FANTECH,YA,0
853,100312,MOUSEPAD FANTECH AGILE MP903 GAMING - WHITE,6972661284362,DESKMAT BASIC,FANTECH,YA,0
854,100681,MOUSEPAD FANTECH STRIKEPAD PRO MP-MST491P,,MOUSEPAD GAMING,FANTECH,TIDAK,1
855,100797,MOUSEPAD FANTECH MP904 AGILE - MINT EDITION,6972661284256,DESKMAT GAMING,FANTECH,YA,0
856,100388,MOUSEPAD FANTECH VIGIL MP256 BASIC -BLACK,,MOUSEPAD BASIC,FANTECH,YA,0
857,100309,MOUSEPAD FANTECH VIGIL MP296 BASIC - BLACK,6972661284973,MOUSEPAD BASIC,FANTECH,TIDAK,0
858,101186,MOUSEPAD RAZER FIREFLY V2 PRO MULTIZONE CHROMA,8887910063453,MOUSEPAD GAMING,RAZER,TIDAK,1
859,101187,MOUSEPAD RAZER GOLIATHUS CHROMA EXT,8886419318095,,RAZER,YA,0
860,100279,MOUSEPAD REXUS DAXA RETRO 800x400x5MM,100279,DESKMAT GAMING,REXUS,YA,0
861,100276,MOUSEPAD REXUS KVLAR T1,100276,MOUSEPAD GAMING,REXUS,YA,0
862,100277,MOUSEPAD REXUS KVLAR T10 SPEED,100277,DESKMAT GAMING,REXUS,YA,0
863,100278,MOUSEPAD REXUS KVLAR T10 SPEED - WHITE,100278,DESKMAT GAMING,REXUS,YA,0
864,100917,MOUSEPAD REXUS KVLAR T4 25X21,,MOUSEPAD GAMING,REXUS,YA,0
865,101518,MOUSEPAD ROBOT RP01 GREEN,,,,YA,0
866,101444,MOUSEPAD ROBOT RP05-S,,MOUSEPAD BASIC,ROBOT,TIDAK,0
867,101521,MOUSEPAD ROBOT RP07 COLORFUL,,MOUSEPAD BASIC,ROBOT,TIDAK,0
868,101520,MOUSEPAD ROBOT RP07 PINK,,MOUSEPAD BASIC,ROBOT,TIDAK,0
869,101519,MOUSEPAD ROBOT RP07 WHITE,,MOUSEPAD BASIC,ROBOT,TIDAK,1
870,101154,MSI CUBI 5 12M 225BID I5-1235U/BAREBONE/3 YEARS WARRANTY - WHITE,4711377179874,MINI PC,MSI,TIDAK,0
871,101155,MSI CUBI 5 12M 241BID I5-1235U/BAREBONE/3 YEARS WARRANTY - BLACK,4711377193511,MINI PC,MSI,YA,0
872,100808,MSI CUBI 5 12M-240BID-B31215UXX I3-1215U BAREBONE BLACK/3YEARS,,MINI PC,MSI,YA,0
873,100807,MSI CUBI N ADL S-207BID-BN100XX,4711377263870,MINI PC,MSI,TIDAK,0
874,100454,MSI MODERN 14 I3 1215 8GB 256GB W11+OHS 14.0FHD BLIT IPS 2Y BLK C12M0.1058,,,MSI,YA,0
875,100446,MSI MODERN 14 I3 1215 8GB 512GB W11+OHS 14.0FHD C12MO.1253 SILVER,,,MSI,YA,0
876,2503000391,MSI Thin 15 B12VE (9S7-16R831-2404)/Core i7-12650H/8GB/512GB SSD/RTX4050 6GB/15.6″ FHD 144Hz/Win 11 Home/Cosmos Gray,,LAPTOP,MSI,YA,0
877,100006,Maintenance Cartridge Inkjet DE100 XD,,,,YA,0
878,100074,Mouse Logitech B100 Optical USB,097855175793,MOUSE OFFICE WIRED,LOGITECH,TIDAK,180
879,100067,Mouse Logitech M170 Wireless Mouse,100067,MOUSE OFFICE WIRELESS,LOGITECH,TIDAK,0
880,100077,Mouse Logitech M171 Wireless Mouse - Blue,097855119230,MOUSE OFFICE WIRELESS,LOGITECH,TIDAK,27
881,100076,Mouse Logitech M171 Wireless Mouse - Blue Grey,097855183491,MOUSE OFFICE WIRELESS,LOGITECH,TIDAK,14
882,100075,Mouse Logitech M171 Wireless Mouse - Grey,097855119223,MOUSE OFFICE WIRELESS,LOGITECH,TIDAK,7
883,100078,Mouse Logitech M171 Wireless Mouse - Off White,097855183507,MOUSE OFFICE WIRELESS,LOGITECH,TIDAK,18
884,100079,Mouse Logitech M171 Wireless Mouse - Red,097855119247,MOUSE OFFICE WIRELESS,LOGITECH,TIDAK,31
885,100084,Mouse Logitech M171 Wireless Mouse - Rose,097855183514,MOUSE OFFICE WIRELESS,LOGITECH,TIDAK,13
886,100088,Mouse Logitech M185 Wireless Mouse - Blue,097855075765,MOUSE OFFICE WIRELESS,LOGITECH,TIDAK,13
887,100090,Mouse Logitech M185 Wireless Mouse - Red,097855075772,MOUSE OFFICE WIRELESS,LOGITECH,TIDAK,2
888,100089,Mouse Logitech M185 Wireless Mouse - Swift Grey,100089,MOUSE OFFICE WIRELESS,LOGITECH,TIDAK,0
889,100085,Mouse Logitech M240 Silent Bluetooth Mouse - Graphite,100085,,LOGITECH,YA,0
890,100086,Mouse Logitech M240 Silent Bluetooth Mouse - Off White,100086,MOUSE OFFICE WIRELESS,LOGITECH,YA,0
891,100087,MOUSE LOGITECH M240 SILENT BLUETOOTH - ROSE,100087,MOUSE OFFICE WIRELESS,LOGITECH,YA,0
892,100068,MOUSE LOGITECH M90 - BLACK,097855066756,MOUSE OFFICE WIRED,LOGITECH,TIDAK,18
893,101552,NB  ASUS VIVOBOOK GO 14 E1404FA RYZEN 5 7520 16GB 512GB W11+OHS 14.0FHD IPS BLACK VIPS552,,LAPTOP,ASUS,YA,0
894,100782,NB ACER AL14 51M 59YA I5 1235U 8GB 512GB W11 OHS 14',4711121667466,LAPTOP,ACER,YA,0
895,101053,NB ACER ASPIRE 14 A14 I5 13420H RTX2050 8GB 215GB W11+OHS GREY 51GM.57BP,,LAPTOP,ACER,YA,0
896,100561,NB ACER ASPIRE 3 SLIM A314-36M-35B3 Core i3-N305 8GB 512GB 14″ FHD Win 11 Home+OHS 2021 – IRIS BLUE,4711121642302,LAPTOP,ACER,YA,0
897,101258,NB ACER ASPIRE 5 SPIN A5SP14 51MTN 7819 TOUCH I7-1355U 16GB 512GB W11+OHS 14'' WUXGA FP PEN 2IN1 GREY,,LAPTOP,ACER,YA,0
898,101311,NB ACER ASPIRE LITE AL14 INTEL N100 8GB 256GB W11+OHS 14.0WUXGA SLV -31P.C0WW,,LAPTOP,ACER,YA,0
899,C3MH,NB ACER ASPIRE LITE AL14-31P C3MH INTEL N100 8GB 256GB W11+OHS 14.0 WUXGA SILVER,4711121841378,LAPTOP,ACER,YA,0
900,100585,NB ACER ASPIRE LITE AL14-31P-C0G4 INTEL N100 8GB 512GB 14″ WUXGA IPS Win 11 Home+OHS 2021- SILVER,4711121797897,LAPTOP,ACER,YA,0
901,100016,"NB ACER ASPIRE LITE AL14-31P-C3MH SILVER N100 50 8GB DDR5 256GB SSD 14""WUXGA INTEL UDH GRAPHICS WIN 11 OHS",,LAPTOP,ACER,YA,0
902,100941,NB ACER ASPIRE LITE AL14-31P-C6DD INTEL N100 8GB 512GB W11+OHS 14.0WUXGA SLV,4711474237187,LAPTOP,ACER,YA,0
903,100562,NB ACER ASPIRE LITE AL14-51M-37GM INTEL CORE i3-1215 8GB 512GB 14″ WUXGA IPS Win 11 Home+OHS 2021 – PURE SILVERr,4711121847059,LAPTOP,ACER,YA,0
904,101324,NB ACER ASPIRE SPIN ASP14 TOUCH CORE 7 150U 16GB 512GB PEN 2IN1 GREY,,LAPTOP,ACER,YA,0
905,100620,NB ACER NITRO 16 AN16-41-R5N2 RYZEN 7-7735HS 16GB 512GB RTX4050 6GB 16″ WUXGA 165Hz Win 11 Home+OHS 2021 – BLACK,4711121671982,LAPTOP,ACER,YA,0
906,100617,NB ACER NITRO V 15 ANV15-41-R2VJ R5-7535HS 8GB 512GB RTX2050 4GB 15.6″ FHD 144Hz Win 11 Home+OHS 2021 – BLACK,4711474090997,LAPTOP,ACER,YA,0
907,100618,NB ACER NITRO V 15 ANV15-51-5115 i5-13420H 8GB 512GB RTX4050 6GB 15.6″ FHD 144Hz Win 11 Home+OHS 2021 – BLACK,4711121701764,LAPTOP,ACER,YA,0
908,100615,NB ACER NITRO V 15 ANV15-51-542G i5-13420H 8GB 512GB RTX2050 4GB 15.6″ FHD 144Hz Win 11 Home+OHS 2021 – BLACK,4711121701771,LAPTOP,ACER,YA,0
909,100619,NB ACER NITRO V 15 ANV15-51-74ZW i7-13620H 16GB 512GB RTX4050 6GB 15.6″ FHD 144Hz Win 11 Home+OHS 2021 – BLACK,4711121767654,LAPTOP,ACER,YA,0
910,100614,NB ACER NITRO V 15 ANV15-51-79Y1 i7-13620H 16GB 512GB RTX2050 4GB 15.6″ FHD 144Hz Win 11 Home+OHS 2021 – BLACK,4711121914867,LAPTOP,ACER,YA,0
911,101131,NB ASUS A1404VA-VIPS351M I3-1315U 8GB 512GB 14''FHD OHS BLUE,,LAPTOP,ASUS,YA,0
912,101362,NB ASUS A1404VA-VIPS352M I3 SLV,A1404VA-VIPS352M,LAPTOP,ASUS,YA,0
913,A1404VA-S551,NB ASUS A1404VA-VIPS551 INTEL I5-1335U 8GB DDR4 512GB NVME BLUE,4711387342329,LAPTOP,ASUS,YA,0
914,101361,NB ASUS E1404FA-FHD351M R3 BLACK,E1404FA-FHD351M,LAPTOP,ASUS,YA,0
915,101365,NB ASUS E1404FA-FHD352M R3 SIL,E1404FA-FHD352M,LAPTOP,ASUS,YA,0
916,E1404GA-FHD322M,NB ASUS E1404GA-FHD322M I3 N305 8GB 256GB GREEN GREY,4711387723890,LAPTOP,ASUS,YA,0
917,101041,NB ASUS VIVOBOOK GO 15 E1504FA OLED554M RYZEN 5-7520U 16GB 512GB 15.6″ FHD WIN 11 HOME + OHS 2021 + M365 (MIXED BLACK),4711387784365,LAPTOP,ASUS,YA,0
918,B1402CBA-3853WS,"NB ASUS EXPERTBOOK  I3-1215U 8GB 512GB 14"" FHD - BLACK",4711387536827,LAPTOP,ASUS,TIDAK,0
919,101545,NB ASUS M5406UA-OLED752 AMD Ryzen™ 7 8845HS  LPDDR5X 16GB 512GB  Windows 11 Home3.8GHz,,LAPTOP,ASUS,YA,0
920,101512,NB ASUS ROG STRIX G16 G614JU I545J6G-HM INTEL I5-13540HX 16GB 512GB RTX4050 6GB 16″ FHD+ IPS WIN 11 HOME + OHS 2021 (ELIPSE GREY),4711387891643,LAPTOP,ASUS,YA,0
921,100676,NB ASUS ROG STRIX G16 G614JU I7 13650HX RTX 4050 6GB/16GB 512GB W11+OHS 4ZRGB 16.0 GREY I745J8G,3424269679629,LAPTOP,ASUS,YA,0
922,100677,"ASUS ROG STRIX G16 G614JV I746C7G-OM INTEL I7-13650HX 16GB 1TB RTX4060 8GB 16"" IPS QHD WIN 11 HOME + OHS 2021 + M365 (ELIPSE GREY)",4711387701461,LAPTOP,ASUS,YA,0
923,100678,"NB ASUS ROG ZEPHYRUS G14 GA403UU R745OL6G-OM RYZEN 7-8845HS 16GB 1TB RTX4050 6GB 14"" OLED 3K WIN 11 HOME + OHS 2021 + M365 (ELIPSE GREY)",4711387665848,LAPTOP,ASUS,YA,0
924,100838,NB ASUS TUF A14 FA401WV-R946G9G-OM RYZEN 9-HX370 32GB 1TB RTX 4060 8GB W11 OHS,,LAPTOP,ASUS,YA,0
925,100500,NB ASUS TUF GAMING A15 FA506NC R535B6T-OM RYZEN 5-7535HS 8GB 512GB RTX3050 4GB 15.6″ FHD WIN 11 HOME + OHS 2021 (GRAPHITE BLACK),4711387701393,LAPTOP,ASUS,YA,0
926,100811,NB ASUS TUF A15 FA506NCR- R735B1T-OM  RYZEN 7 7435HS RTX3050 4GB 8GB 512GB W11+OHS 15.6FHD 144HZ IPS RGB - BLACK,4711387724507,LAPTOP,ASUS,YA,0
927,100501,NB ASUS TUF A15 FA506NCR- R735B6T-OM  RYZEN 7 7435HS RTX3050 4GB 16GB 512GB W11+OHS 15.6FHD 144HZ IPS RGB - BLACK,4711387665800,LAPTOP,ASUS,YA,0
928,FA506-5B6TOM,NB ASUS TUF A15 FA506NF- R525B6T-OM RYZEN 5 7535HS RTX2050 4GB 8GB 512GB W11+OHS 15.6FHD 144HZ IPS RGB- BLACK,4711387701362,LAPTOP,ASUS,YA,0
929,100622,NB ASUS TUF A15 FA506NFR-R725B1T-OM AMD Ryzen 7-7435HS 8GB 512GB RTX2050 4GB 15.6″ FHD 144Hz Win 11 Home+OHS 2021+M365 – BLACK,4711387701386,LAPTOP,ASUS,YA,0
930,100623,NB ASUS TUF F15 FX507ZC4-I535B1M-O i5-12500H 8GB 512GB RTX3050 4GB 15.6″ FHD 144Hz Win 11 Home+OHS 2021 – GREY,4711387368282,LAPTOP,ASUS,YA,0
931,100624,NB ASUS TUF GAMING F15 FX507ZC4 I735B6M-O INTEL I7-12700H 16GB 512GB RTX3050 4GB 15.6″ FHD WIN 11 HOME + OHS 2021 (MECHA GREY),4711387665831,LAPTOP,ASUS,YA,0
932,101040,"NB ASUS TUF FA507NUR-R745K6M-OM R7 16GB 512GB 15,6"" W11",4711387665817,LAPTOP,ASUS,YA,0
933,101359,NB ASUS UM3406HA-OLED753 R7 OHS B,4711387689097,LAPTOP,ASUS,YA,0
934,101133,NB ASUS VIVOBOOK 14 A1400KA N4500 8GB 512GB W11+OHS 14''FHD BLIK BLACK FHD4512,4711387415030,LAPTOP,ASUS,YA,0
935,A1400KA-FHD421,NB ASUS VIVOBOOK 14 A1400KA FHD421 INTEL CELERON N4500 4GB 256GB 14″ FHD WIN 11 HOME + OHS 2021 (INDIE BLACK),4711387598603,LAPTOP,ASUS,TIDAK,0
936,A1404VA-VIPS352,NB ASUS VIVOBOOK GO 14 A1404VA VIPS352 INTEL I3-1315U 8GB 512GB 14″ FHD IPS WIN 11 HOME + OHS 2021 + (COOL SILVER),4711387367520,LAPTOP,ASUS,TIDAK,0
937,A1404VA-VIPS552,NB ASUS VIVOBOOK 14 A1404VA-VIPS552 I5-1335 8GB 512GB W11+OHS 14.0FHD VIPS - SILVER,4711387326084,LAPTOP,ASUS,YA,0
938,A1404VA-VIPS712,NB ASUS VIVOBOOK 14 A1404VA-VIPS712 I7 1355 16GB 1TB W11+OHS 14.0FHD VIPS - SILVER,4711387384381,LAPTOP,ASUS,YA,0
939,A1404VA-VIPS751,NB ASUS VIVOBOOK GO 14 A1404VA VIPS751 INTEL I7-1355U 8GB 512GB 14″ FHD IPS WIN 11 HOME + OHS 2021 (QUIET BLUE),4711387342336,LAPTOP,ASUS,TIDAK,1
940,101412,NB ASUS VIVOBOOK 14 A1404ZA - VIPS551M I5 1235U 8GB 512GB 14' FHD W11 OHS21+365,,LAPTOP,ASUS,YA,0
941,101309,NB ASUS VIVOBOOK 14 A1404ZA I5 1235 8GB 512GB W11+OHS+O365 14.0FHD VIPS BRW -VIPS552M,,LAPTOP,ASUS,YA,0
942,101310,NB ASUS VIVOBOOK 14 A1404ZA I5 1235 8GB 512GB W11+OHS+O365 14.0FHD VIPS SLV -VIPS553M,,LAPTOP,ASUS,YA,0
943,A1404ZA-VIPS551,NB ASUS VIVOBOOK 14 A1404ZA-VIPS551 I5 1235 8GB 512GB W11+OHS 14.0FHD VIPS - BLUE,4711387036006,LAPTOP,ASUS,YA,0
944,101441,NB ASUS VIVOBOOK 14 M1405YA RYZEN 7 7730 16GB 512GB W11+OHS 14.0WUXGA IPS FP BLK-VIPS751,,LAPTOP,ASUS,YA,0
945,101440,NB ASUS VIVOBOOK 14 M1405YA RYZEN 7 7730 16GB 512GB W11+OHS 14.0WUXGA IPS FP SLV-VIPS752,,LAPTOP,ASUS,YA,0
946,M1405YA-S711,NB ASUS VIVOBOOK 14 M1405YA-OLEDS711 R7 16GB 1TB W11 BLACK,4711387430354,LAPTOP,ASUS,YA,0
947,100741,NB ASUS VIVOBOOK 14 A1400KA FHD423 INTEL CELERON N4500 8GB 256GB 14″ FHD WIN 11 HOME + OHS 2021 (INDIE BLACK),4711387598627,LAPTOP,ASUS,TIDAK,0
948,101132,NB ASUS VIVOBOOK GO 14 A1404VA VIPS752 INTEL I7-1355U 8GB 512GB 14″ FHD IPS WIN 11 HOME + OHS 2021 (TRANSPARANT SILVER),101132,LAPTOP,ASUS,TIDAK,1
949,101331,NB ASUS VIVOBOOK GO 14 E1404FA FHD321 RYZEN 3-7320U 8GB 256GB 14″ FHD WIN 11 HOME + OHS 2021 + M365 (MIXED BLACK),,LAPTOP,ASUS,TIDAK,0
950,101330,NB ASUS VIVOBOOK E1404FA Ryzen™ 3-7320U 8GB 256GB Microsoft Office Home Student 2021 + Office 365 Basic Windows 11 Home FHD323M,,LAPTOP,ASUS,YA,0
951,101329,NB ASUS VIVOBOOK E1404FA Ryzen™ 5 7520U  8GB 512GB VIPS559M,4711387723883,LAPTOP,ASUS,YA,0
952,101044,NB ASUS VIVOBOOK E1504FA-OLED351 R3-7320U 8GB 512GB W11,4711387157213,LAPTOP,ASUS,YA,0
953,101134,NB ASUS VIVOBOOK GO 14 E1404FA R3 7320 8GB 256GB W11+OHS+O365 FHD322M GREEN GREY,4711387723791,LAPTOP,ASUS,YA,0
954,101307,NB ASUS VIVOBOOK GO 14 E1404FA RYZEN 5 7520 16GB 512GB W11+OHS 14.0FHD IPS SLV -VIPS554,,LAPTOP,ASUS,YA,0
955,E1404FA-FHD321,NB ASUS VIVOBOOK GO 14 E1404FA-FHD321 RYZEN 3-7320 8GB 256GB W11+OHS 14.0 FHD - BLACK,4711387129913,LAPTOP,ASUS,YA,0
956,E1404FA-FHD323,NB ASUS VIVOBOOK GO 14 E1404FA-FHD323 RYZEN 3-7320 8GB 256GB W11+OHS 14.0 FHD - SILVER,4711387157183,LAPTOP,ASUS,YA,0
957,E1404FA-FHD351,NB ASUS VIVOBOOK GO 14 E1404FA-FHD351 RYZEN 3-7320 8GB 512GB W11+OHS 14.0 FHD - BLACK,,LAPTOP,ASUS,YA,0
958,E1404FA-FHD352,NB ASUS VIVOBOOK GO 14 E1404FA-FHD352 RYZEN 3-7320 8GB 512GB W11+OHS 14.0 FHD - SILVER,4711387157206,LAPTOP,ASUS,YA,0
959,E1404FA-FHD353,NB ASUS VIVOBOOK GO 14 E1404FA-FHD353 RYZEN 3-7320U 8GB 512GB - GREY,4711387226353,LAPTOP,ASUS,YA,0
960,VIPS558,NB ASUS VIVOBOOK GO 14 E1404FA-VIPS558 RYZEN 5 7520 8GB 512GB W11+OHS 14.0FHD IPS BLACK,4711387614358,LAPTOP,ASUS,YA,0
961,E1404FA-VIPS559,NB ASUS VIVOBOOK GO 14 E1404FA-VIPS559 RYZEN 5 7520 8GB 512GB W11+OHS 14.0FHD IPS SILVER,E1404FA-VIPS559,LAPTOP,ASUS,YA,0
962,100613,NB ASUS VIVOBOOK GO 14 E1404GA FHD353 INTEL i3-N305 8GB 512GB WIN11+OHS2021,4711387415337,LAPTOP,ASUS,YA,0
963,100736,NB ASUS VIVOBOOK GO 14 E1404GA FHD353M INTEL i3-N305 8GB 512GB WIN11+OHS2021 free ( Microsoft 365 ),4711387718247,LAPTOP,ASUS,YA,0
964,FHD321,NB ASUS VIVOBOOK GO 14 E1404GA-FHD321 I3-N305 8CORE 8GB 256GB W11+OHS 14.0FHD BLACK,4711387489543,LAPTOP,ASUS,YA,0
965,E1404GA-FHD351,NB ASUS VIVOBOOK GO 14 E1404GA-FHD351 I3 N305 8CORE 8GB 512GB W11+OHS 14.0 FHD - BLACK,4711387415344,LAPTOP,ASUS,YA,0
966,E1404G-HD352M,NB ASUS VIVOBOOK GO 14 E1404GA-FHD352 I3 N305 8CORE 8GB 512GB W11+OHS 14.0 FHD - GREEN GREY,4711387415351,LAPTOP,ASUS,YA,0
967,100737,NB ASUS VIVOBOOK GO 14 E1404GA FHD354 INTEL I3-N305 8GB 512GB 14″ FHD WIN 11 HOME + OHS 2021 (INDIE BLACK),4711387520901,LAPTOP,ASUS,YA,0
968,101257,NEW NB ASUS VIVOBOOK GO 14 E410KA FHD428M INTEL CELERON N4500 8GB 256GB 14″ FHD WIN 11 HOME + OHS 2021 + M365 (ROSE PINK),4711387723982,LAPTOP,ASUS,YA,0
969,E410KA-FHD426M,NB ASUS VIVOBOOK GO 14 E410KA-FHD426M N4500 8GB 256GB W11+OHS 14.0FHD - BLIT BLUE,4711387644553,LAPTOP,ASUS,TIDAK,0
970,101129,NB ASUS VIVOBOOK GO 14 E410KA-FHD429M N4500 8GB 256GB W11+OHS 14.0FHD - BLACK,4711387723999,LAPTOP,ASUS,TIDAK,0
971,E410KA-FHD454,NB ASUS VIVOBOOK GO 14 E410KA-FHD454 N4500 8GB 512GB W11+OHS 14.0 FHD - BLACK,4711387677858,LAPTOP,ASUS,YA,0
972,E410KA-FHD455,NB ASUS VIVOBOOK GO 14 E410KA-FHD455 N4500 8GB 512GB W11+OHS 14.0 FHD -BLIT BLUE,4711387677865,LAPTOP,ASUS,YA,0
973,101045,NB ASUS VIVOBOOK GO 15 E1504FA-OLED353M R3 7320U 8GB 512GB W11/OHS/M365 GREY,101045,LAPTOP,ASUS,YA,0
974,E1504FA-OLED352,NB ASUS VIVOBOOK GO 15 OLED E1504FA-OLED352 RYZEN 3 7320 8GB 512GB W11+OHS 15.6FHD BLACK,4711387475065,LAPTOP,ASUS,YA,0
975,E1504FA-OLED553M,NB ASUS VIVOBOOK GO 15 E1504FA OLED553M RYZEN 5-7520U 16GB 512GB 15.6″ FHD WIN 11 HOME + OHS 2021 + M365 (COOL SILVER),4711387723951,LAPTOP,ASUS,YA,0
976,UM3406HA,NB ASUS ZENBOOK 14 OLED UM3406HA RYZEN 7 8840HS 16GB 512GB W11 14.0 WUXGA NPAD BLK -OLED752,4711387574959,LAPTOP,ASUS,YA,0
977,100584,NB ASUS ZENBOOK 14 OLED UX3405MA-OLEDS713 Ultra 7 155H 32GB 1TB 14″ 3K Win 11 Home+OHS – BLUE,4711387433584,LAPTOP,ASUS,YA,0
978,100583,NB ASUS ZENBOOK 14 OLED UX3405MA-OLEDS714 Ultra 7 155H 32GB 1TB 14″ 3K Win 11 Home+OHS – SILVER,4711387433607,LAPTOP,ASUS,YA,0
979,100502,NB ASUS ZENBOOK DUO UX8406MA OLEDS711 INTEL ULTRA 7 155H 16GB 1TB 14″ OLED 3K TOUCH WIN 11 HOME + OHS 2021 (INKWELL GREY),4711387433621,LAPTOP,ASUS,TIDAK,0
980,101511,NB ASUS ZENBOOK UX3407QA-IPS152M LPDDR5X 16GB 512GB M.2 NVMe™ PCIe® 4.0 SSD Windows 11 Home,,LAPTOP,ASUS,YA,0
981,100776,NB ASUS ZENBOOK S 14 UX5406SA OLEDS712TM INTEL ULTRA 7 258V 32GB 1TB 14″ OLED 3K TOUCH WIN 11 HOME + OHS 2021 + M365 (SCANDINAVIAN WHITE),4711387751718,LAPTOP,ASUS,YA,0
982,101042,NB HP 14 EM0018AU 7L9C9PA R5 W11 8GB DDR4 512GB SILVER,101042,LAPTOP,HP,YA,0
983,101043,NB HP 14 EM0019AU 7L9D0PA W11 R5 8GB DDR4 512GB GOLD,101043,LAPTOP,HP,YA,0
984,100648,NB HP 14 I3 1215 8GB 512GB W11+OHS 14 BLIT 2Y SILVER DQ5127TU,,LAPTOP,HP,YA,0
985,101308,NB HP 14 I5 1235 8GB 512GB W11+OHS 14.0FHD IPS BLIT 2Y SLV -DQ5227TU,,LAPTOP,HP,YA,0
986,100755,NB HP 14S DQ3888TU N4500 8GB 512GB 14' W11 SILVER,198122589579,LAPTOP,HP,YA,0
987,100775,NB HP 14S FQ1009AU RYZEN3 8GB 512GB DDR4 SILVER,,LAPTOP,HP,YA,0
988,101332,NB HP 14S-DQ5568TU 13 SLV,198415402783,LAPTOP,HP,YA,0
989,100556,NB HP 14s-DQ3109TU CELERON N4500 8GB 256GB 14″ HD Win 11 Home+OHS 2021 - SILVER,197497124309,LAPTOP,HP,YA,0
990,100558,NB HP 14s-DQ3111TU CELERON N4500 8GB 512GB 14″ HD Win 11 Home+OHS 2021 - SILVER,,LAPTOP,HP,YA,0
991,100557,NB HP 14s-DQ3127TU N4500 4GB 512GB 14″ FHD Win 11 Home,198415515582,LAPTOP,HP,YA,0
992,100563,NB HP 14s-DQ5115TU Core I3-1215U 4GB 512GB 14″ FHD Win 11 Home+OHS 2021 – SILVER,197498114408,LAPTOP,HP,YA,0
993,A9VA2AT,NB HP 240 G9 I5-1235U 256GB 8GB,198415985125,LAPTOP,HP,YA,0
994,100616,NB HP 240 G9 i5-1235U Iris X 8GB 512GB W11 14 Inch – Dark Silver,,LAPTOP,HP,YA,0
995,100939,NB HP 7320U 14-EM0332AU RYZEN3 8GB 512GB W11 14'FHD GOLD,198701002338,LAPTOP,HP,YA,0
996,100940,"NB HP 7320U 14-EM0333AU RYZEN3 8GB 512GB W11 14""FHD",198701002345,LAPTOP,HP,YA,0
997,101413,NB HP ATHLON 7120 EM0223AU 8GB 512GB 14.0 FHD WIN11+OHS2021 GOLD,,LAPTOP,HP,YA,0
998,DQ5154TU,NB HP DQ5154TU I7 GEN 12 W11 16GB 512GB 14S SILVER,198415402653,LAPTOP,HP,YA,0
999,100625,NB HP ENVY X360 14-fa0888AU Silver	AMD Ryzen™ 7 8840HS 1TB SSD 32GB W11+ OHS 2021 14' 2.8K,,LAPTOP,HP,YA,0
1000,101124,NB HP PAV 16-AF0777TU U5 125U 16GB 1TB W11+OHS 16'' SILVER,198122572588,LAPTOP,HP,YA,0
1001,101116,NB HP PAV X360 14-EK2051TU I3 8GB 512GB W11 BLUE,101116,LAPTOP,HP,YA,0
1002,101119,NB HP PAV X360 14-EK2111TU I5 16GB 512GB W11 SILVER,101119,LAPTOP,HP,YA,0
1003,101117,NB HP PAV X360 14-EK2123TU I3 8GB 512GB W11 SILVER,198415402967,LAPTOP,HP,TIDAK,1
1004,101120,NB HP PAV X360 14-EK2222TU I5 16GB 512GB W11 ROSEGOLD,,LAPTOP,HP,YA,0
1005,101118,NB HP PAV X360 14-EK2333TU I5 120U 16GB 512GB W11 BLUE,198122366286,LAPTOP,HP,YA,0
1006,101121,NB HP PAV X360 14-EK2555TU I7 16GB 512GB W11 BLUE,198122366279,LAPTOP,HP,TIDAK,1
1007,101122,NB HP PAV X360 14-EK2666TU I7 16GB 512GB W11 ROSEGOLD,198122366293,LAPTOP,HP,YA,0
1008,101123,NB HP PAV X360 14-EK2777TU I7 16GB 512GB W11 SILVER,198122366309,LAPTOP,HP,YA,0
1009,100635,NB HP PAVILLION AERO 13-BG008AU RYZEN 7 8840U 1TB 16GB,,LAPTOP,HP,YA,0
1010,101039,"NB HP VICTRUS 15-FB2555AX R7 8GB DDR5 512GB 15,6"" GeForce RTX 4050 SILVER",198415368836,LAPTOP,HP,YA,0
1011,101037,NB HP VICTRUS 16-R0889TX I5-13500HX 16GB 512GB SILVER,198701002376,LAPTOP,HP,YA,0
1012,101128,NB HP VICTRUS 16-S1003AX R5 16GB DDR5 1TB RTX4060 BLUE,198122155439,LAPTOP,HP,YA,0
1013,101138,NB HP VICTUS 15-FA1788TX Core i5-13420 8GB 512GB RTX3050,198415366337,LAPTOP,HP,YA,0
1014,101038,"NB HP VICTUS 15-FB2777AX R5 8GB 512GB RTX3050 15,6"" W11 SLV",198415368812,LAPTOP,HP,YA,0
1015,101543,NB HP VICTUS 16 RYZEN 5 8645Hs RTX4060 8GB/16GB 1TB W11+OHS 16.1FHD 144Hz BLIT 2Y+ADP SLV-S1111AX,,LAPTOP,HP,YA,0
1016,100611,NB HP VICTUS I5-12450H FA1666TX 8GB 512GB SILVER,198415366344,LAPTOP,HP,YA,0
1017,83KX000YID,NB LENOVO 2IN1 IP5 141RH-83KX000YID I5 16GB 512GB BLUE,198153984589,LAPTOP,LENOVO,YA,0
1018,100829,NB LENOVO 2in1 IP5-14IRH i7-13620H 16GB 512GB 14″ WUXGA OLED Touch/Win 11 Home+OHS 2021 GREY 83KX0012ID,100829,LAPTOP,LENOVO,YA,0
1019,101566,NB LENOVO IDEAPAD 5 2-in-1 14IRH9 i5-13420H 16GB 512GB WUXGA IPS Touch Win 11 Home+OHS 2021 83KX0010ID,,LAPTOP,LENOVO,YA,0
1020,82XL007CID,NB LENOVO IDEAPAD IPS 3-14ABR R5 7530U 8GB 512GB W11 OHS ABYSS BLUE 82XL007CID,198154444808,LAPTOP,LENOVO,YA,0
1021,100621,NB LENOVO IDEAPAD SLIM 1 14IGL7-82V6008BID N4020 8GB 512GB 14″ HD TN Win 11 Home+OHS 2021,,LAPTOP,LENOVO,YA,0
1022,100777,NB LENOVO IDEAPAD SLIM 3 14 I3 1215 8GB 256GB W11+OHS 14.0FHD BLIT 2Y PREM - ABYSS BLUE,,LAPTOP,LENOVO,YA,0
1023,CVID,NB LENOVO IDEAPAD SLIM 3 14 I3 1215 8GB 256GB W11+OHS 14.0FHD BLIT 2Y PREM - GREY,,LAPTOP,LENOVO,YA,0
1024,100778,NB LENOVO IDEAPAD SLIM 3 14 I5 1245H 8GB 512GB W11+OHS 14.0 FHD BLIT 2Y PREM - BLUE 6YID,,LAPTOP,LENOVO,YA,0
1025,100809,NB LENOVO IP5-14IRH i7-13620H 16GB 512GB 14″ WUXGA OLED Touch/Win 11 Home+OHS 2021 83KX0011ID,83KX0011ID,LAPTOP,LENOVO,YA,0
1026,100525,NB LENOVO IPS 3 14ABR8-7BID Ryzen 5-7530U 8 512GB 14″ FHD IPS Win 11 Home+OHS 2021 - ARTIC GREY,7BID,LAPTOP,LENOVO,YA,0
1027,101568,NB LENOVO IPS 3 14IAU  Intel® Core™ i3-1215U 8GB  512GB Windows 11 Home + Office Home and Student 2021  82RJ00D0ID,,LAPTOP,LENOVO,YA,0
1028,100795,NB LENOVO IPS 3 14IAU7-82RJ00CVID I3-1215U 16GB 256GB 14″ FHD TN/Win 11 Home+OHS 2021 - GREY 82RJOOCVID,197532281158,LAPTOP,LENOVO,YA,0
1029,82RJ00CVID,NB LENOVO IPS 3 14IAU7-82RJ00CVID I3-1215U 8GB 256GB 14″ FHD TN/Win 11 Home+OHS 2021 - GREY,0,LAPTOP,LENOVO,YA,0
1030,100863,NB LENOVO IPS 3 14IAU7-82RJ00CWID I3-1215U 16GB 256GB 14″ FHD TN/Win 11 Home+OHS - MISTY BLUE,,LAPTOP,LENOVO,YA,0
1031,100521,NB LENOVO IPS 3 14IAU7-82RJ00CWID I3-1215U 8GB 256GB 14″ FHD TN/Win 11 Home+OHS - MISTY BLUE,197532280281,LAPTOP,LENOVO,YA,0
1032,100522,NB LENOVO IPS 3 14IAU7-82RJ00CYID I3-1215U 8GB 512GB 14″ FHD/Win 11 Home+OHS - ARTIC GREY,.,LAPTOP,LENOVO,YA,0
1033,82V6008WID,NB LENOVO IPS1 14IGL7 N4020 8GB 256GB 14″ HD TN/Win 11 Home+OHS 2021 - GREY,197531976635,LAPTOP,LENOVO,YA,0
1034,100740,NB LENOVO IPS3  14 I3 1215 8GB 256GB W11+OHS 14.0FHD BLIT 2Y PREM GREY - FQID,,LAPTOP,LENOVO,YA,0
1035,100739,"NB LENOVO IPS3 14"" I3 1215 8GB 256GB W11+OHS BLIT 2Y PREM ABYSS BLUE-82RJ00FRID",198154532147,LAPTOP,LENOVO,YA,0
1036,100738,"NB LENOVO IPS3 14"" I5 12450H 8GB 512GB W11+OHS 2Y PREM BLUE-6YID",,LAPTOP,LENOVO,YA,0
1037,101056,NB LENOVO IPS3 141RH8 I7 13620H 16GB 512GB 83EL0059ID ABSBLU,,LAPTOP,LENOVO,YA,0
1038,82XN006QID,NB LENOVO IPS3 14AMN8 82XN006QID RIZEN3 7320U 8GB 512 W11 ARTIC GREY,198154444785,LAPTOP,LENOVO,YA,0
1039,82XN006RID,NB LENOVO IPS3 14AMN8 82XN006RID RYZEN3 7320U 8GB 512GB W11 ABYSS BLUE 82XN006RID,198154444822,LAPTOP,LENOVO,YA,0
1040,CYID,NB LENOVO IPS3 14IAU I3 1215  82RJ00CYID 16GB 512GB W11+OHS 14.0FHD BLIT 2Y GREY 82RJ00CYID,197532280304,LAPTOP,LENOVO,YA,0
1041,100861,NB LENOVO IPS3 14IAU7-82RJ00CUID I3-1215U 16GB 256GB 14″ FHD TN/Win 11 Home+OHS - ABYSS BLUE,,LAPTOP,LENOVO,YA,0
1042,82RJ00CUID,NB LENOVO IPS3 14IAU7-82RJ00CUID I3-1215U 8GB 256GB 14″ FHD TN/Win 11 Home+OHS - ABYSS BLUE,197532281141,LAPTOP,LENOVO,YA,0
1043,101110,NB LENOVO IPS3 14IRH8-83EL0058ID I7-13620H 16GB 512GB,198155477614,LAPTOP,LENOVO,YA,0
1044,100742,"NB LENOVO IPS3 I3 1215 8GB 512GB W11+OHS 14""FHD BLIT ABYSS BLUE - FMID",,LAPTOP,LENOVO,YA,0
1045,100743,"NB LENOVO IPS3 I3 1215 8GB 512GB W11+OHS 14""FHD BLIT ARTIC GREY - FNID",,LAPTOP,LENOVO,YA,0
1046,100744,"NB LENOVO IPS3 I3 1215 8GB 512GB W11+OHS 14""FHD BLIT MISTY BLUE - FPID",,LAPTOP,LENOVO,YA,0
1047,100830,NB LENOVO IPS3-141AH8 83EQ006GID I5 12450H 16GB 512GB W11 ABSBLU,198154444716,LAPTOP,LENOVO,YA,0
1048,100865,NB LENOVO IPS3-141AU7 I3 1215U 16GB 512GB 14'FHD W11+OHS MISBL 82RJ00CXID,197532280298,LAPTOP,LENOVO,YA,0
1049,82XL007BID,NB LENOVO IPS3-14ABR IPS3-14ABR RYZEN 5-7530U 8GB 512GB - ARTIC GREY,198154444792,LAPTOP,LENOVO,YA,0
1050,82XN003MID,NB LENOVO IPS3-14AMN8 RYZEN 3-7320U 8GB 512GB 14″ FHD TN/Win 11 Home+OHS - ABYSS BLUE,197529122129,LAPTOP,LENOVO,YA,0
1051,82XN003LID,NB LENOVO IPS3-14AMN8 RYZEN 3-7320U 8GB 512GB 14″ FHD TN/Win 11 Home+OHS - ARCTIC GREY,197529122112,LAPTOP,LENOVO,YA,0
1052,100810,NB LENOVO IPS3-14IAH8 i5-12450H 16GB 512GB WIN 11 HOME+OHS 2021 - ARTIC GREY 83EQ006HID,,LAPTOP,LENOVO,YA,0
1053,82XS000PID,"NB LENOVO IPS5 14ABR R7 16GB 512GB 82XS000PID 14"" FHD GREY",196803960334,LAPTOP,LENOVO,YA,0
1054,101366,NB LENOVO LEGION 5 -15IRX9 I7-13650HX 24GB 512GB RTX4060 W11+OHS2021 GRY + MOUSE 83JJ000BID,,LAPTOP,LENOVO,YA,0
1055,101368,NB LENOVO LEGION 5-16IRX9-83DG00BWID 17-14650HX 16GB 512GB RTX4050 W11+OHS 2021 GRY,,LAPTOP,LENOVO,YA,0
1056,101375,NB LENOVO LEGION 5-PRO 16ARX8-82WM007AID R7-7745HX 16GB 1TB RTX4070 W11+OHS 2021 GRY+MOUSE,,LAPTOP,LENOVO,YA,0
1057,101374,NB LENOVO LEGION 5S-16AHP9-83DH00571D R7-8845HS 16GB DDR5 512GB RTX4050 GRY,,LAPTOP,LENOVO,YA,0
1058,101367,NB LENOVO LEGION PRO5 16IRX9 14650HX I7 RTX4060 8GB GDDR6 16GB 1TB W11 GREY 83DF003LID,,LAPTOP,LENOVO,YA,0
1059,101216,NB LENOVO LEGION5 161RX9 14650HX RTX4060 16GB 512GB 83DG000AID W11OHS GREY,,LAPTOP,LENOVO,YA,0
1060,101439,NB LENOVO LOQ 15 I7 13650HX RTX3050 6GB/12GB 512GB W11+OHS 15.6FHD 144HZ 100SRGB 4ZRGB (BOX MOU)2Y+ADP GRY 83DV00A91D,,LAPTOP,LENOVO,YA,0
1061,83DV00AHID,NB LENOVO LOQ 15 I7 13650HX RTX4050 6GB/ 12GB 512GB W11+OHS 15.6FHD 144HZ 100SRGB 4ZRGB (BOX MOU) 2Y+ADP - GREY,197531921024,LAPTOP,LENOVO,YA,0
1062,101139,NB LENOVO LOQ 151RX9 83DV00A8ID I5-13450HX 12GB 512GB RTX3050 W11 15''FHD GREY,,LAPTOP,LENOVO,YA,0
1063,101158,LENOVO LOQ 15AHP9 83DX0037ID RYZEN 5-8645HS 8GB 512GB RTX4050 6GB 15.6″ FHD WIN 11 HOME + OHS 2021 (LUNA GREY),101158,LAPTOP,LENOVO,YA,0
1064,101344,NB LENOVO LOQ 15IAX RTX2050 4GB GDDR6 512GB 2050 15 83LK002QID  GRY,198155426827,LAPTOP,LENOVO,YA,0
1065,83GS001HID,NB LENOVO LOQ 15IAX9 I5-12450HX RTX2050 4GB/ 12GB 512GB W11+OHS 15.6FHD 144HZ 100SRGB BLIT 2Y+ADP GRY,197531781505,LAPTOP,LENOVO,YA,0
1066,83GS001JID,NB LENOVO LOQ 15IAX9 I5-12450HX RTX3050 6GB/ 12GB 512GB W11+OHS 15.6FHD 144HZ 100SRGB BLIT 2Y+ADP - GREY,197531781529,LAPTOP,LENOVO,YA,0
1067,101565,NB LENOVO LOQ 15IRX I7 4060 GREY 83DV00AGID,,LAPTOP,LENOVO,YA,0
1068,83DV00AAID,NB LENOVO LOQ 15IRX9 83DV00AAID INTEL I5-13450HX 12GB 512GB RTX4050 6GB 15.6″ FHD WIN 11 HOME + OHS 2021 (LUNA GREY),197531828453,LAPTOP,LENOVO,TIDAK,1
1069,101567,NEW NB LENOVO LOQ 15IRX9 83DV00A9ID INTEL I7-13650HX 12GB 512GB RTX3050 6GB 15.6″ FHD WIN 11 HOME + OHS 2021 (LUNA GREY),,LAPTOP,LENOVO,YA,0
1070,83JC001YID,NB LENOVO LOQ-15ARP RTX4060 R7 7435HS 12GB 512GB GREY,198153475605,LAPTOP,LENOVO,YA,0
1071,101498,NB LENOVO V14-IRU 83A000CHID CORE I5-13420H 16GB SSD 1TB W11+OHS 2021,,LAPTOP,LENOVO,YA,0
1072,101513,"NB LENOVO V15 G3-IAP 15-1235U 1.3GHz 8GB 512GB 15.6""FHD WINDIWS 11 HOME SL82TT00Q4ID",,LAPTOP,LENOVO,YA,0
1073,101326,NB LENOVO YOGA 7PRO-141MH U7 RTX4060,,LAPTOP,LENOVO,YA,0
1074,101254,NB LENOVO YOGA S7-141MH U7 16GB 1TB W11+OHS21,,LAPTOP,LENOVO,YA,0
1075,101417,NB MSI CYBORG I5 I7 12650H RTX4060 8GB/16GB 1TB W11+OHS 15.6FHD IPS 144HZ BLIT 2Y BLK-A12VF.1435,,LAPTOP,MSI,YA,0
1076,100869,NB MSI VECTOR 17 I9 14900HX RTX4080 12GB/16GB 1TB W11+OHS 17.0QHD PKRGB 3Y GRY,,LAPTOP,MSI,YA,0
1077,2509000266,NEW 1-SET PC COLORFUL COLORFIRE MEOW-G LIMITED EDITION - mATX,,PC BRANDED,COLORFUL,TIDAK,0
1078,2509000267,NEW 1-SET PC COLORFUL COLORFIRE MEOW-X LIMITED EDITION - mATX,,PC BRANDED,COLORFUL,TIDAK,0
1079,2507000242,NEW AC AQUA AQA -KR18FQAL 2 PK,,AC (AIR CONDITIONER),AQUA,TIDAK,0
1080,2505000005,NEW ACCESORIES CASING COUGAR FV270 LUMINOUS ROTATING PLATFORM - BLACK,,ACC CASING,COUGAR,TIDAK,0
1081,2505000006,NEW ACCESORIES CASING COUGAR FV270 LUMINOUS ROTATING PLATFORM - WHITE,,ACC CASING,COUGAR,TIDAK,0
1082,2503000381,NEW ACER ASPIRE LITE AL1 14 I3 1215 8GB 512GB W11+OHS 14'' WUXGA IPS BLUE - 14M.3BID,,LAPTOP,ACER,TIDAK,0
1083,2510000010,"NEW ACER MATE 14 AM1 I5-1235U 8GB 512GB 14"" WUXGA IPS W11+OHS 2024/2Y",,LAPTOP,ACER,TIDAK,0
1084,2503000378,NEW ACER STANDART BACKPACK ORIGINAL,,BACKPACK / TAS,ACER,TIDAK,34
1085,2504000499,NEW ADAPTER AC ADP-65DW A,,CHARGER LAPTOP,,TIDAK,0
1086,2509000219,NEW ADAPTER ACE 19V-3.42A 65W DC PORT 3.01*1.1mm,,CHARGER LAPTOP,,TIDAK,0
1087,2510000111,NEW ADAPTER ACER 19V-2.1A-30W,,CHARGER LAPTOP,ACER,TIDAK,0
1088,2510000168,NEW ADAPTER ACER 19V-2.37A-45W 3.0*1.1 MM WITH LIGHT,,CHARGER LAPTOP,ACER,TIDAK,0
1089,2507000241,"NEW ADAPTER ACER 19V-7.1A 100W 5.5""1.7MM",,CHARGER LAPTOP,ACER,TIDAK,0
1090,2508000081,NEW ADAPTER ASUS 19V-1.75A 4.0*1.35MM SQUARE SHAPE,,CHARGER LAPTOP,ASUS,TIDAK,0
1091,2503000608,NEW ADAPTER ASUS 19V-2.37A 45W (4.0X1.35MM),,CHARGER LAPTOP,ASUS,TIDAK,0
1092,2510000064,NEW ADAPTER ASUS 19V-2.37A 45W (5.5*2.5mm),,CHARGER LAPTOP,ASUS,TIDAK,0
1093,2503000621,NEW ADAPTER ASUS 19V-3.42A-65W-4.0*1.35MM EU PLUG SQUARE SHAPE WITH LIGHT,,CHARGER LAPTOP,ASUS,TIDAK,5
1094,2509000148,NEW ADAPTER ASUS 20V-7.5A-150W-6.0*3.7MM ORI BOX,,CHARGER LAPTOP,ASUS,TIDAK,0
1095,2503000243,NEW ADAPTER DELL 19.5V 12.3A 240W 7.4*5.0MM WITH LIGHT,,CHARGER LAPTOP,DELL,TIDAK,0
1096,2506000020,NEW ADAPTER HP 19.5V-3.33A 65W 4.5*3.0MM BLUE PIN WITH LIGHT,,CHARGER LAPTOP,HP,TIDAK,2
1097,2509000138,NEW ADAPTER HP 19.5V-6.15A 4.5*3.0 MM BLUE PIN,,CHARGER LAPTOP,HP,TIDAK,0
1098,2507000171,NEW ADAPTER HP 19.5V2.3IA 45W 4.5*3.0 MM BLUE PIN WITH LIGHT,,CHARGER LAPTOP,HP,TIDAK,0
1099,2510000181,NEW ADAPTER HP 19V-10.3A-200W,,CHARGER LAPTOP,HP,TIDAK,0
1100,2506000018,NEW ADAPTER LENOVO 20V-3.25A 65W TYPE C,,CHARGER LAPTOP,LENOVO,TIDAK,2
1101,2506000019,NEW ADAPTER LENOVO 20V-3.25A 65W USB PIN,,CHARGER LAPTOP,LENOVO,TIDAK,2
1102,2511000189,NEW ADAPTER LENOVO 20V-3.25A-65W-4.0*1.7MM PLUG EU SQUARE SHAPE,,CHARGER LAPTOP,LENOVO,TIDAK,1
1103,2510000242,NEW ADAPTER LENOVO A12-120P1A 19.5-6.15A 120W,,CHARGER LAPTOP,LENOVO,TIDAK,1
1104,2510000131,NEW ADAPTER MSI 20V-6A-120W ORI,,CHARGER LAPTOP,MSI,TIDAK,0
1105,2503000221,NEW ADAPTER FANTECH POWERCUBE TAC1 - BLACK,6972661289862,TRAVEL ADAPTER,FANTECH,TIDAK,1
1106,2509000124,NEW ADAPTER UGREEN AUDIO USB-C TO USB-C + 3.5MM 50596 - GRAY,6957303855964,CONVERTER AUDIO,UGREEN,TIDAK,1
1107,2509000167,NEW ADAPTER UGREEN USB-C THUNDERBOLT 3 TO HDMI 70444 - BLACK,6957303874446,CONVERTER C TO HDMI,UGREEN,TIDAK,0
1108,2507000272,NEW ADAPTER VENOMRX NB UNIVERSAL 65W,,CHARGER LAPTOP,VENOMRX,TIDAK,0
1109,2508000190,"NEW ADAPTOR ACER 19V-3.42A 65WATT 3.0*1,1MM",,CHARGER LAPTOP,ACER,TIDAK,0
1110,2509000246,NEW ADAPTOR ASUS 19.5V 7.7A 55x25 SLIM ROG + KABEL POWER COLOKAN 3,,CHARGER LAPTOP,ASUS,TIDAK,0
1111,2510000078,NEW ADAPTOR ASUS 19V-6.32A 120W-4.5*3.0MM ORI,,CHARGER LAPTOP,ASUS,TIDAK,0
1112,2506000006,NEW ADAPTOR ASUS 19VA,,CHARGER LAPTOP,ASUS,TIDAK,0
1113,2509000023,NEW ADAPTOR CHICONY 20V-6.15A [55x25],,CHARGER LAPTOP,,TIDAK,0
1114,2505000258,NEW ADAPTOR LENOVO AC/CA 230W 20V FOR SERVICE,,CHARGER LAPTOP,LENOVO,TIDAK,0
1115,2505000260,NEW ADAPTOR NB LENOVO 20V-6.5A 170W USB PIN ORI BOX FOR SERVICE,,CHARGER LAPTOP,LENOVO,TIDAK,0
1116,2509000005,NEW ADAPTOR PSU EPSON L1110 L3110 L4150,,,EPSON,TIDAK,0
1117,2509000043,"NEW AIO ASUS V241EAT-BA581W - i5-1135G7 8GB 1TB 23.8"" TOUCH WIN 11 HOME 2Y",,PC AIO,ASUS,TIDAK,0
1118,2509000282,NEW AIO AXIOO HYPE FLEX 5+ I5 12450H 16GB 512GB 23.8FHD IPS WHITE W11,,,,TIDAK,0
1119,2510000023,NEW AIO AXIOO HYPE FLEX X6 AMD Ryzen 5-6600H 16GB 512GB WHITE 1,,,,TIDAK,0
1120,2504000452,NEW AIR PURIFIER LEVOIT AIR PURIFER CORE 200S WHITE EU,,AIR PURIFIER,LEVOIT,TIDAK,0
1121,2504000450,NEW AIR PURIFIER LEVOIT AIR PURIFER CORE 300 WHITE EU,,AIR PURIFIER,LEVOIT,TIDAK,1
1122,2504000464,NEW AIR PURIFIER LEVOIT AIR PURIFIER AROMA PADS LAP-C121P-WUS GRAY 12PACK US,,AIR PURIFIER,LEVOIT,TIDAK,6
1123,2504000451,NEW AIR PURIFIER LEVOIT AIR PURIFIER CORE P350-GRAY EU,,AIR PURIFIER,LEVOIT,TIDAK,2
1124,2504000454,NEW AIR PURIFIER LEVOIT AIR PURIFIER DESKTOP TRUE HEPA LV-H128 WHITE 100-240V,,AIR PURIFIER,LEVOIT,TIDAK,3
1125,2504000459,NEW AIR PURIFIER LEVOIT AIR PURIFIER FILTER CORE P350-RF WHITE US,,AIR PURIFIER,LEVOIT,TIDAK,2
1126,2504000458,NEW AIR PURIFIER LEVOIT AIR PURIFIER FILTER CORE300-RF WHITE US,,AIR PURIFIER,LEVOIT,TIDAK,3
1127,2504000462,NEW AIR PURIFIER LEVOIT AIR PURIFIER FILTER LV-H128-RF,,AIR PURIFIER,LEVOIT,TIDAK,2
1128,2504000456,NEW AIR PURIFIER LEVOIT AIR PURIFIER LAP-V201S-ASSR WHITE,,AIR PURIFIER,LEVOIT,TIDAK,2
1129,2504000453,NEW AIR PURIFIER LEVOIT CORE MINI AIR PURIFIER LAP-C161-WAS WHITE 100-240V,810043375528,AIR PURIFIER,LEVOIT,TIDAK,0
1130,2504000461,NEW AIR PURIFIER LEVOIT CORE MINI AIR PURIFIER REPLACEMENT FILTER LRF-C161-WAS WHITE AS,,AIR PURIFIER,LEVOIT,TIDAK,1
1131,2504000460,NEW AIR PURIFIER LEVOIT FILTER AIR PURIFIER CORE 200S-RF WHITE UK,,AIR PURIFIER,LEVOIT,TIDAK,2
1132,2504000441,NEW AIR PURIFIER LEVOIT VESYNC CORE 300S TRUE HEPA SMART AIR PURIFIER LAP-C301S-WAAA WHITE 220-240V,,AIR PURIFIER,LEVOIT,TIDAK,0
1133,2504000440,NEW AIR PURIFIER LEVOIT VESYNC CORE 400S TRUE HEPA SMART AIR PURIFIER LAP-C401S-WAAA WHITE 220-240V,,AIR PURIFIER,LEVOIT,TIDAK,0
1134,2504000439,NEW AIR PURIFIER LEVOIT VESYNC CORE 600S SMART TRUE HEPA AIR PURIFIER LAP-C601S-WEU WHITE 220-240V,,AIR PURIFIER,LEVOIT,TIDAK,1
1135,2504000457,NEW AIR PURIFIER LEVOIT VESYNC EVERESTAIR SMART TRUE HEPA AIR PURIFIER LAP-EL551S-AEUR GRAY 220V,,AIR PURIFIER,LEVOIT,TIDAK,2
1136,2504000455,NEW AIR PURIFIER LEVOIT VITAL 100S SMART TRUE HEPA AIR PURIFIER LAP-V102S-AASR WHITE 100-240V,,AIR PURIFIER,LEVOIT,TIDAK,0
1137,2504000463,NEW AIR PURIFIER LEVOIT VITAL 100S TRUE HEPA+PET ALLERGY CARBON REPLACEMENT FILTER WHITE AS,,AIR PURIFIER,LEVOIT,TIDAK,2
1138,2511000238,NEW AIR PURIFIER NOTALE HEPA 13 NTL-AP1 H13 WHITE,,AIR PURIFIER,NOTALE,TIDAK,0
1139,2511000053,NEW ANTI VIRUS KASPERSKY PLUS 1U 1Y,2511000053,ANTI VIRUS,KASPERSKY,TIDAK,4
1140,2511000054,NEW ANTI VIRUS KASPERSKY PLUS 1U 2Y,2511000054,ANTI VIRUS,KASPERSKY,TIDAK,10
1141,2511000055,NEW ANTI VIRUS KASPERSKY PREMIUM 1U 1Y,2511000055,ANTI VIRUS,KASPERSKY,TIDAK,6
1142,2511000050,NEW ANTI VIRUS KASPERSKY STANDARD 1U 1Y - NON VPN,2511000050,ANTI VIRUS,KASPERSKY,TIDAK,3
1143,2511000052,NEW ANTI VIRUS KASPERSKY STANDARD 1U 2Y - NON VPN,2511000052,ANTI VIRUS,KASPERSKY,TIDAK,10
1144,2511000051,NEW ANTI VIRUS KASPERSKY STANDARD 3U 1Y - NON VPN,2511000051,ANTI VIRUS,KASPERSKY,TIDAK,16
1145,2511000223,NEW APPLE IPHONE 17 PRO MAX 512GB DEEP BLUE,,HANDPHONE,APPLE,TIDAK,0
1146,2509000050,NEW APPLE MAC MINI M4 10C GPU 16GB 256GB 10C CPU SLV - MU9D3ID/A,,LAPTOP,APPLE,TIDAK,0
1147,2505000131,NEW APPLE MACBOOK AIR 13 M2 8C GPU 16GB 256GB 8C CPU 13.6 MIDNIGHT BLACK -MC7X4ID,,LAPTOP,APPLE,TIDAK,0
1148,2503000578,NEW ASUS VIVOBOOK GO 14 E1404GA I3 N305 8CORE 8/256 SILVER FHD 323,,LAPTOP,ASUS,TIDAK,0
1149,2503000269,NEW NB ASUS VIVOBOOK GO 14 E1404GA FHD353M INTEL I3-N305 8GB 512GB 14″ FHD WIN 11 HOME + OHS 2021 (COOL SILVER),,LAPTOP,ASUS,TIDAK,0
1150,2506000322,NEW NB ASUS VIVOBOOK GO 14 E1404FA VIPS554M RYZEN 5-7520U 16GB 512GB 14″ FHD IPS WIN 11 HOME + OHS 2021 (COOL SILVER),,LAPTOP,ASUS,TIDAK,0
1151,2510000116,NEW BACKPACK LENOVO T210,,BACKPACK / TAS,LENOVO,TIDAK,5
1152,2508000248,NEW BASEUS BOWIE H1i NOISE CANCELLATION WIRELESS HEADPHONES STELLAR WHITE,,HEADSET OFFICE WIRELESS,BASEUS,TIDAK,0
1153,2508000243,NEW BASEUS CRYSTAL SHINE SERIES FAST CHARGING DATA CABLE TYPE-C TO IP 20W 2M BLACK CAJY000301,,KABEL DATA USB C TO LIGHTNING,BASEUS,TIDAK,0
1154,2508000244,NEW BASEUS CRYSTAL SHINE SERIES FAST CHARGING DATA CABLE USB TO TYPE-C 100W 1.2M BLACK CAJY000401,,KABEL DATA USB C TO C,BASEUS,TIDAK,0
1155,2508000245,NEW BASEUS CRYSTAL SHINE SERIES FAST CHARGING DATA CABLE USB TO TYPE-C 100W 2M BLACK - CAJY000501,,KABEL DATA USB C TO C,BASEUS,TIDAK,0
1156,2506000178,NEW BASEUS CW-FXP BASEUS CRYSTAL SHINE SERIES FAST CHARGING DATA CABLE TYPE-C TO TYPE-C 100W 1.2M BLACK CAJY000601,6932172602864,KABEL DATA USB C TO C,BASEUS,TIDAK,0
1157,2506000179,NEW BASEUS CX-FXP CRYSTAL SHINE SERIES FAST CHARGING DATA CABLE TYPE-C TO IP 20W 1.2M BLACKCAJY000201,6932172602741,KABEL DATA USB C TO LIGHTNING,BASEUS,TIDAK,0
1158,2508000250,NEW BASEUS DIGITAL LED DISPLAY GEN 2 WIRELESS CHARGER 15W CCED01 - CCED000001,,WIRELESS CHARGER,BASEUS,TIDAK,0
1159,2508000249,NEW BASEUS DISPLAY FAST CHARGING DATA CABLE USB TO TYPE-C 66W 1M GREEN - CASX020006,,KABEL DATA USB C TO C,BASEUS,TIDAK,0
1160,2508000251,NEW BASEUS GAN3 FAST CHARGER 1C 20W CN WHITE - CCGN020002,,CHARGER HANDPHONE,BASEUS,TIDAK,0
1161,2508000253,NEW BASEUS PIONEERJOY 4-PORT TYPE-C HUB ADAPTER (TYPE-C TO USB) GRAY - WKYY030013,,USB HUB (DOCKING STATION),BASEUS,TIDAK,0
1162,2509000197,NEW BATERAI ACER AP18E8M-15.4V 58.75WH ORIGINAL,,BATERAI LAPTOP,ACER,TIDAK,0
1163,2507000070,NEW BATERAI ASUS B31N1842 ORIGINAL,,BATERAI LAPTOP,ASUS,TIDAK,0
1164,2506000315,NEW BATERAI ASUS B3IN1912,,BATERAI LAPTOP,ASUS,TIDAK,0
1165,2507000191,NEW BATERAI ASUS C21N1347/X555 ORIGINAL,,BATERAI LAPTOP,ASUS,TIDAK,0
1166,2503000209,NEW BATERAI ASUS C21N1818-2 ORIGINAL,,BATERAI LAPTOP,ASUS,TIDAK,0
1167,2510000182,NEW BATERAI ASUS C41N1901,,BATERAI LAPTOP,ASUS,TIDAK,0
1168,2511000090,NEW BATERAI ASUS TUF B31N1726-1,,BATERAI LAPTOP,ASUS,TIDAK,0
1169,2509000247,NEW BATERAI ASUS UX433F,,BATERAI LAPTOP,ASUS,TIDAK,0
1170,2511000091,NEW BATERAI ASUS X412F B21N1818,,BATERAI LAPTOP,ASUS,TIDAK,0
1171,2505000146,NEW BATERAI ASUS X441/A 3 IN 1 357 10.8V - 2200 MAH,,BATERAI LAPTOP,ASUS,TIDAK,0
1172,2506000330,NEW BATERAI CMOS MAXELL CR2032,,BATERAI CMOS,MAXELL,TIDAK,2
1173,2510000269,NEW BATERAI DELL 11.4V-42wH ORI,,BATERAI LAPTOP,DELL,TIDAK,0
1174,2506000328,NEW BATERAI DELL 3521 BLACK 14.8V-2200MAH,,BATERAI LAPTOP,DELL,TIDAK,0
1175,2507000112,NEW BATERAI DELL E7270/J60J5 ORIGINAL,,BATERAI LAPTOP,DELL,TIDAK,0
1176,2511000144,NEW BATERAI DELL INSPIRON 19V-3.42W ORI,,BATERAI LAPTOP,DELL,TIDAK,0
1177,2510000175,NEW BATERAI HP 745-G5/SS03XL2200MAH 11.55V BLACK,,BATERAI LAPTOP,HP,TIDAK,0
1178,2511000191,NEW BATERAI HP C503XL/TA03XL 840-G3 11.4V 3000mAH BLACK,,BATERAI LAPTOP,HP,TIDAK,0
1179,2507000021,NEW BATERAI HP HT03XL ORIGINAL,,BATERAI LAPTOP,HP,TIDAK,1
1180,2507000123,NEW BATERAI HP JC04,,BATERAI LAPTOP,HP,TIDAK,0
1181,2509000137,NEW BATERAI HP PG03XL ORIGINAL,,BATERAI LAPTOP,HP,TIDAK,0
1182,2509000242,NEW BATERAI HP WK04XL ORIGINAL,,BATERAI LAPTOP,HP,TIDAK,0
1183,2504000341,NEW BATERAI LAPTOP ASUS A455L,,BATERAI LAPTOP,ASUS,TIDAK,0
1184,2510000132,NEW BATERAI LENOVO E590,,BATERAI LAPTOP,LENOVO,TIDAK,0
1185,2509000288,NEW BATERAI LENOVO L18C4PP3/C340-14IWL ORI,,BATERAI LAPTOP,LENOVO,TIDAK,0
1186,2510000081,NEW BATERAI LENOVO L18M3PF1,,BATERAI LAPTOP,LENOVO,TIDAK,0
1187,2511000093,NEW BATERAI LENOVO T4980,,BATERAI LAPTOP,LENOVO,TIDAK,0
1188,2507000069,NEW BATERAI MSI BTY-M6K ORIGINAL,,BATERAI LAPTOP,MSI,TIDAK,0
1189,2508000007,NEW BATERAI NB ACER AP20CBL ORIGINAL (SERVICE),,BATERAI LAPTOP,ACER,TIDAK,0
1190,2509000248,NEW BATERAI NB MSI GF63,,BATERAI LAPTOP,MSI,TIDAK,0
1191,2511000092,NEW BATERAI UPS NEUTON POWER NP1290M 12V 9Ah,,BATERAI UPS,,TIDAK,4
1192,2505000259,NEW BATERAI UPS NEUTON POWER NP1272M (12v 7.2AH),,BATERAI UPS,,TIDAK,3
1193,2509000222,NEW BATERAI UPS POWER UP 12V 7.2AH,,BATERAI UPS,,TIDAK,0
1194,2509000238,NEW BATERAI UPS VOZ 12V 7 AH DEEP CYCLE,,BATERAI UPS,,TIDAK,0
1195,2510000024,NEW BATREAI HP COMPAQ CQ42,,BATERAI LAPTOP,HP,TIDAK,0
1196,2503000194,NEW BATREI ASUS B31N1842,,BATERAI LAPTOP,ASUS,TIDAK,0
1197,2503000106,NEW BATREI HP HT03XL,,BATERAI LAPTOP,HP,TIDAK,0
1198,2505000088,NEW BATTERY NB FOR DE 3451 14.8V 2600mAH,,BATERAI LAPTOP,,TIDAK,1
1199,2503000199,NEW BATTERY PACK LP-E17,,BATERAI LAPTOP,,TIDAK,0
1200,2507000053,NEW BELDEN RJ45 CONNECTOR CAT6,,,BELDEN,TIDAK,0
1201,2503000123,NEW SCANNER BLUEPRINT 2D W2D BLUETOOTH,,SCANNER,BLUEPRINT,TIDAK,1
1202,2503000122,NEW BLUEPRINT BLUETOOTH THERMAL BP-LITE80D,,THERMAL PRINTER,BLUEPRINT,TIDAK,1
1203,2503000121,NEW BLUEPRINT LITE CASH DRAWER BPL01,2503000121,CASH DRAWER,BLUEPRINT,TIDAK,1
1204,2504000029,NEW BLUEPRINT LITE CASH DRAWER BPL03,,CASH DRAWER,BLUEPRINT,TIDAK,0
1205,2510000013,NEW SCANNER BLUEPRINT SP200 PORTABLE BLUETOOTH,,SCANNER,BLUEPRINT,TIDAK,0
1206,2509000143,NEW BLUEPRINT THERMAL PAPER ROLL,,,BLUEPRINT,TIDAK,0
1207,2503000213,NEW BRACKET DARKFLASH ATLAS 01 BLACK,,BRACKET MONITOR,DARK FLASH,TIDAK,0
1208,2503000180,NEW BRACKET DARKFLASH ATLAS 01 WHITE,,BRACKET MONITOR,DARK FLASH,TIDAK,0
1209,2503000179,NEW BRACKET DARKFLASH ATLAS 02 BLACK,,BRACKET MONITOR,DARK FLASH,TIDAK,0
1210,2507000032,NEW BRACKET MONITOR MA03 BLACK,2507000032,BRACKET MONITOR,,TIDAK,0
1211,2507000033,NEW BRACKET MONITOR MA03 WHITE,,BRACKET MONITOR,,TIDAK,1
1212,2505000066,NEW BRACKET MONITOR REXUS + MONITOR LAPTOP DBM-03,,BRACKET MONITOR,REXUS,TIDAK,8
1213,2504000224,NEW BRACKET MONITOR REXUS ARM OMNI RXB-147 BLACK,6992008270018,BRACKET MONITOR,REXUS,TIDAK,1
1214,2504000223,NEW BRACKET MONITOR REXUS DBM-01 - SPACE GREY,6992008254049,BRACKET MONITOR,REXUS,TIDAK,0
1215,2505000065,NEW BRACKET MONITOR REXUS DBM-02,6992008236014,BRACKET MONITOR,REXUS,TIDAK,5
1216,2503000384,NEW BRACKET MONITOR SINGLE M10-WHITE,,BRACKET MONITOR,,TIDAK,1
1217,2505000095,NEW BRACKET NLR LITE FREESTANDING MONITOR STAND,,,,TIDAK,0
1218,2505000087,NEW BRACKET NLR STANDING TRIPLE MONITOR,,,,TIDAK,0
1219,2508000091,NEW BRACKET OXIMUS AQUILA 2227 - WALL TILT BRACKET,,BRACKET MONITOR,OXIMUS,TIDAK,0
1220,2508000092,NEW BRACKET OXIMUS AQUILA 6450 - WALL TILT BRACKET,,BRACKET MONITOR,OXIMUS,TIDAK,0
1221,2508000122,NEW BRACKET OXIMUS C251 BLACK UNDER DESK SLIDING DRAWER - C251HM,,BRACKET MONITOR,OXIMUS,TIDAK,0
1222,2508000123,NEW BRACKET OXIMUS C251 WHITE UNDER DESK SLIDING DRAWER - C251PH,,BRACKET MONITOR,OXIMUS,TIDAK,0
1223,2508000126,NEW BRACKET OXIMUS C80 CABLE MANAGEMENT BLACK,,BRACKET MONITOR,OXIMUS,TIDAK,0
1224,2508000127,NEW BRACKET OXIMUS C80 CABLE MANAGEMENT WHITE,,BRACKET MONITOR,OXIMUS,TIDAK,0
1225,2508000125,NEW BRACKET OXIMUS C85 BLACK CABLE MANAGEMENT - C85HM,,BRACKET MONITOR,OXIMUS,TIDAK,0
1226,2508000124,NEW BRACKET OXIMUS C85 WHITE CABLE MANAGEMENT - C85PH,,BRACKET MONITOR,OXIMUS,TIDAK,0
1227,2508000120,NEW BRACKET OXIMUS C91D BLACK CABLE MANAGEMENT - C91DHM,,BRACKET MONITOR,OXIMUS,TIDAK,0
1228,2508000121,NEW BRACKET OXIMUS C91D WHITE CABLE MANAGEMENT - C91DPH,,BRACKET MONITOR,OXIMUS,TIDAK,0
1229,2508000093,NEW BRACKET OXIMUS L10A - L10AHM BLACK - WALL TV BRACKET,,BRACKET MONITOR,OXIMUS,TIDAK,0
1230,2508000094,NEW BRACKET OXIMUS LYNX 2232 - L2232 - WALL TILT BRACKET,,BRACKET MONITOR,OXIMUS,TIDAK,0
1231,2508000097,NEW BRACKET OXIMUS P100e BLACK - P100eHM,,BRACKET MONITOR,OXIMUS,TIDAK,0
1232,2508000102,NEW BRACKET OXIMUS P108 BLACK-BLACK - P108HMHM,,BRACKET MONITOR,OXIMUS,TIDAK,0
1233,2508000103,NEW BRACKET OXIMUS P108 BLACK-GREY - P108HMAU,,BRACKET MONITOR,OXIMUS,TIDAK,0
1234,2508000104,NEW BRACKET OXIMUS P108 BLACK-ORANGE - P108HMOE,,BRACKET MONITOR,OXIMUS,TIDAK,0
1235,2508000106,NEW BRACKET OXIMUS P108 WHITE-GREY- P108PHAU,,BRACKET MONITOR,OXIMUS,TIDAK,0
1236,2508000107,NEW BRACKET OXIMUS P108 WHITE-ORANGE - P108PHOE,,BRACKET MONITOR,OXIMUS,TIDAK,0
1237,2508000105,NEW BRACKET OXIMUS P108 WHITE-WHITE- P108PHPH,,BRACKET MONITOR,OXIMUS,TIDAK,0
1238,2508000098,NEW BRACKET OXIMUS P200e BLACK - P200eHM,,BRACKET MONITOR,OXIMUS,TIDAK,0
1239,2508000099,NEW BRACKET OXIMUS P200e WHITE - P200ePH,,BRACKET MONITOR,OXIMUS,TIDAK,0
1240,2508000100,NEW BRACKET OXIMUS P300 BLACK + USB,,BRACKET MONITOR,OXIMUS,TIDAK,0
1241,2508000101,NEW BRACKET OXIMUS PW100 - PW100HM,,BRACKET MONITOR,OXIMUS,TIDAK,0
1242,2508000111,NEW BRACKET OXIMUS STANDING MONITOR/ TV TC1500,,BRACKET MONITOR,OXIMUS,TIDAK,0
1243,2508000112,NEW BRACKET OXIMUS STANDING MONITOR/ TV TC1700e BLACK - TC1700e,,BRACKET MONITOR,OXIMUS,TIDAK,0
1244,2508000113,NEW BRACKET OXIMUS STANDING MONITOR/ TV TC1700e WHITE - TC1700ePH,,BRACKET MONITOR,OXIMUS,TIDAK,0
1245,2508000109,NEW BRACKET OXIMUS STANDING MONITOR/ TV TC6610,,BRACKET MONITOR,OXIMUS,TIDAK,0
1246,2508000110,NEW BRACKET OXIMUS STANDING MONITOR/ TV TC6620,,BRACKET MONITOR,OXIMUS,TIDAK,0
1247,2508000128,NEW BRACKET OXIMUS T560-15 CEILING BRACKET,,BRACKET MONITOR,OXIMUS,TIDAK,0
1248,2508000095,NEW BRACKET OXIMUS ZDP1118 BLACK V4 - ZDP1118B.4,,BRACKET MONITOR,OXIMUS,TIDAK,0
1249,2508000096,NEW BRACKET OXIMUS ZDP1118 WHITE V4 - ZDP1118W.4,,BRACKET MONITOR,OXIMUS,TIDAK,0
1250,2508000108,NEW BRACKET OXIMUS ZL1141 - ZL1141.2,,BRACKET MONITOR,OXIMUS,TIDAK,0
1251,2503000522,NEW BRACKET PROJECTOR MINI BLACK (KOTAK BOX  PUTIH),,BRACKET PROYEKTOR,,TIDAK,0
1252,2511000190,NEW BRACKET PROYEKTOR UNIVERSAL MOUNT 90CM,2511000190,,,TIDAK,0
1253,2507000028,NEW BRACKET SINGLE BLACK (NB),,,,TIDAK,0
1254,2507000029,NEW BRACKET SINGLE WHITE (NB),,,,TIDAK,0
1255,2509000241,NEW BUNDLE 3IN1 MEJA GAMING REXUS OMNI RXB-147 INCLUDE PEGBOARD & MONITOR ARM BRACKET,,MEJA GAMING,REXUS,TIDAK,0
1256,2503000284,NEW CABLE CP TO HDMI 30CM BLACK,,,,TIDAK,0
1257,2506000183,NEW CABLE EXTENSION ALSEYE ALS - CE8P3 3X8 PIN,4897059876856,,,TIDAK,6
1258,2506000181,NEW CABLE EXTENSION ALSEYE ALS-CE 24P 24PIN,,,,TIDAK,4
1259,2506000182,NEW CABLE EXTENSION ALSEYE VGA CARD ALS-CE 8 P2,4897059876863,,,TIDAK,6
1260,2503000016,NEW CABLE HDMI TO HDMI 3MTR V1.4,,,,TIDAK,0
1261,2503000019,NEW CABLE HDTV 1.5MTR BLUE BOX,,,,TIDAK,0
1262,2506000180,NEW CABLE OPTIC HDMI TO HDMI GREEN ALLIANCE 50M,,,,TIDAK,0
1263,2508000149,NEW CABLE POWER ADAPTER EUROPE 1.5M BLOSSOM,,,,TIDAK,0
1264,2503000018,"NEW CABLE POWER ENGLISH 1,5MTR",,,,TIDAK,0
1265,2503000017,NEW CABLE POWER EUROPE 1.5MTR,,,,TIDAK,1
1266,2509000033,NEW CABLE POWER PC EUROPE (2 KAKI) 1.5M,,,,TIDAK,0
1267,2504000294,NEW CABLE POWER PRINTER 2 KAKI,,KABEL PRINTER,,TIDAK,0
1268,2506000260,NEW CABLE POWER UK 1.5M - WITH FUSE,,,,TIDAK,4
1269,2506000049,NEW KABEL HDMI VENTION AACBT 30M - BLACK,6922794789210,KABEL HDMI TO HDMI,VENTION,TIDAK,6
1270,2505000023,NEW CABLE VGA 15M-15M 1.5MTR BLUE,,,,TIDAK,2
1271,2503000521,NEW CABLE VGA KINGCHUKI 3+6M/M 15M,,,,TIDAK,0
1272,2503000520,NEW CABLE VGA KINGCHUKI 3+6M/M 25M,,,,TIDAK,0
1273,2503000150,NEW CAMERA CANON EOS RP BODY ONLY,,,,TIDAK,0
1274,2509000249,NEW CANON LENS RF-S18-45mm F/4.5-6.3 IS STM,,,,TIDAK,0
1275,2508000219,NEW CARD READER VENTION USB 2.0 MULTI-FUNCTION CCJH0 - GRAY,,CARD READER,VENTION,TIDAK,0
1276,2508000218,NEW CARD READER VENTION USB 3.0 MULTI-FUNCTION CCHH0 - GRAY,6922794736429,CARD READER,VENTION,TIDAK,7
1277,2507000132,NEW CARTRIDGE BROTHER GENUINE TONER TN-2356,,,,TIDAK,0
1278,2509000011,NEW CARTRIDGE CANON MCG02,,,,TIDAK,0
1279,2509000292,NEW CARTRIDGE CANON MCG04,,,,TIDAK,0
1280,2511000114,NEW CARTRIDGE HP 680 TINTA PRINTER BLACK,,TINTA CATRIDGE,HP,TIDAK,6
1281,2511000115,NEW CARTRIDGE HP 680 TINTA PRINTER COLOR,,TINTA CATRIDGE,HP,TIDAK,7
1282,2511000117,NEW CARTRIDGE HP 682 TINTA PRINTER BLACK,,TINTA CATRIDGE,HP,TIDAK,0
1283,2511000118,NEW CARTRIDGE HP 682 TINTA PRINTER COLOR,,TINTA CATRIDGE,HP,TIDAK,0
1284,2505000083,NEW CARTRIDGE PIXMA BH-70 BLACK,,,,TIDAK,0
1285,2511000116,NEW SSD NVME ADATA LEGEND 710 2TB GEN 3.0 - 2280,,TINTA CATRIDGE,HP,TIDAK,0
1286,2509000277,NEW CASING ADATA XPG STARKER AIR - ATX - WHITE,2509000277,CASING PC GAMING,XPG,TIDAK,1
1287,2504000277,NEW CASING AEROCOOL MIRAGE RGB - ATX - BLACK,4710562759549,CASING PC GAMING,AEROCOOL,TIDAK,1
1288,2504000338,NEW CASING AEROMAX AM-310,,CASING PC GAMING,,TIDAK,0
1289,2504000345,NEW CASING AEROMAX AM-311,,CASING PC GAMING,,TIDAK,0
1290,2504000284,NEW CASING APNX V1 - ATX - BLACKWOOD,2504000284,CASING PC GAMING,APNX,TIDAK,0
1291,2504000285,NEW CASING APNX V1 - ATX - WHITE,2504000285,CASING PC GAMING,APNX,TIDAK,2
1292,2510000260,NEW CASING ARMAGEDON AQUARON NEMO BLACK - mATX,8886411980702,CASING PC GAMING,ARMAGGEDDON,TIDAK,0
1293,2510000261,NEW CASING ARMAGEDON AQUARON NEMO WHITE - mATX,8886411980726,CASING PC GAMING,ARMAGGEDDON,TIDAK,17
1294,2510000264,NEW CASING ARMAGEDON AQUARON WIBO BLACK - mATX,8886411983017,CASING PC GAMING,ARMAGGEDDON,TIDAK,9
1295,2510000265,NEW CASING ARMAGEDON AQUARON WIBO WHITE - mATX,8886411983048,CASING PC GAMING,ARMAGGEDDON,TIDAK,10
1296,2510000258,NEW CASING ARMAGEDON AQUARON X CURVE 285 BLACK - mATX,8886411983079,CASING PC GAMING,ARMAGGEDDON,TIDAK,0
1297,2510000259,NEW CASING ARMAGEDON AQUARON X CURVE 285 WHITE - mATX,8886411983109,CASING PC GAMING,ARMAGGEDDON,TIDAK,1
1298,2510000266,NEW CASING ARMAGGEDDON AQUARON X-CURVE GIGA 10 RGB BLACK - ATX,8886411981198,CASING PC GAMING,ARMAGGEDDON,TIDAK,4
1299,2510000267,NEW CASING ARMAGGEDDON AQUARON X-CURVE GIGA 10 RGB WHITE - ATX,8886411982003,CASING PC GAMING,ARMAGGEDDON,TIDAK,3
1300,2509000273,NEW CASING BEZZERA BX-220 - mATX,2509000273,CASING PC OFFICE,BEZZERA,TIDAK,84
1301,2507000142,NEW CASING BEZZERA GAMING CASE ARTHUR m-ATX,,CASING PC GAMING,BEZZERA,TIDAK,1
1302,2507000143,NEW CASING BEZZERA GAMING CASE N30 m-ATX - BLACK,,CASING PC GAMING,BEZZERA,TIDAK,1
1303,2507000144,NEW CASING BEZZERA GAMING CASE N30 m-ATX - WHITE,,CASING PC GAMING,BEZZERA,TIDAK,0
1304,2507000140,NEW CASING BEZZERA OFFICE CASE B-110 m-ATX,,CASING PC OFFICE,BEZZERA,TIDAK,3
1305,2507000141,NEW CASING BEZZERA OFFICE CASE F4N m-ATX,,CASING PC OFFICE,BEZZERA,TIDAK,0
1306,2509000262,NEW CASING COLORFIRE MEOW-G,2509000262,CASING PC GAMING,COLORFUL,TIDAK,5
1307,2509000265,NEW CASING COLORFIRE MEOW-X,,CASING PC GAMING,COLORFUL,TIDAK,5
1308,2503000311,NEW CASING COUGAR ARCHON 2 RGB BLACK,4710483773037,CASING PC GAMING,COUGAR,TIDAK,1
1309,2503000312,NEW CASING COUGAR ARCHON 2 RGB WHITE,2503000312,CASING PC GAMING,COUGAR,TIDAK,2
1310,2503000332,NEW CASING COUGAR BLAZER ESSENCE MID TOWER,,CASING PC GAMING,COUGAR,TIDAK,1
1311,2505000001,NEW CASING COUGAR DUOFACE PRO RGB - ATX - BLACK,4710483775253,CASING PC GAMING,COUGAR,TIDAK,1
1312,2505000002,NEW CASING COUGAR DUOFACE PRO RGB - ATX - WHITE,,CASING PC GAMING,COUGAR,TIDAK,0
1313,2503000309,NEW CASING COUGAR DUOFACE RGB - ATX - BLACK,4710483774409,CASING PC GAMING,COUGAR,TIDAK,6
1314,2503000310,NEW CASING COUGAR DUOFACE RGB - ATX - WHITE,2503000310,CASING PC GAMING,COUGAR,TIDAK,1
1315,2505000081,NEW CASING COUGAR FV150 RGB - ATX - BLACK,2505000081,CASING PC GAMING,COUGAR,TIDAK,0
1316,2505000082,NEW CASING COUGAR FV150 RGB PINK WITH FAN HOSE SW120 PRO V2 PWM FAN 12CM ARGB WHITE - MID TOWER,2505000082,CASING PC GAMING,COUGAR,TIDAK,1
1317,2503000322,NEW CASING COUGAR FV150 RGB - ATX - WHITE,4710483778247,CASING PC GAMING,COUGAR,TIDAK,1
1318,2503000316,NEW CASING COUGAR FV270 4FAN RGB BLACK MID TOWER,4710483777424,CASING PC GAMING,COUGAR,TIDAK,2
1319,2503000315,NEW CASING COUGAR FV270 4FAN RGB WHITE MID TOWER,2503000315,CASING PC GAMING,COUGAR,TIDAK,1
1320,2503000333,NEW CASING COUGAR GEMINI T PRO RGB MID TOWER,2503000333,CASING PC GAMING,COUGAR,TIDAK,1
1321,2503000319,NEW CASING COUGAR MG120-G - mATX - BLACK,,CASING PC GAMING,COUGAR,TIDAK,0
1322,2505000004,NEW CASING COUGAR MX360 ARGB - ATX - BLACK,,CASING PC GAMING,COUGAR,TIDAK,5
1323,2507000263,NEW CASING COUGAR MX430 MESH RGB - ATX - BLACK,,CASING PC GAMING,COUGAR,TIDAK,0
1324,2505000003,NEW CASING COUGAR MX440 MESH RGB - ATX - BLACK,4710483771309,CASING PC GAMING,COUGAR,TIDAK,11
1325,2503000305,NEW CASING COUGAR MX600 RGB - ATX - BLACK,4710483776663,CASING PC GAMING,COUGAR,TIDAK,0
1326,2503000306,NEW CASING COUGAR MX600 RGB - ATX - WHITE,4710483776670,CASING PC GAMING,COUGAR,TIDAK,2
1327,2503000307,NEW CASING COUGAR PANZER MAX - FULL TOWER GAMING CASE,2503000307,CASING PC GAMING,COUGAR,TIDAK,1
1328,2503000308,NEW CASING COUGAR PURITAS RGB MID TOWER,4715302440992,CASING PC GAMING,COUGAR,TIDAK,2
1329,2503000304,NEW CASING COUGAR PURITY RGB BLACK-MINI TOWER,4710483773365,CASING PC GAMING,COUGAR,TIDAK,3
1330,2507000264,NEW CASING COUGAR PURITY RGB WHITE MINI TOWER – mATX,,CASING PC GAMING,COUGAR,TIDAK,0
1331,2503000317,NEW CASING COUGAR UNIFACE MINI - mATX - BLACK,,CASING PC GAMING,COUGAR,TIDAK,0
1332,2503000318,NEW CASING COUGAR UNIFACE MINI - mATX - WHITE,2503000318,CASING PC GAMING,COUGAR,TIDAK,2
1333,2505000010,NEW CASING COUGAR UNIFACE RGB - ATX - BLACK,4710483776878,CASING PC GAMING,COUGAR,TIDAK,2
1334,2508000255,NEW CASING CUBE GAMING ATHOS BLACK - mATX,,CASING PC GAMING,CUBE GAMING,TIDAK,0
1335,2508000256,NEW CASING CUBE GAMING ATHOS WHITE - mATX,,CASING PC GAMING,CUBE GAMING,TIDAK,0
1336,2508000258,NEW CASING CUBE GAMING AXEL V2.0 GLASS WHITE - mATX,,CASING PC GAMING,CUBE GAMING,TIDAK,0
1337,2508000257,NEW CASING CUBE GAMING AXEL V2.0 MESH WHITE - mATX,,CASING PC GAMING,CUBE GAMING,TIDAK,0
1338,2508000259,NEW CASING CUBE GAMING BALVEER BLACK - mATX,,CASING PC GAMING,CUBE GAMING,TIDAK,0
1339,2508000260,NEW CASING CUBE GAMING BALVEER WHITE - mATX,,CASING PC GAMING,CUBE GAMING,TIDAK,0
1340,2503000137,NEW CASING CUBE GAMING CIELO - ATX - WHITE,,CASING PC GAMING,CUBE GAMING,TIDAK,0
1341,2503000135,NEW CASING CUBE GAMING CINEMA - ATX - BLACK,,CASING PC GAMING,CUBE GAMING,TIDAK,0
1342,2503000136,NEW CASING CUBE GAMING CINEMA - ATX - WHITE,,CASING PC GAMING,CUBE GAMING,TIDAK,0
1343,2508000261,NEW CASING CUBE GAMING EPIOM GLASS WHITE - mATX,,CASING PC GAMING,CUBE GAMING,TIDAK,0
1344,2508000262,NEW CASING CUBE GAMING GLASS BLACK - mATX,,CASING PC GAMING,CUBE GAMING,TIDAK,0
1345,2503000138,NEW CASING CUBE GAMING KIEV - ATX - BLACK,,CASING PC GAMING,CUBE GAMING,TIDAK,0
1346,2508000263,NEW CASING CUBE GAMING LICKA WHITE - mATX,,CASING PC GAMING,CUBE GAMING,TIDAK,0
1347,2508000264,NEW CASING CUBE GAMING LORUS - ATX,,CASING PC GAMING,CUBE GAMING,TIDAK,0
1348,2508000265,NEW CASING CUBE GAMING MOFEN WHITE - mATX,,CASING PC GAMING,CUBE GAMING,TIDAK,0
1349,2508000266,NEW CASING CUBE GAMING NAST BLACK - mATX,,CASING PC GAMING,CUBE GAMING,TIDAK,0
1350,2508000267,NEW CASING CUBE GAMING NAST WHITE - mATX,,CASING PC GAMING,CUBE GAMING,TIDAK,0
1351,2508000268,NEW CASING CUBE GAMING PREMIUM SHIVA BLACK - ATX,,CASING PC GAMING,CUBE GAMING,TIDAK,0
1352,2508000269,NEW CASING CUBE GAMING PREMIUM SHIVA WHITE - ATX,,CASING PC GAMING,CUBE GAMING,TIDAK,0
1353,2508000272,NEW CASING CUBE GAMING PREMIUM ZARCOF BLACK - ATX,,CASING PC GAMING,CUBE GAMING,TIDAK,0
1354,2508000273,NEW CASING CUBE GAMING PREMIUM ZARCOF WHITE - ATX,,CASING PC GAMING,CUBE GAMING,TIDAK,0
1355,2508000270,NEW CASING CUBE GAMING QUITOZ BLACK - mATX,,CASING PC GAMING,CUBE GAMING,TIDAK,0
1356,2508000271,NEW CASING CUBE GAMING QUITOZ WHITE - mATX,,CASING PC GAMING,CUBE GAMING,TIDAK,0
1357,2508000274,NEW CASING CUBE GAMING ZINCT BLACK - ATX,,CASING PC GAMING,CUBE GAMING,TIDAK,0
1358,2508000275,NEW CASING CUBE GAMING ZINCT WHITE - ATX,,CASING PC GAMING,CUBE GAMING,TIDAK,0
1359,2503000185,NEW CASING DARKFLASH AIGO DARKFLASH FT350 M-ATX BLACK,2503000185,CASING PC GAMING,DARK FLASH,TIDAK,2
1360,2503000184,NEW CASING DARKFLASH AIGO DARKFLASH FT350 M-ATX WHITE,2503000184,CASING PC GAMING,DARK FLASH,TIDAK,6
1361,2508000313,NEW CASING DARKFLASH DS900WD ATX - BLACK,4711527003936,CASING PC GAMING,DARK FLASH,TIDAK,6
1362,2508000131,NEW CASING DARKFLASH DS900WS ATX - BLACK,4711527003974,CASING PC GAMING,DARK FLASH,TIDAK,0
1363,2508000132,NEW CASING DARKFLASH DS900WS ATX - WHITE,4711527003981,CASING PC GAMING,DARK FLASH,TIDAK,2
1364,2504000324,NEW CASING DARKFLASH DY470 - ATX - BLACK,,CASING PC GAMING,DARK FLASH,TIDAK,0
1365,2504000325,NEW CASING DARKFLASH DY470 ATX - WHITE,,CASING PC GAMING,DARK FLASH,TIDAK,0
1366,2504000326,NEW CASING DARKFLASH TH285M - mATX - BLACK,2504000326,CASING PC GAMING,DARK FLASH,TIDAK,4
1367,2504000327,NEW CASING DARKFLASH TH285M - mATX - WHITE,,CASING PC GAMING,DARK FLASH,TIDAK,0
1368,2511000071,NEW CASING DEEPCOOL CG530 - ATX - BLACK,2511000071,CASING PC GAMING,DEEPCOOL,TIDAK,0
1369,2511000070,NEW CASING DEEPCOOL CG530 - ATX - WHITE,2511000070,CASING PC GAMING,DEEPCOOL,TIDAK,0
1370,2509000054,NEW CASING DEEPCOOL CH160 - ITX - WHITE,6933412774440,CASING PC GAMING,DEEPCOOL,TIDAK,1
1371,2511000068,NEW CASING DEEPCOOL CH170 DIGITAL - ITX - BLACK,2511000068,CASING PC GAMING,DEEPCOOL,TIDAK,1
1372,2511000069,NEW CASING DEEPCOOL CH170 DIGITAL - ITX - WHITE,2511000069,CASING PC GAMING,DEEPCOOL,TIDAK,2
1373,2511000072,NEW CASING DEEPCOOL CH260 - mATX - WHITE,2511000072,CASING PC GAMING,DEEPCOOL,TIDAK,3
1374,2511000073,NEW CASING DEEPCOOL CH270 DIGITAL - mATX - WHITE,2511000073,CASING PC GAMING,DEEPCOOL,TIDAK,3
1375,2511000074,NEW CASING DEEPCOOL CH690 DIGITAL - ATX - BLACK,2511000074,CASING PC GAMING,DEEPCOOL,TIDAK,2
1376,2511000075,NEW CASING DEEPCOOL CH690 DIGITAL - ATX - WHITE,2511000075,CASING PC GAMING,DEEPCOOL,TIDAK,2
1377,2505000192,NEW CASING DIGITAL ALIANCE OASIS TG WOOD BLACK - MIDDLE TOWER,,CASING PC GAMING,DIGITAL ALLIANCE,TIDAK,53
1378,2508000293,NEW CASING DIGITAL ALLIANCE ALLMIGHTPLUS (AMP) MATX BLACK WITH LED 8 DISPLAY 1Y,,CASING PC GAMING,DIGITAL ALLIANCE,TIDAK,0
1379,2508000294,NEW CASING DIGITAL ALLIANCE ALLMIGHTPLUS (AMP) MATX WHITE WITH LED 8 DISPLAY 1Y,,CASING PC GAMING,DIGITAL ALLIANCE,TIDAK,2
1380,2507000289,NEW CASING DIGITAL ALLIANCE N30S BTF - mATX - BLACK,2507000289,CASING PC GAMING,DIGITAL ALLIANCE,TIDAK,0
1381,2507000290,NEW CASING DIGITAL ALLIANCE N30S BTF - mATX - WHITE,2507000290,CASING PC GAMING,DIGITAL ALLIANCE,TIDAK,1
1382,2504000265,NEW CASING DIGITAL ALLIANCE N70X BTF - BLACK,2504000265,CASING PC GAMING,DIGITAL ALLIANCE,TIDAK,0
1383,2504000266,NEW CASING DIGITAL ALLIANCE N70X BTF - WHITE,,CASING PC GAMING,DIGITAL ALLIANCE,TIDAK,0
1384,2505000193,NEW CASING DIGITAL ALLIANCE OASIS COOL BLACK - MIDDLE TOWER,2505000193,CASING PC GAMING,DIGITAL ALLIANCE,TIDAK,27
1385,2503000293,NEW FAN CASING DEEPCOOL XFAN 120 1 IN 1 NON-RGB - BLACK,6933412703624,FAN CASING,DEEPCOOL,TIDAK,19
1386,2503000294,NEW FAN CASING DEEPCOOL XFAN 80 1 IN 1 NON-RGB - BLACK,6933412703242,FAN CASING,DEEPCOOL,TIDAK,31
1387,2509000026,NEW CASING GAMEMAX DESTROYER TGB BLACK - m-ATX,6931858772273,CASING PC GAMING,GAMEMAX,TIDAK,0
1388,2509000027,NEW CASING GAMEMAX DESTROYER TGB WHITE - m-ATX,6931858772280,CASING PC GAMING,GAMEMAX,TIDAK,0
1389,2509000024,NEW CASING GAMEMAX DIAMOND CP BLACK - ATX,2509000024,CASING PC GAMING,GAMEMAX,TIDAK,1
1390,2509000025,NEW CASING GAMEMAX DIAMOND CP WHITE - ATX,6931858773249,CASING PC GAMING,GAMEMAX,TIDAK,1
1391,2509000028,NEW CASING GAMEMAX INFINITY PLUS BLACK - ATX,2509000028,CASING PC GAMING,GAMEMAX,TIDAK,1
1392,2509000029,NEW CASING GAMEMAX INFINITY PLUS WHITE - ATX,6931858778268,CASING PC GAMING,GAMEMAX,TIDAK,3
1393,2504000168,NEW CASING GAMEN GCS100 - mATX - BLACK,,CASING PC GAMING,GAMEMAX,TIDAK,0
1394,2504000169,NEW CASING GAMEN GCS100 - mATX - WHITE,,CASING PC GAMING,GAMEMAX,TIDAK,0
1395,2504000172,NEW CASING GAMEN GMAING CASE USB 3.0 GCS110 BLACK W/O FAN,2504000172,CASING PC GAMING,GAMEMAX,TIDAK,4
1396,2503000127,NEW CASING GAMING PRIME D-(K) V2.0 RED-ALUMUNIUM GAMING CASE-DUAL SIDE TEMPRED GLASS,,CASING PC GAMING,PRIME,TIDAK,0
1397,2509000280,"NEW CASING HDD SSD SATA NO BRAND CADDY 3.5""",,ENCLOSURE SATA,,TIDAK,0
1398,2510000027,"NEW CASING HDD SSD SATA NO BRAND 3.5""",6936103601056,ENCLOSURE SATA,,TIDAK,1
1399,2511000203,NEW CASING HDD SSD SATA UGREEN CADDY 9.5MM - 70657,,ENCLOSURE SATA,UGREEN,TIDAK,4
1400,2511000150,NEW CASING HOSE LEXA GAMING BOTEGA BLACK - mATX,2511000150,CASING PC GAMING,LEXA GAMING,TIDAK,7
1401,2511000151,NEW CASING HOSE LEXA GAMING BOTEGA WHITE - mATX,2511000151,CASING PC GAMING,LEXA GAMING,TIDAK,9
1402,2511000152,NEW CASING HOSE LEXA GAMING CASTLE MINI XS BLACK + 3 FAN,2511000152,CASING PC GAMING,LEXA GAMING,TIDAK,7
1403,2511000153,NEW CASING HOSE LEXA GAMING CASTLE MINI XS WHITE + 3 FAN,2511000153,CASING PC GAMING,LEXA GAMING,TIDAK,5
1404,2511000149,NEW CASING HOSE LEXA GAMING VAXTATOR (CASE MODEL LEXA GAMING)- mATX,,CASING PC GAMING,LEXA GAMING,TIDAK,5
1405,2503000300,NEW CASING HYTE HYTE Y70 STANDARD EDITION ATX MID TOWER - BLACK,,CASING PC GAMING,HYTE,TIDAK,0
1406,2503000253,"NEW CASING HYTE Y70-TOUCH INFINITE PANDA 14.5"" PANDA HYTE Y70 TOUCH INFINITE CASE",,CASING PC GAMING,HYTE,TIDAK,0
1407,2505000276,NEW CASING LEXA GAMING AQUARIX BLACK WITH FAN RGB 12CM STATIC (FIXED COLOR),2505000276,CASING PC GAMING,LEXA GAMING,TIDAK,0
1408,2503000325,NEW CASING LEXA GAMING AQUARIX MINI BLACK WITH FAN RGB 12CM STATIC (FIXED COLOR),,CASING PC GAMING,LEXA GAMING,TIDAK,1
1409,2503000326,NEW CASING LEXA GAMING AQUARIX MINI WHITE WITH FAN RGB 12CM STATIC (FIXED COLOR),,CASING PC GAMING,LEXA GAMING,TIDAK,1
1410,2505000275,NEW CASING LEXA GAMING AQUARIX WHITE WITH FAN RGB 12CM STATIC (FIXED COLOR),2505000275,CASING PC GAMING,LEXA GAMING,TIDAK,0
1411,2503000321,NEW CASING LEXA GAMING CASTLE MINI + 3 FAN STATIC,,CASING PC GAMING,LEXA GAMING,TIDAK,0
1412,2503000323,NEW CASING LEXA GAMING CRUZZER X3G BLACK WITH FAN HOSE RGB QI20,,CASING PC GAMING,LEXA GAMING,TIDAK,0
1413,2503000324,NEW CASING LEXA GAMING CRUZZER X3G WHITE WITH FAN HOSE RGB QI20 WHITE,2503000324,CASING PC GAMING,LEXA GAMING,TIDAK,0
1414,2503000369,NEW CASING LEXA GAMING HOSE OCEAN BLACK,2503000369,CASING PC GAMING,LEXA GAMING,TIDAK,0
1415,2503000368,NEW CASING LEXA GAMING HOSE OCEAN WHITE,,CASING PC GAMING,LEXA GAMING,TIDAK,2
1416,2503000131,NEW CASING LIAN LI DYNAMIC EVO RGB - ATX - BLACK,,CASING PC GAMING,LIAN LI,TIDAK,0
1417,2503000130,NEW CASING LIAN LI DYNAMIC EVO RGB - ATX - WHITE,,CASING PC GAMING,LIAN LI,TIDAK,0
1418,2505000132,NEW CASING MSI MAG FORGE 120A AIRFLOW - ATX - BLACK,2505000132,CASING PC GAMING,MSI,TIDAK,10
1419,2511000163,NEW CASING MSI MAG PANO 110R PZ WHITE - ATX,,CASING PC GAMING,MSI,TIDAK,0
1420,2511000161,NEW CASING MSI MAG PANO 130R PZ - ATX - BLACK,,CASING PC GAMING,MSI,TIDAK,0
1421,2511000162,NEW CASING MSI MAG PANO 130R PZ - ATX - WHITE,,CASING PC GAMING,MSI,TIDAK,0
1422,2505000137,NEW CASING MSI PANO M110A,4711377317269,CASING PC GAMING,MSI,TIDAK,0
1423,2508000168,NEW CASING NYK NEMESIS FC3 CORA GAMING - ATX,2508000168,CASING PC GAMING,NYK,TIDAK,0
1424,2510000158,NEW CASING NYK NEMESIS T31 CLIFF BLACK - ATX,,CASING PC GAMING,NYK,TIDAK,0
1425,2510000159,NEW CASING NYK NEMESIS T31 CLIFF WHITE - ATX,,CASING PC GAMING,NYK,TIDAK,0
1426,2508000170,NEW CASING NYK NEMESIS T55 ARKAIS GAMING - ATX,2508000170,CASING PC GAMING,NYK,TIDAK,1
1427,2508000167,NEW CASING NYK NEMESIS T59 GAMING - ATX,,CASING PC GAMING,NYK,TIDAK,0
1428,2508000169,NEW CASING NYK NEMESIS T70 TARTAROS GAMING,,CASING PC GAMING,NYK,TIDAK,1
1429,2508000171,NEW CASING NYK NEMESIS T73 PONTOS GAMING - ATX,,CASING PC GAMING,NYK,TIDAK,0
1430,2510000137,NEW CASING NZXT H3 FLOW BLACK - mATX,5056547207988,CASING PC GAMING,NZXT,TIDAK,6
1431,2510000138,NEW CASING NZXT H3 FLOW WHITE - mATX,5056547207971,CASING PC GAMING,NZXT,TIDAK,4
1432,2510000247,NEW CASING NZXT H6 FLOW WHITE (CC-H61FW-01) - ATX,5056547204048,CASING PC GAMING,NZXT,TIDAK,2
1433,2508000299,NEW CASING OCYPUS GAMMA C50 (4X 120MM ARGB FANS) BLACK 1Y - mATX,,CASING PC GAMING,OCYPUS,TIDAK,0
1434,2504000214,NEW CASING OCYPUS IOTA C70 BLACK ARGB,,CASING PC GAMING,OCYPUS,TIDAK,0
1435,2504000215,NEW CASING OCYPUS IOTA C70 WHITE ARGB,2504000215,CASING PC GAMING,OCYPUS,TIDAK,0
1436,2511000228,NEW CASING PARADOX GAMING MOONSLASH BLACK WITH FAN - ATX,,CASING PC GAMING,PARADOX GAMING,TIDAK,0
1437,2504000257,NEW CASING MSI MAG PANO M100R PZ - mATX - BLACK,,CASING PC GAMING,MSI,TIDAK,0
1438,2503000099,NEW CASING MSI MAG PANO M100R PZ - mATX - WHITE,2503000099,CASING PC GAMING,MSI,TIDAK,0
1439,2509000049,NEW CASING PHANTEKS XT PRO ULTRA BLACK - E-ATX,,CASING PC GAMING,PHANTEKS,TIDAK,0
1440,2503000128,NEW CASING PRIME A-[F] COMPUTER CASE WITHOUT POWER SUPPLY,,CASING PC GAMING,PRIME,TIDAK,0
1441,2503000144,NEW CASING PRIME D-[K] V2.0 RED - ALUMUNIUM GAMING CASE - DUAL SIDE TEMPRED GLASS,,CASING PC GAMING,PRIME,TIDAK,0
1442,2503000134,NEW CASING PRIME H-[Y] V2 WHITE MODERN AESTHETIC DUAL CHAMBER ATX CASE - TEMPERED GLASS,,CASING PC GAMING,PRIME,TIDAK,0
1443,2503000129,NEW CASING PRIME P-[N] COMPUTER CASE WITHOUT POWER SUPPLY,,CASING PC GAMING,PRIME,TIDAK,0
1444,2504000339,NEW CASING RAPTOR GLASS TEMP INCLUDE 3 FAN BLACK - M-ATX,,CASING PC GAMING,POWER UP,TIDAK,0
1445,2504000340,NEW CASING RAPTOR GLASS TEMP INCLUDE 3 FAN WHITE- M-ATX,2504000340,CASING PC GAMING,POWER UP,TIDAK,1
1446,2504000373,NEW CASING THERMALTAKE CERES 300 TG ARGB MATCHA GREEN MID TOWER CHASSIS - CA-1Y7-00M7WN-00,,CASING PC GAMING,THERMALTAKE,TIDAK,1
1447,2504000372,NEW CASING THERMALTAKE CERES 300 TG ARGB SNOW MID TOWER CHASSIS - CA-1Y7-00M6WN-00,,CASING PC GAMING,THERMALTAKE,TIDAK,1
1448,2504000374,NEW CASING THERMALTAKE CERES 330 TG ARGB HYDRANGEA BLUE MID TOWER CHASSIS - CA-1Y9-00M8WN-00,2504000374,CASING PC GAMING,THERMALTAKE,TIDAK,2
1449,2504000376,NEW CASING THERMALTAKE CERES 350 MX BUBBLE PINK MID TOWER CHASSIS - CA-1Y9-00MAWN-00,2504000376,CASING PC GAMING,THERMALTAKE,TIDAK,2
1450,2504000375,NEW CASING THERMALTAKE CERES 350 MX BUMBLEBEE MID TOWER CHASSIS - CA-1Y9-00M9WN-00,4711475644380,CASING PC GAMING,THERMALTAKE,TIDAK,2
1451,2504000378,NEW CASING THERMALTAKE CERES 350 MX HYDRANGEA BLUE MID TOWER CHASSIS - CA-1Y9-00M8WN-00,2504000378,CASING PC GAMING,THERMALTAKE,TIDAK,0
1452,2504000377,NEW CASING THERMALTAKE CERES 350 MX MATCHA GREEN MID TOWER CHASSIS - CA-1Y9-00M7WN-00,2504000377,CASING PC GAMING,THERMALTAKE,TIDAK,2
1453,2504000366,NEW CASING THERMALTAKE CORE P3 TG PRO - BLACK - CA-1Y1-00M1WN-00,4713227534901,CASING PC GAMING,THERMALTAKE,TIDAK,2
1454,2504000367,NEW CASING THERMALTAKE CORE P3 TG PRO - SNOW - CA-1Y1-00M6WN-00,4713227534918,CASING PC GAMING,THERMALTAKE,TIDAK,2
1455,2504000390,NEW CASING THERMALTAKE CTE E550 TG BLACK MID TOWER CHASSIS - CA-1X8-00M1WN-00,,CASING PC GAMING,THERMALTAKE,TIDAK,0
1456,2504000392,NEW CASING THERMALTAKE CTE E550 TG MATCHA GREEN MID TOWER CHASSIS - CA-1X8-00M7WN-00,2504000392,CASING PC GAMING,THERMALTAKE,TIDAK,2
1457,2504000391,NEW CASING THERMALTAKE CTE E550 TG SNOW MID TOWER CHASSIS - CA-1X8-00M6WN-00,,CASING PC GAMING,THERMALTAKE,TIDAK,0
1458,2504000393,NEW CASING THERMALTAKE CTE E600 MX BLACK MID TOWER CHASSIS - CA-1Y4-00M1WN-00,2504000393,CASING PC GAMING,THERMALTAKE,TIDAK,2
1459,2504000395,NEW CASING THERMALTAKE CTE E600 MX HYDRANGEA BLUE MID TOWER CHASSIS - CA-1Y4-00M8WN-00,4711475641655,CASING PC GAMING,THERMALTAKE,TIDAK,2
1460,2504000394,NEW CASING THERMALTAKE CTE E600 MX SNOW MID TOWER CHASSIS - CA-1Y4-00M6WN-00,2504000394,CASING PC GAMING,THERMALTAKE,TIDAK,2
1461,2504000380,NEW CASING THERMALTAKE THE TOWER 200 BUBBLE PINK MINI CHASSIS - CA-1X1-00MAWN-00,4711475643208,CASING PC GAMING,THERMALTAKE,TIDAK,2
1462,2504000379,NEW CASING THERMALTAKE THE TOWER 200 BUMBLEBEE MINI CHASSIS - CA-1X1-00M9WN-00,2504000379,CASING PC GAMING,THERMALTAKE,TIDAK,2
1463,2504000383,NEW CASING THERMALTAKE THE TOWER 300 BUBBLE PINK MICRO TOWER CHASSIS - CA-1X9-00MAWN-00,2504000383,CASING PC GAMING,THERMALTAKE,TIDAK,1
1464,2504000381,NEW CASING THERMALTAKE THE TOWER 300 BUMBLEBEE MICRO TOWER CHASSIS - CA-1X9-00M9WN-00,2504000381,CASING PC GAMING,THERMALTAKE,TIDAK,1
1465,2504000384,NEW CASING THERMALTAKE THE TOWER 300 GRAVEL SAND MICRO TOWER CHASSIS - CA-1X9-00MBWN-00,,CASING PC GAMING,THERMALTAKE,TIDAK,0
1466,2504000382,NEW CASING THERMALTAKE THE TOWER 300 MATCHA GREEN MICRO TOWER CHASSIS - CA-1X9-00M7WN-00,2504000382,CASING PC GAMING,THERMALTAKE,TIDAK,2
1467,2504000386,NEW CASING THERMALTAKE THE TOWER 600 BLACK MID TOWER CHASSIS CA-1Z1-00M1WN-00,,CASING PC GAMING,THERMALTAKE,TIDAK,0
1468,2504000387,NEW CASING THERMALTAKE THE TOWER 600 SNOW MID TOWER CHASSIS - CA-1Y6-00M6WN-00,2504000387,CASING PC GAMING,THERMALTAKE,TIDAK,1
1469,2504000358,NEW CASING THERMALTAKE VIEW 200 TG ARGB MID TOWER CHASSIS - CA-1Y2-00M1WN-00,,CASING PC GAMING,THERMALTAKE,TIDAK,0
1470,2504000359,NEW CASING THERMALTAKE VIEW 200 TG ARGB SNOW MID TOWER CHASSIS - CA-1Y2-00M6WN-00,4711475642409,CASING PC GAMING,THERMALTAKE,TIDAK,1
1471,2504000368,NEW CASING THERMALTAKE VIEW 270 TG ARGB MID TOWER CHASSIS - BLACK - CA-1X7-00M1WN-00,2504000368,CASING PC GAMING,THERMALTAKE,TIDAK,2
1472,2504000369,NEW CASING THERMALTAKE VIEW 270 TG ARGB MID TOWER CHASSIS - SNOW - CA-1X7-00M6WN-00,,CASING PC GAMING,THERMALTAKE,TIDAK,0
1473,2504000371,NEW CASING THERMALTAKE VIEW 380 TG ARGB MID TOWER CHASSIS - HYDRANGEA BLUE - CA-1Y3-00M8WN-00,4711475645325,CASING PC GAMING,THERMALTAKE,TIDAK,3
1474,2504000370,NEW CASING THERMALTAKE VIEW 380 TG ARGB MID TOWER CHASSIS - MATCHA GREEN - CA-1Y3-00M7WN-00,4711475645318,CASING PC GAMING,THERMALTAKE,TIDAK,3
1475,2503000051,NEW CASING VBR Z3 BLACK,,CASING PC GAMING,VBR,TIDAK,0
1476,2503000257,NEW CASING XYZ XL5 - ATX - BLACK,2503000257,CASING PC OFFICE,XYZ,TIDAK,2
1477,2503000258,NEW CASING XYZ XL7 - ATX - BLACK,,CASING PC OFFICE,XYZ,TIDAK,5
1478,2506000259,NEW CASING ZALMAN P30 V2 - ATX - WHITE,8800263650132,CASING PC GAMING,ZALMAN,TIDAK,1
1479,2503000164,NEW CASING ZALMAN P30 AIR - ATX - WHITE,8809213764059,CASING PC GAMING,ZALMAN,TIDAK,3
1480,2503000163,NEW CASING ZALMAN P30 BW - ATX - BLACK,2503000163,CASING PC GAMING,ZALMAN,TIDAK,1
1481,2503000167,NEW CASING ZALMAN CHS Z-MACHINE 500,2503000167,CASING PC GAMING,ZALMAN,TIDAK,1
1482,2503000166,NEW CASING ZALMAN CHS Z10 DUO,,CASING PC GAMING,ZALMAN,TIDAK,0
1483,2503000165,NEW CASING ZALMAN CHS Z10 DUO WHITE,,CASING PC GAMING,ZALMAN,TIDAK,0
1484,2503000072,NEW CATRIDGE BROTHER LC-462 BLACK,4977766816182,,,TIDAK,4
1485,2510000014,NEW CATRIDGE BROTHER LC-462 CYAN,,,,TIDAK,0
1486,2510000015,NEW CATRIDGE BROTHER LC-462 MAGENTA,,,,TIDAK,0
1487,2510000016,NEW CATRIDGE BROTHER LC-462 YELLOW,,,,TIDAK,0
1488,2508000153,NEW CATRIDGE HP 206A BLACK ORIGINAL LASER JET TONER,,,HP,TIDAK,0
1489,2508000154,NEW CATRIDGE HP 206A CYAN ORIGINAL LASER JET TONER,,,HP,TIDAK,0
1490,2508000156,NEW CATRIDGE HP 206A MAGENTA ORIGINAL LASER JET TONER,,,HP,TIDAK,0
1491,2508000155,NEW CATRIDGE HP 206A YELLOW ORIGINAL LASER JET TONER,,,HP,TIDAK,0
1492,2511000234,NEW CCTV EZVIZ CS-TY1 PRO 1080P 2MP,,,,TIDAK,0
1493,2511000133,NEW CCTV HIKVISION 8 MP DS-2CD2187G3-LIS2UY,,,,TIDAK,0
1494,2508000079,NEW CCTV HIKVISION DS-2CE76D0T-LPFS INDOOR CAMERA 2MP DUAL,,,,TIDAK,0
1495,2511000134,NEW CCTV HIKVISION TANDEMVU 4+4MP 25X DS-2SE4C425MWG-E/14(F0),,,,TIDAK,0
1496,2504000253,NEW CHARGER ADAPTOR LAPTOP ASUS 100-240V 50-60HZ 1.5A,,CHARGER LAPTOP,ASUS,TIDAK,0
1497,2504000349,NEW CHARGER ASUS ADAPTER 65W TYPE C FOR ASUS UX482E,,CHARGER LAPTOP,ASUS,TIDAK,0
1498,2505000096,NEW CHARGER LAPTOP ASUS 45W 3.5MM,,CHARGER LAPTOP,ASUS,TIDAK,0
1499,2509000093,NEW CHARGER UGREEN FOLDABLE MAGSAFE 35278 15W - GRAY,6941876232789,CHARGER HANDPHONE,UGREEN,TIDAK,1
1500,2509000092,NEW CHARGER UGREEN MAGSAFE CHARGER QI2 15W GRAY - 55206,6941876252060,CHARGER HANDPHONE,UGREEN,TIDAK,4
1501,2509000091,NEW CHARGER UGREEN MAGSAFE QI2 35565 15W - WHITE,6941876235650,CHARGER HANDPHONE,UGREEN,TIDAK,4
1502,2509000080,NEW CHARGER UGREEN N SERIES GAN DUAL PORT 65006 20W - WHITE,6941876260065,CHARGER HANDPHONE,UGREEN,TIDAK,0
1503,2509000082,NEW CHARGER UGREEN N SERIES GAN 55555 20W - BLUE,6941876255559,CHARGER HANDPHONE,UGREEN,TIDAK,0
1504,2509000081,NEW CHARGER UGREEN N SERIES GAN 55556 20W - PINK,6941876255566,CHARGER HANDPHONE,UGREEN,TIDAK,0
1505,2509000083,NEW CHARGER UGREEN N SERIES GAN 55554 20W - WHITE,6941876255542,CHARGER HANDPHONE,UGREEN,TIDAK,0
1506,2509000077,NEW CHARGER SET UGREEN N SERIES GAN 65054 45W - BLACK,6941876260546,CHARGER HANDPHONE,UGREEN,TIDAK,0
1507,2509000079,NEW CHARGER SET UGREEN N SERIES GAN 65055 45W - WHITE,6941876260553,CHARGER HANDPHONE,UGREEN,TIDAK,0
1508,2509000090,NEW CHARGER SET UGREEN NEXODE GAN 90575 100W - GRAY,6957303895755,CHARGER HANDPHONE,UGREEN,TIDAK,0
1509,2509000084,NEW CHARGER UGREEN NEXODE GAN 90664 20W - GRAY,6957303896646,CHARGER HANDPHONE,UGREEN,TIDAK,0
1510,2509000089,NEW CHARGER UGREEN NEXODE GAN 10335 65W - GRAY,6957303813353,CHARGER HANDPHONE,UGREEN,TIDAK,0
1511,2509000088,NEW CHARGER UGREEN NEXODE ROBOT GAN 25685B 65W - GRAY,,CHARGER HANDPHONE,UGREEN,TIDAK,0
1512,2509000087,NEW CHARGER UGREEN NEXODE ROBOT GAN 35855 65W - PINK BLUE,6941876238552,CHARGER HANDPHONE,UGREEN,TIDAK,0
1513,2509000085,NEW CHARGER SET UGREEN LIGHTNING PD 50698 20W - WHITE,6957303856985,CHARGER HANDPHONE,UGREEN,TIDAK,0
1514,2509000086,NEW CHARGER UGREEN UNO GAN 35291 65W - PURPLE,6941876232918,CHARGER HANDPHONE,UGREEN,TIDAK,0
1515,2508000183,NEW CHARGING DOCK GAMEPAD FANTECH ACGP05 - BLACK,,,FANTECH,TIDAK,0
1516,2506000305,NEW CLEANER HANDBOSS CLEANING SET,,,,TIDAK,1
1517,2505000022,NEW CLEANER HANDBOSS FH-HB014 SET 6 IN 1,2505000022,,,TIDAK,0
1518,2510000183,NEW CLEANER MIKUSO CLN-016 3in1,5062120220022,,,TIDAK,1
1519,2505000249,NEW CONTROLLER LENOVO LEGION GO S AMD RYZEN Z2 512 GB 16GB IPS TOUCH RGB 120HZ WIN11,,HANDHELD,LENOVO,TIDAK,0
1520,2507000161,NEW CONTROLLER LENOVO LEGION GO S 8ARP1 83L30005ID GAMING HANDHELD RYZEN Z2 GO 16GB 512GB 8″ IPS TOUCH WIN 11 HOME,198155320095,HANDHELD,LENOVO,TIDAK,0
1521,2508000060,NEW CONTROLLER OCYPUS FAN HUB DELTA EH10 PRO BLACK,6977414880419,,,TIDAK,1
1522,2508000090,NEW CONSOL SONY PLAYSTATION 5 ORIGINAL - WHITE,,,,TIDAK,0
1523,2508000015,NEW USB HUB REXUS RXT-701 7in1 TYPE-C,6992007211043,USB HUB (DOCKING STATION),REXUS,TIDAK,1
1524,2504000170,NEW CONVERTER ROBOT HT3110 11-IN-1 USB C HUB ADAPTER,6936678468405,USB HUB (DOCKING STATION),ROBOT,TIDAK,0
1525,2504000108,NEW COOLINGPAD FANTECH NC12 - BLACK,6972661285413,COOLINGPAD,FANTECH,TIDAK,8
1526,2507000106,NEW COOLINGPAD FANTECH NC13 - BLACK,6972661285420,COOLINGPAD,FANTECH,TIDAK,21
1527,2504000121,NEW COOLINGPAD FANTECH NC21 - BLACK,6977052250025,COOLINGPAD,FANTECH,TIDAK,0
1528,2510000048,NEW COOLINGPAD FANTECH NC30 - GREY,6977052251442,COOLINGPAD,FANTECH,TIDAK,0
1529,2507000288,NEW COOLINGPAD LAPTOP LIPAT MINI,,,,TIDAK,0
1530,2505000100,NEW COOLINGPAD NYK NEMESIS WINTERSTOM X3 - BLACK,,COOLINGPAD,NYK,TIDAK,3
1531,2510000160,NEW COOLINGPAD NYK NEMESIS BEIRUZ AX3 - BLACK,8994464830476,COOLINGPAD,NYK,TIDAK,0
1532,2503000663,NEW COOLINGPAD REXUS BREEZE B140 - BLACK,6991015301012,COOLINGPAD,REXUS,TIDAK,0
1533,2503000664,NEW COOLINGPAD REXUS BREEZE B140 - SILVER,6991015302033,COOLINGPAD,REXUS,TIDAK,1
1534,2509000233,NEW COOLINGPAD REXUS BREEZE B400 FROST - SILVER,6991015412039,COOLINGPAD,REXUS,TIDAK,0
1535,2509000232,NEW COOLINGPAD REXUS B300 BREEZE MAX - BLACK,6991015385012,COOLINGPAD,REXUS,TIDAK,0
1536,2503000038,NEW FAN PROCESSOR PCCOOLER CPE DA360 PRO DIGITAL ARGB - BLACK,,,,TIDAK,0
1537,2503000036,NEW FAN PROCESSOR PCCOOLER CPE DC360 PRO ARGB - BLACK,,,,TIDAK,0
1538,2503000037,NEW FAN PROCESSOR PCCOOLER CPE DC360 PRO ARGB - WHITE,,,,TIDAK,0
1539,2503000034,NEW FAN PROCESSOR PCCOOLER CPE R200 NON-RGB - BLACK,,,,TIDAK,0
1540,2503000032,NEW FAN PROCESSOR PCCOOLER CPE R400 ARGB - BLACK,,,,TIDAK,0
1541,2503000033,NEW FAN PROCESSOR PCCOOLER CPE R400 ARGB - WHITE,,,,TIDAK,0
1542,2503000031,NEW FAN PROCESSOR PCCOOLER CPE R400 NON-RGB - BLACK,,,,TIDAK,0
1543,2503000041,NEW FAN PROCESSOR PCCOOLER CPE RT620 DIGITAL ARGB - BLACK,6940526113768,,,TIDAK,0
1544,2503000039,NEW FAN PROCESSOR PCCOOLER CPE RZ620 NON-RGB - WHITE,6940526113447,,,TIDAK,1
1545,2503000140,NEW FAN PROCESSOR DIGITAL ALLIANCE KAZE 4D DIGITAL ARGB - BLACK,,CPU COOLER,DIGITAL ALLIANCE,TIDAK,0
1546,2503000145,NEW FAN PROCESSOR DIGITAL ALLIANCE KAZE 4D DIGITAL ARGB - WHITE,,CPU COOLER,DIGITAL ALLIANCE,TIDAK,0
1547,2503000040,NEW FAN PROCESSOR PCCOOLER G6 NON-RGB - WHITE,,,,TIDAK,1
1548,2504000477,NEW DEHUMIDIFIER MILZU NTL-MZ989,,,,TIDAK,2
1549,2504000478,NEW DEHUMIDIFIER NOTALE SECO 12L NTL-DS012,,,,TIDAK,0
1550,2506000107,NEW DEHUMIDIFIER PD1202C NTL-DD110,,,,TIDAK,51
1551,2510000060,NEW MOUSEPAD COUGAR ARENA X PINK (1000x400mm) - PINK,4715302444778,DESKMAT GAMING,COUGAR,TIDAK,3
1552,2506000135,NEW FAN PROCESSOR JONSBO HP-400S NON-RGB WHITE,,POWERBANK,FANTECH,TIDAK,2
1553,2503000422,NEW EARBUDS VENTION Elf E06 TWS True Wireless Earphones Earbuds - NBK NBKS0,6922794781276,TWS,VENTION,YA,0
1554,2508000252,NEW EARPHONE BASEUS AIRNORA 2 TRUE WIRELESS BLUETOOTH EARPHONE EARBUDS TWS ANC - NGTW320207,,TWS,BASEUS,TIDAK,0
1555,2508000242,NEW EARPHONE BASEUS BASS 15 CLIP OPEN EAR TWS - STELLAR WHITE,,TWS,BASEUS,TIDAK,0
1556,2508000240,NEW EARPHONE BASEUS BOWIE E16 EARPHONE TWS MINI EARBUDS TRUE WIRELESS BLUETOOTH - CLUSTER BLACK,,TWS,BASEUS,TIDAK,0
1557,2508000241,NEW EARPHONE BASEUS BOWIE E16 EARPHONE TWS MINI EARBUDS TRUE WIRELESS BLUETOOTH - STELLAR WHITE,,TWS,BASEUS,TIDAK,0
1558,2506000176,NEW EARPHONE BASEUS BOWIE WM01 TRUE WIRELESS EARPHONE PURPLE,6932172628413,TWS,BASEUS,TIDAK,0
1559,2504000117,NEW TWS FANTECH LIVE WAVE TW13 BLUETOOTH 5.3 - WHITE,6972661280272,TWS,FANTECH,TIDAK,8
1560,2504000118,NEW TWS FANTECH LIFE WAVE TW14 BLUETOOTH 5.3 - BLACK,6972661280296,TWS,FANTECH,TIDAK,0
1561,2505000233,NEW TWS FANTECH LIVE WAVE TW14 BLUETOOTH 5.3 - GREEN,6972661280319,TWS,FANTECH,TIDAK,4
1562,2504000119,NEW TWS FANTECH LIFE WAVE TW14 BLUETOOTH 5.3 - WHITE,6972661280302,TWS,FANTECH,TIDAK,0
1563,2505000244,NEW TWS FANTECH LIVE WAVE TW11V2 BLUETOOTH 5.3 - BEIGE,6972661280074,TWS,FANTECH,TIDAK,5
1564,2504000131,NEW TWS FANTECH LIVE WAVE TW12 BLUETOOTH 5.3 - BLACK,6972661285512,TWS,FANTECH,TIDAK,0
1565,2504000132,NEW TWS FANTECH LIVE WAVE TW12 BLUETOOTH 5.3  - WHITE,6972661285529,TWS,FANTECH,TIDAK,1
1566,2511000002,NEW EARBUDS HYPERX CLOUD EARBUDS II GAMING BLACK,196786923265,EARPHONE,HYPERX,TIDAK,0
1567,2511000001,NEW EARBUDS HYPERX CLOUD EARBUDS II GAMING RED,196786890161,EARPHONE,HYPERX,TIDAK,0
1568,2503000645,NEW EARPHONE LOGITECH G333 GAMING 981-000925 - BLACK,097855161291,EARPHONE,LOGITECH,TIDAK,6
1569,2503000639,NEW EARPHONE LOGITECH G333 GAMING 981-000931 - WHITE,097855161314,EARPHONE,LOGITECH,TIDAK,6
1570,2503000644,NEW EARPHONE LOGITECH G333 GAMING 981-000937 - PURPLE,097855161338,EARPHONE,LOGITECH,TIDAK,4
1571,2505000099,NEW EARPHONE NYK EG-02 ORANOS - SILVER,,EARPHONE,NYK,TIDAK,0
1572,2507000116,NEW EARPHONE OLIKE E203C TYPE-C BLACK,,EARPHONE,OLIKE,TIDAK,0
1573,2504000002,NEW EARPHONE REXUS EZ5 3.5mm - BLUE,,EARPHONE,REXUS,TIDAK,0
1574,2506000211,NEW TWS REXUS FX6 - BEIGE,6993002209196,TWS,REXUS,TIDAK,1
1575,2506000210,NEW TWS REXUS FX6 - BLACK,6993002207017,TWS,REXUS,TIDAK,0
1576,2506000212,NEW TWS REXUS FX6 - PINK,6993002208076,TWS,REXUS,TIDAK,0
1577,2506000213,NEW TWS REXUS FX6 - WHITE,6993002210024,TWS,REXUS,TIDAK,2
1578,2507000292,NEW EARPHONE REXUS EM100 3.5mm - BLACK,6993009211017,EARPHONE,REXUS,TIDAK,16
1579,2507000293,NEW EARPHONE REXUS EM100 3.5mm - GREY,6993009213042,EARPHONE,REXUS,TIDAK,19
1580,2507000294,NEW EARPHONE REXUS EM100 3.5mm - SILVER,6993009212038,EARPHONE,REXUS,TIDAK,14
1581,2510000270,NEW EARPHONE REXUS S500i 3.5mm - BLACK,,EARPHONE,REXUS,TIDAK,0
1582,2503000665,NEW EARPHONE REXUS RX-ME7 TYPE-C - RED,8994067607031,EARPHONE,REXUS,TIDAK,0
1583,2508000066,NEW EARPHONE ROBOT RE10 WIRED HEADSET - BLACK,6971548134530,EARPHONE,ROBOT,TIDAK,0
1584,2511000040,NEW EARPHONE SONY MDR-EX155AP IN-EAR HEADPHONE - BLACK,4548736060883,EARPHONE,SONY,TIDAK,2
1585,2511000041,NEW EARPHONE SONY MDR-EX155AP IN-EAR HEADPHONE - BLUE,4548736060920,EARPHONE,SONY,TIDAK,2
1586,2511000042,NEW EARPHONE SONY MDR-EX155AP IN-EAR HEADPHONE - PINK,,EARPHONE,SONY,TIDAK,0
1587,2511000043,NEW EARPHONE SONY MDR-EX155AP IN-EAR HEADPHONE - WHITE,4548736060937,EARPHONE,SONY,TIDAK,1
1588,2511000028,NEW EARPHONE SONY WF C700 TWS HEADPHONES - GREEN,,EARPHONE,SONY,TIDAK,0
1589,2511000029,NEW EARPHONE SONY WF C700 TWS HEADPHONES - VIOLET,4548736145788,EARPHONE,SONY,TIDAK,2
1590,2511000027,NEW EARPHONE SONY WF C700 TWS HEADPHONES - WHITE,,EARPHONE,SONY,TIDAK,0
1591,2511000025,NEW EARPHONE SONY WF-C510 TRULY WIRELESS EARPHONE - BLACK,4548736161443,EARPHONE,SONY,TIDAK,1
1592,2511000026,NEW EARPHONE SONY WF-C510 TRULY WIRELESS EARPHONE - WHITE,4548736161498,EARPHONE,SONY,TIDAK,4
1593,2511000030,NEW EARPHONE SONY WF-C710N NOISE CANCELLING TWS - BLACK,4548736164178,EARPHONE,SONY,TIDAK,4
1594,2511000031,NEW EARPHONE SONY WF-C710N NOISE CANCELLING TWS - WHITE,,EARPHONE,SONY,TIDAK,2
1595,2511000015,NEW EARPHONE SONY WI C100 WIRELESS IN-EAR HEADPHONES - BLACK,4548736133853,EARPHONE,SONY,TIDAK,4
1596,2511000017,NEW EARPHONE SONY WI C100 WIRELESS IN-EAR HEADPHONES - BLUE,4548736133952,EARPHONE,SONY,TIDAK,4
1597,2511000016,NEW EARPHONE SONY WI C100 WIRELESS IN-EAR HEADPHONES - WHITE,,EARPHONE,SONY,TIDAK,0
1598,2505000160,NEW KABEL TECWARE EXTENSION SET FLEX ARGB BLACK - TWAC-FLEX-BKAR,,TWS,OLIKE,TIDAK,2
1599,2505000179,NEW TWS OLIKE T401  - PURPLE,8990049007752,TWS,OLIKE,TIDAK,1
1600,2508000235,NEW VGA CARD VENOMRX GTX 1650M 4GB DDR6,2508000235,TWS,VENTION,TIDAK,4
1601,2511000085,NEW CASING SSD M.2 NVME NODX XPAND NITRO USB C GRAPHITE - E02024,8994453800947,ENCLOSURE NVME,NODX,TIDAK,0
1602,2511000086,NEW CASING SSD M.2 NVME NODX XPAND NOCTIS USB C - E02022,8994453800664,ENCLOSURE NVME,NODX,TIDAK,0
1603,2508000184,NEW FAN ASUS FX506 FA506 FX505 FX506 FX506IH FX506II FX506LH,,SPAREPART LAPTOP,ASUS,TIDAK,0
1604,2508000055,NEW FAN ASUS X441U/X441/X540S/X441SC,,SPAREPART LAPTOP,ASUS,TIDAK,0
1605,2503000276,NEW FAN CASING ACER E-MACHINE GADGET AC1236 RGB,,FAN CASING,ACER,TIDAK,0
1606,2503000290,NEW FAN CASING ACER E-MACHINE GADGET AC1236 RGB BLACK,6976747371120,FAN CASING,ACER,TIDAK,1
1607,2504000286,NEW FAN CASING APNX FP1-R 1 IN 1 ARGB REVERSE - BLACK,4711099478637,FAN CASING,APNX,TIDAK,0
1608,2504000287,NEW FAN CASING APNX FP1-R 1 IN 1 ARGB REVERSE - WHITE,4711099478644,FAN CASING,APNX,TIDAK,6
1609,2511000096,NEW FAN CASING ARMAGGEDDON CHROMA NEO 1 1 IN 1 ARGB - BLACK,,FAN CASING,ARMAGGEDDON,TIDAK,14
1610,2509000263,NEW FAN CASING COLORFIRE HQ-12 LITE 1 IN 1 ARGB REVERSE,6937232400169,FAN CASING,COLORFUL,TIDAK,30
1611,2503000178,NEW FAN CASING DARKFLASH INF34 5 IN 1 ARGB NORMAL - BLACK,,FAN CASING,DARK FLASH,TIDAK,0
1612,2503000177,NEW FAN CASING DARKFLASH INF34 5 IN 1 ARGB NORMAL - WHITE,4711527001321,FAN CASING,DARK FLASH,TIDAK,4
1613,2504000350,NEW FAN CASING DARKFLASH DM12 PRO 1 IN 1 ARGB REVERSE - BLACK,4710343797715,FAN CASING,DARK FLASH,TIDAK,10
1614,2508000315,NEW FAN CASING DARKFLASH GAUSS G24 3 IN 1 ARGB NORMAL - BLACK,4710343799832,FAN CASING,DARK FLASH,TIDAK,4
1615,2508000316,NEW FAN CASING DARKFLASH GAUSS G24 3 IN 1 ARGB NORMAL - WHITE,4710343799849,FAN CASING,DARK FLASH,TIDAK,4
1616,2505000199,NEW FAN CASING DARKFLASH INF34 1 IN 1 ARGB NORMAL - BLACK,4711527000805,FAN CASING,DARK FLASH,TIDAK,9
1617,2505000200,NEW FAN CASING DARKFLASH INF34 ARGB - WHITE,4711527000812,FAN CASING,DARK FLASH,TIDAK,9
1618,2504000322,NEW FAN CASING DARKFLASH INF34 ARGB REVERSE - BLACK,4711527002526,FAN CASING,DARK FLASH,TIDAK,0
1619,2504000323,NEW FAN CASING DARKFLASH INF34 ARGB REVERSE - WHITE,4711527002533,FAN CASING,DARK FLASH,TIDAK,6
1620,2503000335,NEW FAN CASING HOSE LEXA GAMING SW-120 PRO 3 IN 1 ARGB - BLACK,,FAN CASING,HOSE,TIDAK,2
1621,2503000077,NEW FAN CASING LEXA GAMING MW 120DY RGB - BLACK,,FAN CASING,LEXA GAMING,TIDAK,0
1622,2503000327,NEW FAN CASING LEXA GAMING SW-120 PRO 3 IN 1 ARGB - BLACK,,FAN CASING,LEXA GAMING,TIDAK,2
1623,2503000330,NEW FAN CASING LEXA GAMING SW-120 PRO 1 IN 1 ARGB - BLACK,,FAN CASING,LEXA GAMING,TIDAK,1
1624,2503000329,NEW FAN CASING LEXA GAMING SW-120 PRO V2 3 IN 1 ARGB - WHITE,,FAN CASING,LEXA GAMING,TIDAK,1
1625,2503000328,NEW FAN CASING LEXA GAMING SW-120 PRO 3 IN 1 ARGB - WHITE,,FAN CASING,LEXA GAMING,TIDAK,7
1626,2503000331,NEW FAN CASING LEXA GAMING SW-120 PRO 1 IN 1 ARGB - WHITE,,FAN CASING,LEXA GAMING,TIDAK,1
1627,2505000270,NEW FAN CASING OCYPUS BETA F12 1 IN 1 ARGB REVERSE - BLACK,6977414880709,FAN CASING,OCYPUS,TIDAK,0
1628,2504000213,NEW FAN CASING OCYPUS GAMMA F12 SINGLE ARGB - BLACK,6977414880228,FAN CASING,OCYPUS,TIDAK,24
1629,2504000211,NEW FAN CASING OCYPUS GAMMA F12 SINGLE ARGB REVERSE - BLACK,6977414880365,FAN CASING,OCYPUS,TIDAK,1
1630,2505000269,NEW FAN CASING OCYPUS GAMMA F12 SINGLE ARGB - WHITE,6977414880235,FAN CASING,OCYPUS,TIDAK,0
1631,2504000212,NEW FAN CASING OCYPUS GAMMA F12 ARGB REVERSE - WHITE,6977414880372,FAN CASING,OCYPUS,TIDAK,19
1632,2503000050,NEW FAN CASING VBR WHISPER 1 IN 1 NON-RGB - WHITE,,FAN CASING,VBR,TIDAK,0
1633,2503000299,NEW FAN CASING VENOMRX RHOMBUS ARGB - BLACK,,FAN CASING,VENOMRX,TIDAK,2
1634,2505000032,NEW FAN CASING ZALMAN SF140 3 IN 1 ARGB - BLACK,8809213769870,FAN CASING,ZALMAN,TIDAK,5
1635,2503000252,NEW FAN PROCESSOR ARCTIC FREEZER I35 ARGB - BLACK,4895213703444,,,TIDAK,1
1636,2511000097,NEW FAN PROCESSOR ARMAGGEDDON BLIZZARD 1 RGB - BLACK,8886411989293,CPU COOLER,ARMAGGEDDON,TIDAK,0
1637,2503000141,NEW FAN PROCESSOR CUBE GAMING SHARPEN NON-RGB - BLACK,,,,TIDAK,0
1638,2509000030,NEW FAN PROCESSOR GAMMA 90 DIGITAL ARGB - BLACK,6931858734523,,,TIDAK,0
1639,2509000031,NEW FAN PROCESSOR GAMMA 90 DIGITAL ARGB - WHITE,6931858734530,,,TIDAK,2
1640,2509000006,NEW FAN CPU COOLING FOR DELL INSPIRON,,,,TIDAK,0
1641,2503000139,NEW FAN PROCESSOR CUBE GAMING STORM V2 DUAL FAN ARGB - BLACK,,,,TIDAK,0
1642,2509000196,NEW FAN PROCESSOR DEEPCOOL ALTA 9 NON-RGB - BLACK,6933412727712,FAN PROCESSOR,DEEPCOOL,TIDAK,2
1643,2509000195,NEW FAN PROCESSOR DIGITAL ALLIANCE DAAC-INT17 RGB - BLACK,,FAN PROCESSOR,DIGITAL ALLIANCE,TIDAK,2
1644,2504000397,NEW FAN PROCESSOR THERMALTAKE ASTRIA 200 ARGB - BLACK,4711475640931,CPU COOLER,THERMALTAKE,TIDAK,0
1645,2504000398,NEW FAN PROCESSOR THERMALTAKE ASTRIA 200 ARGB - WHITE,4711475647480,CPU COOLER,THERMALTAKE,TIDAK,3
1646,2504000399,NEW FAN PROCESSOR THERMALTAKE ASTRIA 400 ARGB - BLACK,4711475640948,CPU COOLER,THERMALTAKE,TIDAK,0
1647,2504000400,NEW FAN PROCESSOR THERMALTAKE ASTRIA 400 ARGB - WHITE,4711475647497,CPU COOLER,THERMALTAKE,TIDAK,0
1648,2504000407,NEW FAN CASING THERMALTAKE CT120 2 IN 1 ARGB - BLACK,,FAN CASING,THERMALTAKE,TIDAK,0
1649,2504000411,NEW FAN CASING THERMALTAKE CT120 2 IN 1 ARGB - HYDRANGEA BLUE,,FAN CASING,THERMALTAKE,TIDAK,0
1650,2504000409,NEW FAN CASING THERMALTAKE CT120 2 IN 1 ARGB - WHITE,,FAN CASING,THERMALTAKE,TIDAK,0
1651,2504000408,NEW FAN CASING THERMALTAKE CT120 2 IN 1 ARGB REVERSE - BLACK,,FAN CASING,THERMALTAKE,TIDAK,0
1652,2504000412,NEW FAN CASING THERMALTAKE CT120 2 IN 1 ARGB REVERSE - HYDRANGEA BLUE,,FAN CASING,THERMALTAKE,TIDAK,0
1653,2504000410,NEW FAN CASING THERMALTAKE CT120 2 IN 1 ARGB REVERSE - WHITE,,FAN CASING,THERMALTAKE,TIDAK,0
1654,2509000285,NEW FAN HP 14-CF 14-CK FOR SERVICE,,,HP,TIDAK,1
1655,2509000069,NEW FAN HP PAVILION 15 DK 15T,,,HP,TIDAK,0
1656,2508000059,NEW FAN KIPAS ASUS TUF GAMING A15 F15 FX505 FX505GE - FAN CPU,,SPAREPART LAPTOP,ASUS,TIDAK,0
1657,2505000118,NEW FAN KIPAS ASUS VIVOBOOK 4 PIN KABEL,,SPAREPART LAPTOP,ASUS,TIDAK,0
1658,2505000201,NEW FAN KIPAS INTEL NUC 10 NUC10 SERIES,,,,TIDAK,0
1659,2511000049,NEW FAN NB HP FOR SERVICE,,,HP,TIDAK,0
1660,2504000319,NEW FAN PROCESSOR DEEPCOOL LS520 SE ARGB - BLACK,6933412727989,AIO LIQUID COOLER,DEEPCOOL,TIDAK,1
1661,2504000320,NEW FAN PROCESSOR DEEPCOOL LS520 SE ARGB - WHITE,6933412727996,AIO LIQUID COOLER,DEEPCOOL,TIDAK,1
1662,2506000321,NEW FAN PROCESSOR AMD,2506000321,,,TIDAK,80
1663,2503000287,NEW FAN PROCESSOR COUGAR FORZA 50 ESSENTIAL NON-RGB - BLACK,4710483775031,CPU COOLER,COUGAR,TIDAK,0
1664,2503000132,NEW FAN PROCESSOR CUBE GAMING ILLUMINE DUAL RGB - BLACK,,,,TIDAK,0
1665,2503000133,NEW KONVERTER UGREEN USB-C TO SATA 2.5 70610 50CM - BLACK,,,,TIDAK,0
1666,2511000137,NEW FAN PROCESSOR DEEPCOOL AG200 NON-RGB - BLACK,6933412727903,CPU COOLER,DEEPCOOL,TIDAK,1
1667,2509000053,NEW FAN PROCESSOR DEEPCOOL AG300 NON-RGB - BLACK,6933412727897,CPU COOLER,DEEPCOOL,TIDAK,0
1668,2504000316,NEW FAN PROCESSOR DEEPCOOL AG400 ARGB - BLACK,6933412727750,CPU COOLER,DEEPCOOL,TIDAK,4
1669,2504000317,NEW FAN PROCESSOR DEEPCOOL AG400 ARGB - WHITE,2504000317,CPU COOLER,DEEPCOOL,TIDAK,0
1670,2504000318,NEW FAN PROCESSOR DEEPCOOL AG400 DIGITAL ARGB - BLACK,6933412728573,CPU COOLER,DEEPCOOL,TIDAK,0
1671,2507000182,NEW FAN PROCESSOR DEEPCOOL AK400 NON-RGB - BLACK,6933412727446,CPU COOLER,DEEPCOOL,TIDAK,0
1672,2507000180,NEW FAN PROCESSOR DEEPCOOL AK400 DIGITAL ARGB - BLACK,6933412728207,CPU COOLER,DEEPCOOL,TIDAK,1
1673,2507000181,NEW FAN PROCESSOR DEEPCOOL AK400 DIGITAL RGB - WHITE,6933412728214,CPU COOLER,DEEPCOOL,TIDAK,0
1674,2507000183,NEW FAN PROCESSOR DEEPCOOL AK400 NON-RGB - WHITE,6933412727422,CPU COOLER,DEEPCOOL,TIDAK,0
1675,2507000186,NEW FAN PROCESSOR DEEPCOOL AK620 DIGITAL ARGB - BLACK,6933412728221,CPU COOLER,DEEPCOOL,TIDAK,0
1676,2507000184,NEW FAN PROCESSOR DEEPCOOL AK620 DIGITAL PRO ARGB - BLACK,6933412728818,CPU COOLER,DEEPCOOL,TIDAK,1
1677,2507000185,NEW FAN PROCESSOR DEEPCOOL AK620 DIGITAL PRO ARGB - WHITE,6933412728825,CPU COOLER,DEEPCOOL,TIDAK,2
1678,2507000187,NEW FAN PROCESSOR DEEPCOOL AK620 DIGITAL ARGB - WHITE,6933412728238,CPU COOLER,DEEPCOOL,TIDAK,1
1679,2505000144,NEW FAN PROCESSOR DEEPCOOL CK11509 NON-RGB - BLACK,6933412725626,FAN PROCESSOR,DEEPCOOL,TIDAK,3
1680,2504000219,NEW FAN PROCESSOR FSP NC3-LITE ARGB - BLACK,,,,TIDAK,0
1681,2507000236,NEW FAN PROCESSOR INTEL LGA 775/1150 NON-RGB - BLACK,2507000236,,,TIDAK,43
1682,2508000301,NEW FAN PROCESSOR MSI MAG COREFROZR AA13 ARGB - BLACK,4711377345743,,MSI,TIDAK,0
1683,2508000302,NEW FAN PROCESSOR MSI MAG COREFROZR AA13 ARGB - WHITE,4711377345750,,MSI,TIDAK,0
1684,2511000226,NEW FAN PROCESSOR PARADOX GAMING HYPER SONIC 2903 RGB - BLACK,,,,TIDAK,0
1685,2509000245,NEW FAN PROCESSOR THERMALRIGHT PEERLESS ASSASSIN 120 DIGITAL ARGB - BLACK,,,,TIDAK,0
1686,2504000307,NEW FAN PROCESSOR ZALMAN CNPS9X PERFORMA PLUS ARGB - BLACK,,,,TIDAK,0
1687,2504000510,NEW HEADSET FANTECH GO AIR WH02S DUAL CONNECTION - BLACK,6977052251749,HEADSET OFFICE WIRELESS,FANTECH,TIDAK,8
1688,2503000189,NEW FANTECH T-SHIRT GAMING OFFICIAL MERCHANDISE BLACK,,,FANTECH,TIDAK,4
1689,2504000474,NEW FITNESS KINGSMITH MULTIFUNCTIONAL FITNESS BENCH FBB1C,6970492718537,FITBENCH,KINGSMITH,TIDAK,1
1690,2505000178,NEW FLASHDISK OLIKE OF204 4GB USB 2.0 - BLACK GRAY,8990049010318,FLASHDISK,OLIKE,TIDAK,0
1691,2505000176,NEW FLASHDISK OLIKE OFP264 64GB USB 2.0,8990049010288,FLASHDISK,OLIKE,TIDAK,0
1692,2505000177,NEW FLASHDISK OLIKE OTG32 32GB USB 3.2 TYPE-C - BLACK,8990049006977,OTG,OLIKE,TIDAK,0
1693,2503000385,NEW FLASHDISK SANDISK CRUZER BLADE 8GB USB2.0 FLASH DRIVE,,FLASHDISK,SANDISK,TIDAK,5
1694,2511000188,NEW FLASHDISK SANDISK ULTRA SHIFT 32GB USB 3.0,,FLASHDISK,SANDISK,TIDAK,0
1695,2509000223,NEW FOOTREST REXUS PEDESTAL PE-1,6994006222013,FOOTREST,REXUS,TIDAK,1
1696,2505000067,NEW FOOTREST REXUS PEDESTAL PLUS PE-2,6994006241014,FOOTREST,REXUS,TIDAK,2
1697,2503000153,NEW FREE MEDIA 4x6 (HS CODE : 4811.90.99),,,,TIDAK,0
1698,2507000105,NEW GAMEPAD FANTECH EOS PRO WGP15V2 3-CONNECTION - WHITE,6977052250353,GAMEPAD,FANTECH,TIDAK,10
1699,2508000182,NEW GAMEPAD FANTECH NOVA II WGP16 3-CONNECTION - BLACK,6977052250551,GAMEPAD,FANTECH,TIDAK,0
1700,2508000203,NEW GAMEPAD FANTECH NOVA II WGP16 3-CONNECTION - GREY,,GAMEPAD,FANTECH,TIDAK,0
1701,2508000202,NEW GAMEPAD FANTECH NOVA II WGP16 3-CONNECTION - WHITE,7271101705612,GAMEPAD,FANTECH,TIDAK,0
1702,2504000122,NEW GAMEPAD FANTECH REVOLVER GP12 USB-WIRED - BLACK,www.teecomp.com,GAMEPAD,FANTECH,TIDAK,0
1703,2507000096,NEW GAMEPAD FANTECH REVOLVER III WGP12S WIRELESS - BLACK,6977052250520,GAMEPAD,FANTECH,TIDAK,3
1704,2507000098,NEW GAMEPAD FANTECH REVOLVER III WGP12S WIRELESS - GREY,6977052250544,GAMEPAD,FANTECH,TIDAK,0
1705,2507000097,NEW GAMEPAD FANTECH REVOLVER III WGP12S WIRELESS - WHITE,6977052250537,GAMEPAD,FANTECH,TIDAK,0
1706,2504000137,NEW GAMEPAD FANTECH SHOOTER III WGP13S 2-CONNECTION - BLACK,6972661280838,GAMEPAD,FANTECH,TIDAK,0
1707,2503000224,NEW GAMEPAD FANTECH SHOOTER III WGP13S 2-CONNECTION - GREY,6977052251688,GAMEPAD,FANTECH,TIDAK,1
1708,2504000138,NEW GAMEPAD FANTECH SHOOTER III WGP13S 2-CONNECTION - WHITE,6977052251176,GAMEPAD,FANTECH,TIDAK,0
1709,2504000096,NEW GAMEPAD FANTECH EOS PRO ORION WGP15 3-CONNECTION - BLACK,6972661280685,GAMEPAD,FANTECH,TIDAK,1
1710,2509000198,NEW GAMEPAD LOGITECH F310 WIRED - BLACK,097855070050,GAMEPAD,LOGITECH,TIDAK,4
1711,2503000566,NEW GAMEPAD LOGITECH F710 940-000119 WIRELESS,097855071910,GAMEPAD,LOGITECH,TIDAK,3
1712,2506000220,NEW GAMEPAD REXUS GLADIUS GX300 V.2 2-CONNECTION - BLACK,6991014332017,GAMEPAD,REXUS,TIDAK,0
1713,2505000208,NEW GAMEPAD REXUS GLADIUS GX300 V.2 2-CONNECTION - WHITE,6991014333021,GAMEPAD,REXUS,TIDAK,9
1714,2504000008,NEW GAMEPAD REXUS DAXA x MARVEL ASTERIA DX-AX1 2-CONNECTION - CAPTAIN AMERICA,6991014365985,GAMEPAD,REXUS,TIDAK,5
1715,2505000068,NEW GAMEPAD REXUS DAXA x AOT ASTERIA DX-AX1 2-CONNECTION - MIKASA BLACK,,GAMEPAD,REXUS,TIDAK,0
1716,2504000007,NEW GAMEPAD REXUS DAXA x MARVEL ASTERIA DX-AX1 2-CONNECTION - IRON MAN,6991014366982,GAMEPAD,REXUS,TIDAK,6
1717,2508000017,NEW GAMEPAD REXUS DAXA DYRON DX-AX9 3-CONNECTION - BLUE ANALOG,6991014421018,GAMEPAD,REXUS,TIDAK,7
1718,2508000018,NEW GAMEPAD REXUS DAXA DYRON DX-AX9 3-CONNECTION - ORANGE ANALOG,6991014424019,GAMEPAD,REXUS,TIDAK,8
1719,2504000297,NEW GAMEPAD REXUS DAXA BORION AX8 3-CONNECTION - WHITE,,GAMEPAD,REXUS,TIDAK,9
1720,2506000218,NEW GAMEPAD REXUS GLADIUS GX1 USB CONNECTION - BLACK,6991013323016,GAMEPAD,REXUS,TIDAK,4
1721,2504000004,NEW GAMEPAD REXUS GLADIUS GX1 USB CONNECTION - WHITE,6991013324020,GAMEPAD,REXUS,TIDAK,5
1722,2506000219,NEW GAMEPAD REXUS GLADIUS GX2 USB CONNECTION - BLACK,6991013325010,GAMEPAD,REXUS,TIDAK,0
1723,2506000221,NEW GAMEPAD REXUS GLADIUS GX500 3-CONNECTION - NAVY,6991014383248,GAMEPAD,REXUS,TIDAK,0
1724,2506000222,NEW GAMEPAD REXUS GLADIUS GX500 3-CONNECTION - WHITE,6991014384023,GAMEPAD,REXUS,TIDAK,0
1725,2504000005,NEW GAMEPAD REXUS ASTA GX150 2-CONNECTION - BLACK,6991014335018,GAMEPAD,REXUS,TIDAK,0
1726,2504000006,NEW GAMEPAD REXUS ASTA GX150 2-CONNECTION - WHITE,6991014336022,GAMEPAD,REXUS,TIDAK,13
1727,2504000484,NEW GAMEPAD SADES RYUNIX G80 2-CONNECTION - BLACK,2504000484,GAMEPAD,SADES,TIDAK,2
1728,2504000483,NEW GAMEPAD SADES RYUNIX G80 2-CONNECTION - WHITE,,GAMEPAD,SADES,TIDAK,0
1729,2503000609,NEW GAMEPAD SADES RYUNIX G90 3-CONNECTION - BLACK,,GAMEPAD,SADES,TIDAK,3
1730,2503000610,NEW GAMEPAD SADES RYUNIX G90 3-CONNECTION - WHITE,8994464830360,GAMEPAD,SADES,TIDAK,2
1731,2503000254,NEW GELID HeatPhase UltraPAD INTEL ( PH-GC-02-I ),4897025783836,,,TIDAK,0
1732,2504000422,NEW HANPHONE INFINIX SMART 9,,,,TIDAK,0
1733,101152,HARDDISK EXT SEAGATE EXPANSION 1TB BLACK,,HARDDISK EXTERNAL,SEAGATE,YA,0
1734,101159,HDD WD MY PASPORT 2TB BLACK,,HARDDISK EXTERNAL,WD (WESTERN DIGITAL),YA,0
1735,101321,"HDD WD CAVIAR PURPLE PRO 10TB - HD 3,5'' FOR CCTV",WD102PURP-85CCGY0,HARDDISK INTERNAL,WD (WESTERN DIGITAL),YA,0
1736,2503000208,NEW HARDISK EKSTERNAL WD MY PASSPORT 2TB - BLACK,,HARDDISK EXTERNAL,WD (WESTERN DIGITAL),TIDAK,0
1737,2503000277,"NEW HARDISK INTERNAL SEAGATE SKYHAWK 3.5"" 2TB",,HARDDISK INTERNAL,SEAGATE,TIDAK,0
1738,2503000285,"NEW HARDISK INTERNAL SEAGATE SKYHAWK 3.5"" 1TB",,HARDDISK INTERNAL,SEAGATE,TIDAK,0
1739,2504000353,NEW HARDISK EKSTERNAL SEAGATE ONE TOUCH 2TB - BLACK,3660619041596,HARDDISK EXTERNAL,SEAGATE,TIDAK,0
1740,2504000354,NEW HARDISK EKSTERNAL SEAGATE ONE TOUCH 2TB - SILVER,3660619041619,HARDDISK EXTERNAL,SEAGATE,TIDAK,0
1741,2504000355,NEW HARDISK EKSTERNAL SEAGATE ONE TOUCH 2TB - SPACE GREY,3660619041671,HARDDISK EXTERNAL,SEAGATE,TIDAK,0
1742,2511000084,"NEW CASING HDD SSD SATA NODX XPAND BASIC II 2.5"" BLACK - E010111",8994453800626,ENCLOSURE SATA,NODX,TIDAK,0
1743,2506000090,NEW HARDISK EKSTERNAL TRANSCEND 25M3G 1TB - GREEN,760557840695,HARDDISK EXTERNAL,TRANSCEND,TIDAK,0
1744,2506000091,NEW HARDISK EKSTERNAL TRANSCEND 25M3S 1TB - SLIM BLACK,760557840879,HARDDISK EXTERNAL,TRANSCEND,TIDAK,0
1745,2506000092,NEW HARDISK EKSTERNAL TRANSCEND M3 2TB - GREEN,760557840701,HARDDISK EXTERNAL,TRANSCEND,TIDAK,0
1746,2506000093,NEW HARDISK EKSTERNAL TRANSCEND M3S 2TB - SLIM BLACK,760557840886,HARDDISK EXTERNAL,TRANSCEND,TIDAK,0
1747,2506000241,NEW HARDISK EKSTERNAL TOSHIBA CANVIO BASICS 3.0 PORTABLE HARD DRIVE 1TB - BLACK,4547808812955,HARDDISK EXTERNAL,TOSHIBA,TIDAK,0
1748,2506000242,NEW HARDISK EKSTERNAL TOSHIBA CANVIO BASICS 3.0 PORTABLE HARD DRIVE 2TB - BLACK,,HARDDISK EXTERNAL,TOSHIBA,TIDAK,0
1749,2506000243,NEW HARDISK EKSTERNAL TOSHIBA CANVIO READY 3.0 PORTABLE HARD DRIVE 4TB - BLACK HDTP340AK3CA,,HARDDISK EXTERNAL,TOSHIBA,TIDAK,0
1750,100665,"SANDISK PORTABLE SSD SDSSDE30 2TB, 800MB/S",100665,SSD EXTERNAL,SANDISK,YA,0
1751,2506000336,"NEW HARDISK INTERNAL SEAGATE BARRACUDA 3.5"" 2TB",2506000336,HARDDISK INTERNAL,SEAGATE,TIDAK,10
1752,2506000349,"NEW HARDISK INTERNAL SEAGATE BARRACUDA 3.5"" 1TB",,HARDDISK INTERNAL,SEAGATE,TIDAK,0
1753,2507000031,"NEW HARDISK INTERNAL SEAGATE EXOS 7E10 SAS 7200 RPM 3.5"" 8TB",,HARDDISK INTERNAL,SEAGATE,TIDAK,0
1754,2507000189,NEW HARDISK EKSTERNAL SEAGATE EXPANSION PORTABLE 1TB,3660619040148,HARDDISK EXTERNAL,SEAGATE,TIDAK,0
1755,2507000246,"NEW HARDISK INTERNAL SEAGATE SKYHAWK AI MFI 3.5"" 8TB",,HARDDISK INTERNAL,SEAGATE,TIDAK,0
1756,2508000022,"NEW HARDISK INTERNAL SEAGATE EXOS SATA ST12000NM000J 3.5"" 12TB",,HARDDISK INTERNAL,SEAGATE,TIDAK,0
1757,2508000080,"NEW HARDISK INTERNAL WD PURPLE WD102PURP-85CCGY0 3.5"" 10TB",,HARDDISK INTERNAL,WD (WESTERN DIGITAL),TIDAK,0
1758,2510000020,"NEW HARDISK INTERNAL SEAGATE BARRACUDA 3.5"" 4TB",,HARDDISK INTERNAL,SEAGATE,TIDAK,5
1759,2510000146,"NEW HARDISK INTERNAL WD BLUE WD20EZBX 3.5"" 2TB",2510000146,HARDDISK INTERNAL,WD (WESTERN DIGITAL),TIDAK,8
1760,2510000147,"NEW HARDISK INTERNAL WD BLUE WD40EZAX 3.5"" 4TB",2510000147,HARDDISK INTERNAL,WD (WESTERN DIGITAL),TIDAK,0
1761,2510000148,"NEW HARDISK INTERNAL WD PURPLE PRO WD8002PURP 3.5"" 8TB",2510000148,HARDDISK INTERNAL,WD (WESTERN DIGITAL),TIDAK,1
1762,2510000149,"NEW HARDISK INTERNAL WD PURPLE PRO WD102PURP 3.5"" 10TB",,HARDDISK INTERNAL,WD (WESTERN DIGITAL),TIDAK,3
1763,2510000193,NEW HARDISK ESKTERNAL TOSHIBA CANVIO READY PORTABLE HARD DRIVE 4TB - BLACK,4547808812115,HARDDISK EXTERNAL,TOSHIBA,TIDAK,1
1764,2510000194,NEW HARDISK EKSTERNAL TOSHIBA CANVIO BASICS USB-C PORTABLE HARD DRIVE 2TB - BLACK,4547808811897,HARDDISK EXTERNAL,TOSHIBA,TIDAK,0
1765,2510000195,NEW HARDISK EKSTERNAL TOSHIBA CANVIO ADVANCE PORTABLE HARD DRIVE 1TB - BLACK,4547808811910,HARDDISK EXTERNAL,TOSHIBA,TIDAK,0
1766,2510000196,NEW HARDISK ESKTERNAL TOSHIBA CANVIO ADVANCE PORTABLE HARD DRIVE 1TB - RED,4547808811972,HARDDISK EXTERNAL,TOSHIBA,TIDAK,1
1767,2503000519,NEW HDMI HDTV 3M BLUE BOX,,,,TIDAK,0
1768,2507000193,NEW HDMI ROBOT SPLITTER AND SWITCH 2 IN 1 HM103,,HDMI SPLITTER,ROBOT,TIDAK,0
1769,2503000523,NEW HDTV SPLITTER 1x4 UHD 4Kx2K,,,,TIDAK,0
1770,2504000084,NEW HEADSET FANTECH ALTO 7.1 HG26 WIRED USB - BLACK,6972661283655,HEADSET GAMING WIRED,FANTECH,TIDAK,6
1771,2510000041,NEW HEADSET FANTECH CARBON 7.1 HG30 WIRED USB - BLACK,6977052252081,HEADSET GAMING WIRED,FANTECH,TIDAK,10
1772,2510000042,NEW HEADSET FANTECH CARBON 7.1 HG30 WIRED USB - WHITE,6977052252098,HEADSET GAMING WIRED,FANTECH,TIDAK,0
1773,2510000043,NEW HEADSET FANTECH CHIEF II HG20 GAMING - BLACK,6972661283082,HEADSET GAMING WIRED,FANTECH,YA,0
1774,2510000044,NEW HEADSET FANTECH CHIEF II HG20 WIRED USB - WHITE,6972661283549,HEADSET GAMING WIRED,FANTECH,TIDAK,0
1775,2503000217,NEW HEADSET FANTECH CHIEF II HG20 WIRED USB - BLACK,,HEADSET GAMING WIRED,FANTECH,TIDAK,1
1776,2503000218,NEW HEADSET FANTECH CHIEF II HG20 WIRED USB - PINK,,HEADSET GAMING WIRED,FANTECH,YA,0
1777,2504000110,NEW HEADSET FANTECH FLASH HQ53 WIRED 3.5mm - BLACK,6972661283563,HEADSET GAMING WIRED,FANTECH,TIDAK,16
1778,2505000234,NEW HEADSET FANTECH FLASH HQ53 WIRED 3.5mm - WHITE,,HEADSET GAMING WIRED,FANTECH,TIDAK,15
1779,2504000109,NEW HEADSET FANTECH FLASH 7.1 HQ53 WIRED USB - BLACK,6972661282139,HEADSET GAMING WIRED,FANTECH,TIDAK,2
1780,2504000147,NEW HEADSET FANTECH GO FLOW WH07A DUAL CONNECTION - BLACK,,HEADSET OFFICE WIRELESS,FANTECH,TIDAK,0
1781,2504000146,NEW HEADSET FANTECH GO FLOW WH07A DUAL CONNECTION - GREY,6977052251657,HEADSET OFFICE WIRELESS,FANTECH,TIDAK,0
1782,2505000149,NEW HEADSET FANTECH GO VIBE WH05 DUAL CONNECTION - BLACK,,HEADSET OFFICE WIRELESS,FANTECH,TIDAK,0
1783,2504000157,NEW HEADSET FANTECH GO VIBE WH05A DUAL CONNECTION - BLACK,6977052251664,HEADSET OFFICE WIRELESS,FANTECH,TIDAK,5
1784,2504000158,NEW HEADSET FANTECH GO VIBE WH05A DUAL CONNECTION - GREY,6977052251671,HEADSET OFFICE WIRELESS,FANTECH,TIDAK,3
1785,2505000148,NEW HEADSET FANTECH GO VIBE WH06 DUAL CONNECTION - BLACK,,HEADSET OFFICE WIRELESS,FANTECH,TIDAK,0
1786,2507000216,NEW HEADSET FANTECH CHIEF II HG20 WIRED USB - PINK,6972661283303,HEADSET GAMING WIRED,FANTECH,TIDAK,0
1787,2510000053,NEW HEADSET FANTECH STUDIO PRO WHG03P 4 CONNECTION - WHITE,6972661289817,HEADSET OFFICE WIRELESS,FANTECH,TIDAK,2
1788,2504000128,NEW HEADSET FANTECH TRINITY MH88 WIRED 3.5mm - BLACK,6972661283594,HEADSET GAMING WIRED,FANTECH,TIDAK,0
1789,2504000130,NEW HEADSET FANTECH TRINITY MH88 WIRED 3.5mm - PINK,6972661283686,HEADSET GAMING WIRED,FANTECH,TIDAK,2
1790,2504000129,NEW HEADSET FANTECH TRINITY MH88 WIRED 3.5mm - WHITE,6972661283679,HEADSET GAMING WIRED,FANTECH,TIDAK,0
1791,2504000133,NEW HEADSET FANTECH VALOR II MH89 WIRED 3.5mm - BLACK,6977052250377,HEADSET GAMING WIRED,FANTECH,TIDAK,0
1792,2504000134,NEW HEADSET FANTECH VALOR II MH89 WIRED 3.5mm - WHITE,6977052250384,HEADSET GAMING WIRED,FANTECH,TIDAK,0
1793,2504000518,NEW HEADSET FANTECH HARMONY PRO WHG02P 3 CONNECTION - BLUE,6977052251589,HEADSET GAMING WIRELESS,FANTECH,TIDAK,0
1794,2505000147,NEW HEADSET FANTECH WHG03 3 CONNECTION - BLACK,6972661289794,HEADSET GAMING WIRELESS,FANTECH,TIDAK,7
1795,2511000005,NEW HEADSET HYPERX CLOUD III GAMING BLACK,197029008220,HEADSET GAMING WIRED,HYPERX,TIDAK,0
1796,2511000006,NEW HEADSET HYPERX CLOUD III GAMING BLACK-RED,197029008237,HEADSET GAMING WIRED,HYPERX,TIDAK,0
1797,2511000007,NEW HEADSET HYPERX CLOUD III GAMING WHITE-PINK,198122306930,HEADSET GAMING WIRED,HYPERX,TIDAK,2
1798,2511000008,NEW HEADSET HYPERX CLOUD III S WIRELESS GAMING BLACK,198415435590,HEADSET GAMING WIRELESS,HYPERX,TIDAK,2
1799,2511000009,NEW HEADSET HYPERX CLOUD III S WIRELESS GAMING BLACK-RED,198415435569,HEADSET GAMING WIRELESS,HYPERX,TIDAK,0
1800,2511000010,NEW HEADSET HYPERX CLOUD III S WIRELESS GAMING WHITE,198701814566,HEADSET GAMING WIRELESS,HYPERX,TIDAK,3
1801,2511000004,NEW HEADSET HYPERX CLOUD STINGER 2 CORE WIRED BLACK,196548418183,HEADSET GAMING WIRED,HYPERX,TIDAK,0
1802,2511000003,NEW HEADSET HYPERX CLOUD STINGER 2 WIRED BLACK,196188736906,HEADSET GAMING WIRED,HYPERX,TIDAK,0
1803,2507000251,NEW HEADSET JBL LIVE 670 NC - BLACK,1200130004735,HEADSET OFFICE WIRELESS,JBL,TIDAK,1
1804,2507000252,NEW HEADSET JBL LIVE 770 NC - BLACK,1200130004582,HEADSET OFFICE WIRELESS,JBL,TIDAK,1
1805,2507000250,NEW HEADSET JBL TUNE 520BT - BLACK,6925281963650,HEADSET OFFICE WIRELESS,JBL,TIDAK,0
1806,2503000637,NEW HEADSET LOGITECH G335 981-000979 WIRED - BLACK,097855165466,HEADSET GAMING WIRED,LOGITECH,TIDAK,1
1807,2503000646,NEW HEADSET LOGITECH G335 981-001025 WIRED - MINT,097855165527,HEADSET GAMING WIRED,LOGITECH,TIDAK,1
1808,2506000150,NEW HEADSET LOGITECH G335 WHITE 981-001019,097855165497,HEADSET GAMING WIRED,LOGITECH,TIDAK,2
1809,2503000625,NEW HEADSET LOGITECH G435 981-001051 LIGHTSPEED WIRELESS - BLACK NEON YELLOW,097855165770,HEADSET GAMING WIRELESS,LOGITECH,TIDAK,0
1810,2503000624,NEW HEADSET LOGITECH G435 981-001075 LIGHTSPEED WIRELESS - OFF WHITE LILAC,097855168269,HEADSET GAMING WIRELESS,LOGITECH,TIDAK,1
1811,2509000204,NEW HEADSET LOGITECH G522 981-001545 LIGHTSPEED - BLACK,097855205537,HEADSET GAMING WIRELESS,LOGITECH,TIDAK,1
1812,2509000205,NEW HEADSET LOGITECH G522 981-001551 LIGHTSPEED - WHITE,097855205582,HEADSET GAMING WIRELESS,LOGITECH,TIDAK,0
1813,2509000200,NEW HEADSET LOGITECH G633S LIGHTSYNC RGB 7.1 - BLACK,,HEADSET GAMING WIRED,LOGITECH,TIDAK,0
1814,2509000206,NEW HEADSET LOGITECH G733 981-000867 LIGHTSPEED RGB - BLACKNEW HEADSET LOGITECH G733 981-000867 LIGHTSPEED RGB - BLACK,097855155603,HEADSET GAMING WIRELESS,LOGITECH,TIDAK,0
1815,2509000208,NEW HEADSET LOGITECH G733 981-000893 LIGHTSPEED RGB - LILAC,,HEADSET GAMING WIRELESS,LOGITECH,TIDAK,0
1816,2509000207,NEW HEADSET LOGITECH G733 981-000886 LIGHTSPEED RGB - WHITE,097855157171,HEADSET GAMING WIRELESS,LOGITECH,TIDAK,1
1817,2503000570,NEW HEADSET LOGITECH G PRO X 981-000820 WIRED - BLACK,097855151049,HEADSET GAMING WIRED,LOGITECH,TIDAK,1
1818,2503000571,NEW HEADSET LOGITECH H110 981-000459 STEREO - BLACK,097855083029,HEADSET OFFICE WIRED,LOGITECH,TIDAK,9
1819,2503000569,NEW HEADSET LOGITECH H111 981-000588 STEREO - BLACK,,HEADSET OFFICE WIRED,LOGITECH,TIDAK,9
1820,2503000568,NEW HEADSET LOGITECH H151 981-000587,,HEADSET OFFICE WIRED,LOGITECH,TIDAK,0
1821,2506000119,NEW HEADSET LOGITECH H340 USB STEREO - BLACK,,HEADSET OFFICE WIRED,LOGITECH,TIDAK,0
1822,2503000567,NEW HEADSET LOGITECH H390 981-000485 USB STEREO - BLACK,097855085481,HEADSET OFFICE WIRED,LOGITECH,TIDAK,0
1823,2503000573,NEW HEADSET LOGITECH H390 981-001287 USB STEREO - OFF WHITE,097855181985,HEADSET OFFICE WIRED,LOGITECH,TIDAK,0
1824,2503000623,NEW HEADSET LOGITECH H540 981-000482 USB - BLACK,097855089748,HEADSET OFFICE WIRED,LOGITECH,TIDAK,9
1825,2503000572,NEW HEADSET LOGITECH G535 981-000925 LIGHTSPEED WIRELESS - BLACK,097855165435,HEADSET GAMING WIRELESS,LOGITECH,TIDAK,2
1826,2503000622,NEW HEADSET LOGITECH G435 981-001063 LIGHTSPEED WIRELESS - BLUE,,HEADSET GAMING WIRELESS,LOGITECH,TIDAK,1
1827,2509000201,NEW HEADSET LOGITECH G PRO X 2 981-001264 LIGHTSPEED - BLACK,,HEADSET GAMING WIRELESS,LOGITECH,TIDAK,0
1828,2509000203,NEW HEADSET LOGITECH G PRO X 2 LIGHTSPEED - MAGENTA,,HEADSET GAMING WIRELESS,LOGITECH,TIDAK,0
1829,2509000202,NEW HEADSET LOGITECH G PRO X 2 981-001270 LIGHTSPEED - WHITE,097855183804,HEADSET GAMING WIRELESS,LOGITECH,TIDAK,1
1830,2505000173,NEW HEADSET OLIKE TITAN H1 WIRELESS - BLACK,,HEADSET OFFICE WIRELESS,OLIKE,TIDAK,0
1831,2505000172,NEW HEADSET OLIKE TITAN H1S DUAL MODE - CREAMY WHITE,,HEADSET OFFICE WIRED,OLIKE,TIDAK,0
1832,2504000176,NEW HEADSET RAZER BARRACUDA X 2022 WIRELESS - BLACK,8886419379850,HEADSET GAMING WIRELESS,RAZER,TIDAK,2
1833,2504000189,NEW HEADSET RAZER BARRACUDA X 2022 WIRELESS - MERCURY WHITE,8886419379874,HEADSET GAMING WIRELESS,RAZER,TIDAK,2
1834,2504000190,NEW HEADSET RAZER BARRACUDA X 2022 WIRELESS - QUARTZ PINK,8886419379898,HEADSET GAMING WIRELESS,RAZER,TIDAK,1
1835,2505000152,NEW HEADSET RAZER BLACKSHARK V2 X WIRED - BLACK,,HEADSET GAMING WIRED,RAZER,TIDAK,0
1836,2504000186,NEW HEADSET RAZER BLACKSHARK V2 X WIRED 3.5MM - GREEN,8886419379522,HEADSET GAMING WIRED,RAZER,TIDAK,3
1837,2504000187,NEW HEADSET RAZER BLACKSHARK V2 X WIRED - QUARTZ PINK,8887910060421,HEADSET GAMING WIRED,RAZER,TIDAK,0
1838,2504000191,NEW HEADSET RAZER BLACKSHARK V2 X USB WIRED - BLACK,8887910060162,HEADSET GAMING WIRED,RAZER,TIDAK,0
1839,2504000175,NEW HEADSET RAZER BLACKSHARK V2 X WIRED 3.5 - BLACK,8886419378396,HEADSET GAMING WIRED,RAZER,TIDAK,18
1840,2508000071,NEW HEADSET RAZER HAMMERHEAD BLUETOOTH - BLACK,,TWS,RAZER,TIDAK,0
1841,2508000159,NEW HEADSET RAZER HAMMERHEAD V3 WIRELESS - BLACK,,TWS,RAZER,TIDAK,0
1842,2504000188,NEW HEADSET RAZER KRAKEN V3 X WIRED USB - BLACK,8886419379362,HEADSET GAMING WIRED,RAZER,TIDAK,4
1843,2504000177,NEW HEADSET RAZER KRAKEN V4 X WIRED - BLACK,8887910060766,HEADSET GAMING WIRED,RAZER,TIDAK,0
1844,2508000069,NEW HEADSET RAZER KRAKEN X WIRED - BLACK,,HEADSET GAMING WIRED,RAZER,TIDAK,0
1845,2506000216,NEW HEADSET REXUS M2 3-CONNECTION - BEIGE,6993001191195,HEADSET OFFICE WIRELESS,REXUS,TIDAK,1
1846,2506000214,NEW HEADSET REXUS M2 3-CONNECTION - BLACK,6993001189017,HEADSET OFFICE WIRELESS,REXUS,TIDAK,0
1847,2506000215,NEW HEADSET REXUS M2 3-CONNECTION - WHITE,6993001190020,HEADSET OFFICE WIRELESS,REXUS,TIDAK,1
1848,2506000209,NEW HEADSET REXUS DAXA SEDNA SL1 3-CONNECTION - BLACK,6991007296012,HEADSET GAMING WIRELESS,REXUS,TIDAK,8
1849,2506000208,NEW HEADSET REXUS DAXA SEDNA SL1 3-CONNECTION - WHITE,6991007297026,HEADSET GAMING WIRELESS,REXUS,TIDAK,13
1850,2506000217,NEW HEADSET REXUS DAXA SVARA DX-QW1 2-CONNECTION - BLACK,6993001194011,HEADSET OFFICE WIRELESS,REXUS,TIDAK,1
1851,2505000206,NEW HEADSET REXUS THUNDERVOX HX12 USB WIRED - WHITE,,HEADSET GAMING WIRED,REXUS,TIDAK,0
1852,2510000227,NEW HEADSET REXUS THUNDERVOX HX9 USB V.7.1 USB WIRED - BLACK,6991006273014,HEADSET GAMING WIRED,REXUS,TIDAK,0
1853,2509000235,NEW HEADSET REXUS THUNDERVOX HX9 USB V.7.1 USB WIRED - WHITE,6991006274028,HEADSET GAMING WIRED,REXUS,TIDAK,1
1854,2506000198,NEW HEADSET REXUS VONIX F29 3.5mm + USB WIRED - BLACK,2506000198,HEADSET GAMING WIRED,REXUS,TIDAK,0
1855,2506000199,NEW HEADSET REXUS GAMING VONIX F30 3.5mm WIRED - BLACK WHITE,6991006278019,HEADSET GAMING WIRED,REXUS,TIDAK,0
1856,2506000200,NEW HEADSET REXUS GAMING VONIX F30 3.5mm WIRED - WHITE,6991006279023,HEADSET GAMING WIRED,REXUS,TIDAK,0
1857,2506000207,NEW HEADSET REXUS STEREO WO1 3.5mm WIRED - BLACK,6992011271019,HEADSET OFFICE WIRED,REXUS,TIDAK,0
1858,2510000225,NEW HEADSET REXUS THUNDERVOX HX14 USB-A WIRED - BLACK,6991006425017,HEADSET GAMING WIRED,REXUS,TIDAK,0
1859,2510000226,NEW HEADSET REXUS THUNDERVOX HX14 USB-A WIRED - WHITE,6991006426021,HEADSET GAMING WIRED,REXUS,TIDAK,0
1860,2506000206,NEW HEADSET REXUS THUNDERVOX HX35 USB WIRED - BLACK,8994067743517,HEADSET GAMING WIRED,REXUS,TIDAK,0
1861,2509000234,NEW HEADSET REXUS VONIX F27 3.5mm WIRED - BLUE,6991006275063,HEADSET GAMING WIRED,REXUS,TIDAK,0
1862,2507000074,NEW HEADSET REXUS VONIX F27 3.5mm WIRED - RED,6991006276053,HEADSET GAMING WIRED,REXUS,TIDAK,0
1863,2506000201,NEW HEADSET REXUS VONIX F80 GAMING RGB - BLACK,6991006280012,HEADSET GAMING WIRED,REXUS,TIDAK,0
1864,2506000202,NEW HEADSET REXUS VONIX F80 GAMING RGB - WHITE,,HEADSET GAMING WIRED,REXUS,TIDAK,0
1865,2506000204,NEW HEADSET REXUS VONIX SH39 3.5mm WIRED - BLACK,6991006288018,HEADSET GAMING WIRED,REXUS,TIDAK,0
1866,2506000203,NEW HEADSET REXUS VONIX SH39 3.5mm WIRED - WHITE,6991006289022,HEADSET GAMING WIRED,REXUS,TIDAK,0
1867,2511000018,NEW HEADSET SONY HEADSET ZX310AP BLUE,4905524942071,HEADSET OFFICE WIRED,SONY,TIDAK,2
1868,2511000019,NEW HEADSET SONY HEADSET ZX310AP WHITE,,HEADSET OFFICE WIRED,SONY,TIDAK,0
1869,2511000039,NEW HEADSET SONY NOISE CANCELLING NIRKABEL - WH1000XM5 BLACK,4548736132603,HEADSET OFFICE WIRELESS,SONY,TIDAK,4
1870,2511000020,NEW HEADSET SONY WH CH520 WIRELESS HEADPHONES - BLACK,4548736142381,HEADSET OFFICE WIRELESS,SONY,TIDAK,8
1871,2511000021,NEW HEADSET SONY WH CH520 WIRELESS HEADPHONES - BLUE,4548736142879,HEADSET OFFICE WIRELESS,SONY,TIDAK,3
1872,2511000022,NEW HEADSET SONY WH CH520 WIRELESS HEADPHONES - WHITE,4548736142824,HEADSET OFFICE WIRELESS,SONY,TIDAK,7
1873,2511000023,NEW HEADSET SONY WH CH720N WIRELESS HEADPHONES - BLACK,4548736142435,HEADSET OFFICE WIRELESS,SONY,TIDAK,1
1874,2511000024,NEW HEADSET SONY WH CH720N WIRELESS HEADPHONES - BLUE,4548736143029,HEADSET OFFICE WIRELESS,SONY,TIDAK,0
1875,2511000032,NEW HEADSET SONY WH-ULT900 N ULT WEAR - BLACK,4548736156449,HEADSET OFFICE WIRELESS,SONY,TIDAK,0
1876,2511000033,NEW HEADSET SONY WH-ULT900 N ULT WEAR - WHITE,,HEADSET OFFICE WIRELESS,SONY,TIDAK,1
1877,2506000043,NEW HEATSINK PREDATOR,,,,TIDAK,16
1878,2509000199,NEW HIKVISION FACE RECOGNITION TERMINAL DS-K1T320MFX,,,,TIDAK,0
1879,2504000028,NEW HONEYWELL BARCODE SCANNER MK-7120,,,,TIDAK,0
1880,2504000162,NEW HP BACKPACK ORIGINAL,,BACKPACK / TAS,HP,TIDAK,44
1881,2508000246,NEW KABEL BASEUS TUNGSTEN GOLD FAST CHARGING DATA CABLE TYPE-C TO TYPE-C 240W 1M BLACK - CAWJ040001,,KABEL DATA USB C TO C,BASEUS,TIDAK,0
1882,2508000247,NEW KABEL BASEUS TUNGSTEN GOLD FAST CHARGING DATA CABLE TYPE-C TO TYPE-C 240W 2M BLACK - CAWJ040101,,KABEL DATA USB C TO C,BASEUS,TIDAK,0
1883,2506000177,NEW KABEL BASEUS TUNGSTEN GOLD FAST CHARGING DATA CABLE TYPE-C TO TYPE-C 240W 3M BLACK CAWJ040201,6932172628840,KABEL DATA USB C TO C,BASEUS,TIDAK,1
1884,2506000128,NEW KABEL DP TO DP (NO BRAND),,,,TIDAK,0
1885,2509000165,NEW KABEL DP UGREEN 10211 2M - BLACK,6957303812110,KABEL DISPLAY PORT TO DISPLAY PORT,UGREEN,TIDAK,0
1886,2511000083,NEW KABEL DP TO HDTV 1.8M,,,,TIDAK,0
1887,2509000166,NEW KABEL DP UGREEN 1.4 60843 2M - BLACK,6957303868438,KABEL DISPLAY PORT TO DISPLAY PORT,UGREEN,TIDAK,0
1888,2509000155,NEW KABEL HDMI UGREEN 4K 10110 10M - BLACK,,KABEL HDMI TO HDMI,UGREEN,TIDAK,0
1889,2509000156,NEW KABEL HDMI UGREEN 4K 10111 15M - BLACK,6957303811113,KABEL HDMI TO HDMI,UGREEN,TIDAK,2
1890,2509000151,NEW KABEL HDMI UGREEN 4K 10106 1M - BLACK,6957303811069,KABEL HDMI TO HDMI,UGREEN,TIDAK,0
1891,2509000070,NEW KABEL HDMI UGREEN 4K 35172 1M - BLACK,,KABEL HDMI TO HDMI,UGREEN,TIDAK,0
1892,2509000157,NEW KABEL HDMI UGREEN 4K 10113 25M - BLACK,6957303811137,KABEL HDMI TO HDMI,UGREEN,TIDAK,5
1893,2509000152,NEW KABEL HDMI UGREEN 4K 10107 2M - BLACK,6957303811076,KABEL HDMI TO HDMI,UGREEN,TIDAK,0
1894,2509000153,NEW KABEL HDMI UGREEN 4K 10108 3M - BLACK,6957303811083,KABEL HDMI TO HDMI,UGREEN,TIDAK,1
1895,2509000071,NEW KABEL HDMI UGREEN 4K 35175 3M - BLACK,,KABEL HDMI TO HDMI,UGREEN,TIDAK,0
1896,2509000154,NEW KABEL HDMI UGREEN 4K 10109 5M - BLACK,6957303811090,KABEL HDMI TO HDMI,UGREEN,TIDAK,0
1897,2509000072,NEW KABEL HDMI UGREEN 8K 2.1 VERSION 1M BLACK - 45430,6941876244300,KABEL HDMI TO HDMI,UGREEN,TIDAK,0
1898,2509000073,NEW KABEL HDMI UGREEN 8K 2.1 45432 2M - BLACK,,KABEL HDMI TO HDMI,UGREEN,TIDAK,0
1899,2509000074,NEW KABEL HDMI UGREEN 8K 2.1 45433 3M - BLACK,6941876244331,KABEL HDMI TO HDMI,UGREEN,TIDAK,1
1900,2509000075,NEW KABEL HDMI UGREEN 8K 2.1 45434 5M - BLACK,6941876244348,KABEL HDMI TO HDMI,UGREEN,TIDAK,0
1901,2511000200,NEW KABEL HDMI UGREEN 8K 2.1 VERSION NYLON 1M BLACK - 80401,,KABEL HDMI TO HDMI,UGREEN,TIDAK,1
1902,2511000201,NEW KABEL HDMI UGREEN 8K 2.1 NYLON 80405 5M - BLACK,,KABEL HDMI TO HDMI,UGREEN,TIDAK,6
1903,2509000158,NEW KABEL HDMI UGREEN 8K 2.1 NYLON 80404 3M - BLACK,6957303884049,KABEL HDMI TO HDMI,UGREEN,TIDAK,2
1904,2509000162,NEW KABEL HDMI UGREEN FIBER OPTICAL 4K 50215 15M - BLACK,6957303852154,KABEL HDMI TO HDMI,UGREEN,TIDAK,3
1905,2509000163,NEW KABEL HDMI UGREEN FIBER OPTICAL 4K 20M BLACK - 50216,6957303852161,KABEL HDMI TO HDMI,UGREEN,TIDAK,5
1906,2509000159,NEW KABEL HDMI UGREEN 8K 2.1 ULTRA HI-SPEED NYLON 25914 10M - BLACK,6941876229147,KABEL HDMI TO HDMI,UGREEN,TIDAK,0
1907,2509000164,NEW KABEL HDMI UGREEN USB-C TO HDMI 50570 1.5M - BLACK,,KABEL USB C TO HDMI,UGREEN,TIDAK,0
1908,2508000324,NEW KABEL LAN BURNLUSH CAT6 UTP - 1M,,,,TIDAK,0
1909,2509000174,NEW KABEL LAN UGREEN CAT6 UTP 50196 10M - BLACK,,KABEL LAN CAT 6,UGREEN,TIDAK,0
1910,2509000176,NEW KABEL LAN UGREEN CAT7 FTP 11273 10M - BLACK,,KABEL LAN CAT 7,UGREEN,TIDAK,0
1911,2509000177,NEW KABEL LAN UGREEN CAT7 FTP 11275 20M - BLACK,6957303882755,KABEL LAN CAT 7,UGREEN,TIDAK,0
1912,2509000175,NEW KABEL LAN UGREEN CAT7 FTP 11271 5M - BLACK,6957303882717,KABEL LAN CAT 7,UGREEN,TIDAK,3
1913,2509000173,NEW KABEL LAN UGREEN CAT6 UTP 50192 2M - BLACK,,KABEL LAN CAT 6,UGREEN,TIDAK,0
1914,2511000212,NEW KABEL MCDODO CA-0140 2IN1 240W/140W C TO C + MAGSAFE 3 - CA-0140,,,,TIDAK,6
1915,2511000213,NEW KABEL MCDODO CA-1470 USB C TO MAGSAFE 3 MAGNETIC KABEL 140W - CA-1470,,,,TIDAK,0
1916,2506000240,NEW KABEL PRINTER 3M,2506000240,KABEL PRINTER,,TIDAK,1
1917,2511000197,NEW KABEL AUDIO UGREEN 3.5MM GOLD PLATE 50361 1M - BLACK,,KABEL AUDIO,UGREEN,TIDAK,0
1918,2511000195,NEW KABEL AUDIO UGREEN 3.5MM TO XLR 20763 1M - BLACK,,KABEL AUDIO,UGREEN,TIDAK,3
1919,2511000198,NEW KABEL AUDIO UGREEN AUX 6.5MM M/M 10639 3M - BLACK,,KABEL AUDIO,UGREEN,TIDAK,0
1920,2509000109,NEW KABEL USB UGREEN USB-C TO USB-C 100W GAMING NYLON 70643 1M - BLACK,,KABEL DATA USB C TO C,UGREEN,TIDAK,0
1921,2509000106,NEW KABEL USB UGREEN USB-C TO USB-C 100W NYLON 70427 1M - BLACK,6957303874279,KABEL DATA USB C TO C,UGREEN,TIDAK,0
1922,2509000107,NEW KABEL USB UGREEN USB-C TO USB-C 240W NYLON 15311 1M - BLACK,,KABEL DATA USB C TO C,UGREEN,TIDAK,0
1923,2509000102,NEW KABEL USB UGREEN USB-C TO USB-C 60W NYLON 35334 1M - BLUE,,KABEL DATA USB C TO C,UGREEN,TIDAK,0
1924,2509000101,NEW KABEL USB UGREEN USB-C TO USB-C 60W NYLON 35441 1M - PINK,,KABEL DATA USB C TO C,UGREEN,TIDAK,0
1925,2509000108,NEW KABEL USB UGREEN USB-C TO USB-C 60W GAMING NYLON 50123 1M - BLACK,6957303851232,KABEL DATA USB C TO C,UGREEN,TIDAK,4
1926,2509000103,NEW KABEL USB UGREEN USB-C TO USB-C 60W NYLON 50150 1M - BLACK,6957303851508,KABEL DATA USB C TO C,UGREEN,TIDAK,0
1927,2509000100,NEW KABEL USB UGREEN USB-C TO USB-C 60W NYLON 25057 1M - WHITE,6941876220571,KABEL DATA USB C TO C,UGREEN,TIDAK,0
1928,2509000104,NEW KABEL USB UGREEN USB-C TO USB-C 60W PVC 50997 1M - BLACK,,KABEL DATA USB C TO C,UGREEN,TIDAK,0
1929,2509000099,NEW KABEL USB UGREEN USB-C TO LIGHTNING COILED 90480 1.5M - GRAY,,KABEL DATA USB C TO LIGHTNING,UGREEN,TIDAK,0
1930,2509000098,NEW KABEL USB UGREEN USB-C TO LIGHTNING GAMING NYLON 60763 1M - BLACK,6957303867639,KABEL DATA USB C TO LIGHTNING,UGREEN,TIDAK,0
1931,2509000096,NEW KABEL USB UGREEN USB-C TO LIGHTNING NYLON 70523 1M - SILVER,6957303875238,KABEL DATA USB C TO LIGHTNING,UGREEN,TIDAK,0
1932,2509000097,NEW KABEL USB UGREEN USB-C TO LIGHTNING NYLON 60761 2M - BLACK,6957303867615,KABEL DATA USB C TO LIGHTNING,UGREEN,TIDAK,0
1933,2509000095,NEW KABEL USB UGREEN USB-C TO LIGHTNING WOVEN 90493 1M - BLACK,6957303894932,KABEL DATA USB C TO LIGHTNING,UGREEN,TIDAK,0
1934,2509000114,NEW KABEL UGREEN CABLE USB 2.0 TO MICRO 1M BLACK - 60136,6957303861361,KABEL DATA USB A TO MICRO,UGREEN,TIDAK,1
1935,2509000112,NEW KABEL USB UGREEN USB-A TO USB-C NYLON 60126 1M - BLACK,6957303861262,KABEL DATA USB A TO C,UGREEN,TIDAK,0
1936,2509000113,NEW KABEL UGREEN CABLE USB TO C 2M NYLON BLACK - 60128,6957303861286,KABEL DATA USB A TO C,UGREEN,TIDAK,0
1937,2509000110,NEW KABEL USB UGREEN USB-A TO LIGHTNING NYLON 60156 1M - BLACK,,KABEL DATA USB A TO LIGHTNING,UGREEN,TIDAK,0
1938,2509000111,NEW KABEL USB UGREEN USB-A TO LIGHTNING NYLON 60158 2M - BLACK,,KABEL DATA USB A TO LIGHTNING,UGREEN,TIDAK,0
1939,2511000209,NEW KABEL UGREEN CAT 6 U/UTP LAN 10M BLACK - 20164,6957303821648,KABEL LAN CAT 6,UGREEN,TIDAK,5
1940,2511000206,NEW KABEL LAN UGREEN CAT6 UTP 20159 1M - BLACK,,KABEL LAN CAT 6,UGREEN,TIDAK,2
1941,2511000207,NEW KABEL LAN UGREEN CAT6 UTP 20160 2M - BLACK,6957303821600,KABEL LAN CAT 6,UGREEN,TIDAK,5
1942,2511000208,NEW KABEL LAN UGREEN CAT6 UTP 20162 5M - BLACK,,KABEL LAN CAT 6,UGREEN,TIDAK,11
1943,2511000202,NEW KABEL DP TO HDMI UGREEN 10202 2M - BLACK,,KABEL DISPLAY PORT TO HDMI,UGREEN,TIDAK,0
1944,2509000094,NEW KABEL USB UGREEN USB-C TO USB-C 100W RETRACTABLE 65905 1M - BLACK,6941876269051,KABEL DATA USB C TO C,UGREEN,TIDAK,4
1945,2509000105,NEW KABEL USB UGREEN UNO USB-C TO USB-C 100W NYLON 35512 2M - BLACK,6941876235124,KABEL DATA USB C TO C,UGREEN,TIDAK,0
1946,2509000184,NEW KABEL USB UGREEN USB 2.0 ACTIVE EXTENSION 10321 10M - BLACK,6957303813216,KABEL USB EXTENSION,UGREEN,TIDAK,4
1947,2509000183,NEW KABEL USB UGREEN USB 2.0 ACTIVE EXTENSION 10319 5M - BLACK,6957303813193,KABEL USB EXTENSION,UGREEN,TIDAK,5
1948,2511000192,NEW KABEL USB UGREEN USB-C TO 3.5MM AUDIO 20192 1M - BLACK,,KABEL AUDIO,UGREEN,TIDAK,3
1949,2511000211,NEW KABEL USB UGREEN USB4 USB-C TO USB-C 65383 240W 1M - BLACK,,KABEL DATA USB C TO C,UGREEN,TIDAK,0
1950,2510000249,NEW KABEL UTP CAT6 BELDEN [7814A 008 GRY] 305M/Box,,,,TIDAK,0
1951,2509000017,NEW KABEL UTP STRAIGHT CAT6 30M,,,,TIDAK,0
1952,2511000199,NEW KABEL VGA UGREEN 11646 2M - BLACK,,KABEL VGA TO VGA,UGREEN,TIDAK,3
1953,2509000150,NEW KABEL VGA UGREEN 11632 5M - BLACK,6957303876327,KABEL VGA TO VGA,UGREEN,TIDAK,14
1954,2511000196,NEW KABEL AUDIO UGREEN XLR MALE TO FEMALE 20708 1M - BLACK,,KABEL AUDIO,UGREEN,TIDAK,3
1955,2503000151,NEW KAMERA CANON EOS RP with LENS 24-105mm IS STM,,,,TIDAK,0
1956,2508000334,NEW KARTU GARANSI APC,,,,TIDAK,0
1957,2507000190,NEW KEYBOARD ACER SWIFT3 SP314-33/41/51 WITH POWER ON-OFF BLACK FOR SERVICE,,SPAREPART LAPTOP,ACER,TIDAK,0
1958,2508000160,"NEW KEYBOARD ADVAN SMART MAGNETIC EVO-X 13.0""",,KEYBOARD OFFICE WIRELESS,ADVAN,TIDAK,1
1959,2508000161,"NEW KEYBOARD ADVAN SMART MAGNETIC EVO-X 16.0""",,KEYBOARD OFFICE WIRELESS,ADVAN,TIDAK,2
1960,2510000099,NEW KEYBOARD AJAZZ AK650 3-MODES SCREEN BLACK GREY YELLOW DREAM WEAVING SWITCH RGB,6976412984211,KEYBOARD GAMING WIRELESS,AJAZZ,TIDAK,1
1961,2510000097,NEW KEYBOARD AJAZZ AK650 3-MODES SCREEN PURPLE WHITE BLUE DREAM WEAVING SWITCH RGB,6976412984204,KEYBOARD GAMING WIRELESS,AJAZZ,TIDAK,0
1962,2510000098,NEW KEYBOARD AJAZZ AK650 3-MODES SCREEN BLACK CREY YELLOW FLYING FISH SWITCH RGB,6976412984181,KEYBOARD GAMING WIRELESS,AJAZZ,TIDAK,0
1963,2510000096,NEW KEYBOARD AJAZZ AK650 3-MODES SCREEN PURPLE WHITE BLUE FLYING FISH SWITCH RGB,6976412984198,KEYBOARD GAMING WIRELESS,AJAZZ,TIDAK,0
1964,2510000090,NEW KEYBOARD AJAZZ AK680MAX WIRED WHITE (CONTOUR LINE) MAGNETIC RICE SWITCH RGB,6976412984709,KEYBOARD GAMING WIRED,AJAZZ,TIDAK,0
1965,2510000088,NEW KEYBOARD AJAZZ AK680MAX WIRED WHITE MAGNETIC RICE SWITCH RGB,6976412984655,KEYBOARD GAMING WIRED,AJAZZ,TIDAK,5
1966,2510000089,NEW KEYBOARD AJAZZ AK680MAX WIRED BLACK (CONTOUR LINE) MAGNETIC RICE  SWITCH RGB,6976412984693,KEYBOARD GAMING WIRED,AJAZZ,TIDAK,0
1967,2510000091,NEW KEYBOARD AJAZZ AK680MAX 3-MODES (8+1K) BLACK MAGNETIC SWITCH RGB,6976412984983,KEYBOARD GAMING WIRED,AJAZZ,TIDAK,0
1968,2510000092,NEW KEYBOARD AJAZZ AK680MAX 3-MODES (8+1K) WHITE MAGNETIC SWITCH RGB,6976412984990,KEYBOARD GAMING WIRED,AJAZZ,TIDAK,3
1969,2510000093,NEW KEYBOARD AJAZZ AK650 3-MODES SCREEN BLACKBERRY/PINK-DREAM WEAVING SWITCH RGB,6976412984228,KEYBOARD GAMING WIRELESS,AJAZZ,TIDAK,0
1970,2510000095,NEW KEYBOARD AJAZZ AK820 WIRED BLACK RED SWITCH,6976412980152,KEYBOARD GAMING WIRED,AJAZZ,TIDAK,0
1971,2510000094,NEW KEYBOARD AJAZZ AK820 WIRED WHITE BLUE SWITCH,6976412980145,KEYBOARD GAMING WIRED,AJAZZ,TIDAK,0
1972,2510000087,NEW KEYBOARD AJAZZ AK650 WIRED BLACK-RED SWITCH WHITE LIGHT,6976412986444,KEYBOARD GAMING WIRELESS,AJAZZ,TIDAK,0
1973,2510000086,NEW MOUSE AJAZZ  AJ099 PRO 3-MODES BLACK,6976412984815,MOUSE GAMING WIRELESS,AJAZZ,TIDAK,0
1974,2510000083,NEW MOUSE AJAZZ AJ159P SERIES TRI-MODE WITH CHARGING DOCK - WHITE,6976412982705,MOUSE GAMING WIRELESS,AJAZZ,TIDAK,3
1975,2510000082,NEW KEYBOARD AJAZZ AK680MAX WIRED GRADIENT PINK - SIDE PRINTED MAGNETIC - RICE SWITCH RGB,6976412984686,KEYBOARD GAMING WIRELESS,AJAZZ,TIDAK,1
1976,2510000084,NEW KEYBOARD AJAZZ AK680MAX WIRED BLUE WHITE DARK BLUE MAGNETIC - RICE SWITCH,6976412984716,KEYBOARD GAMING WIRELESS,AJAZZ,TIDAK,4
1977,2510000085,NEW KEYBOARD AJAZZ AK680MAX 3-MODES (8+1K) BLUE WHITE DARK BLUE MAGNETIC SWITCH RGB,6976412985010,KEYBOARD GAMING WIRELESS,AJAZZ,TIDAK,1
1978,2510000100,NEW KEYBOARD AJAZZ AK680MAX 3-MODES (8+8K) BLACK GREY YELLOW MAGNETIC SWITCH RGB,6976412985034,KEYBOARD GAMING WIRELESS,AJAZZ,TIDAK,1
1979,2510000103,NEW KEYBOARD AJAZZ AK680MAX 3-MODES (8+8K) BLUE WHITE DARK BLUE MAGNETIC SWITCH RGB,6976412985041,KEYBOARD GAMING WIRELESS,AJAZZ,TIDAK,2
1980,2510000102,NEW KEYBOARD AJAZZ AK680MAX 3-MODES (8+8K) GRADUAL PINK - SIDE PRINTED MAGNETIC SWITCH RGB,6976412985058,KEYBOARD GAMING WIRELESS,AJAZZ,TIDAK,1
1981,2510000101,NEW KEYBOARD AJAZZ ALUX68PLUS WIRED BLACK - MAGNETIC SWITCH RGB,,KEYBOARD GAMING WIRELESS,AJAZZ,TIDAK,0
1982,2510000280,NEW KEYBOARD ARMAGGEDDON MKA-1C NEX TACTICAL - BLACK,8886411983161,KEYBOARD GAMING WIRED,ARMAGGEDDON,TIDAK,0
1983,2510000281,NEW KEYBOARD ARMAGGEDDON MKA-1C NEX TACTICAL - WHITE,8886411983178,KEYBOARD GAMING WIRED,ARMAGGEDDON,TIDAK,0
1984,2508000006,NEW KEYBOARD ASUS ROG ZEPHYRUS GU502GU BACK LIGHT,,SPAREPART LAPTOP,ASUS,TIDAK,0
1985,2511000244,NEW KEYBOARD ASUS TUF FOR SERVICE,,SPAREPART LAPTOP,ASUS,TIDAK,0
1986,2511000082,NEW KEYBOARD ASUS X407 WITH ON-OFF,,SPAREPART LAPTOP,ASUS,TIDAK,0
1987,2508000016,NEW KEYBOARD ASUS X441 BLACK,,SPAREPART LAPTOP,ASUS,TIDAK,0
1988,2508000056,NEW KEYBOARD ASUS X441H BLACK ORIGINAL,,SPAREPART LAPTOP,ASUS,TIDAK,0
1989,2505000013,NEW KEYBOARD COUGAR AURORA S BLACK - MEMBRANE SWITCH,,KEYBOARD GAMING WIRED,COUGAR,TIDAK,0
1990,2506000329,NEW KEYBOARD DELL INSPIRON 14-3000 BLACK,,SPAREPART LAPTOP,DELL,TIDAK,0
1991,2504000100,NEW KEYBOARD FANTECH ATOM104 MK886V2 SUMI EDITION RGB BLACK - BLUE SWITCH,6972661280036,KEYBOARD GAMING WIRED,FANTECH,TIDAK,0
1992,2504000101,NEW KEYBOARD FANTECH ATOM104 MK886V2 SUMI EDITION RGB BLACK - RED SWITCH,6972661280029,KEYBOARD GAMING WIRED,FANTECH,TIDAK,0
1993,2504000098,NEW KEYBOARD FANTECH ATOM104 MK886V2 SUMI EDITION RGB GREY - BLUE SWITCH,6972661280050,KEYBOARD GAMING WIRED,FANTECH,TIDAK,0
1994,2504000099,NEW KEYBOARD FANTECH ATOM104 MK886V2 SUMI EDITION RGB GREY - RED SWITCH,6972661280043,KEYBOARD GAMING WIRED,FANTECH,TIDAK,3
1995,2504000507,NEW KEYBOARD FANTECH ATOM96 MK890V2 MIZU SERIES NAVY BLUE - RED SWITCH,,KEYBOARD GAMING WIRED,FANTECH,TIDAK,1
1996,2504000506,NEW KEYBOARD FANTECH ATOM96 MK890V2 MIZU SERIES NAVY BLUE - BLUE SWITCH,,KEYBOARD GAMING WIRED,FANTECH,TIDAK,1
1997,2504000508,NEW KEYBOARD FANTECH ATOM96 MK890V2 MIZU SERIES SKY BLUE - BLUE SWITCH,,KEYBOARD GAMING WIRED,FANTECH,TIDAK,0
1998,2504000509,NEW KEYBOARD FANTECH ATOM96 MK890V2 MIZU SERIES SKY BLUE - RED SWITCH,6972661281156,KEYBOARD GAMING WIRED,FANTECH,TIDAK,0
1999,2503000669,NEW KEYBOARD FANTECH ATOM PRO63 MK912 MERCURY BLACK - BLUE SWITCH,2503000669,KEYBOARD GAMING WIRELESS,FANTECH,TIDAK,4
2000,2503000219,NEW KEYBOARD FANTECH ATOM PRO63 MK912 MERCURY BLACK - RED SWITCH,6972661285543,KEYBOARD GAMING WIRELESS,FANTECH,TIDAK,1
2001,2504000087,NEW KEYBOARD FANTECH ATOM PRO63 MK912 SATURN GREY  - BLUE SWITCH,6972661285574,KEYBOARD GAMING WIRELESS,FANTECH,TIDAK,3
2002,2504000088,NEW KEYBOARD FANTECH ATOM PRO63 MK912 SATURN GREY - RED SWITCH,6972661285567,KEYBOARD GAMING WIRELESS,FANTECH,TIDAK,1
2003,2503000237,NEW KEYBOARD FANTECH ATOM PRO79 MK917 BLACK - BLUE SWITCH,6977052251299,KEYBOARD GAMING WIRELESS,FANTECH,TIDAK,12
2004,2505000231,NEW KEYBOARD FANTECH ATOM PRO79 MK917 BLACK - RED SWITCH,6977052251305,KEYBOARD GAMING WIRELESS,FANTECH,TIDAK,6
2005,2503000238,NEW KEYBOARD FANTECH ATOM PRO79 MK917 WHITE - BLUE SWITCH,6972661281279,KEYBOARD GAMING WIRELESS,FANTECH,TIDAK,16
2006,2505000232,NEW KEYBOARD FANTECH ATOM PRO79 MK917 WHITE - RED SWITCH,6977052251275,KEYBOARD GAMING WIRELESS,FANTECH,TIDAK,12
2007,2510000037,NEW KEYBOARD FANTECH ATOM X63 MK611 BLUE WHITE - ROSIE SWITCH,6977052252173,KEYBOARD GAMING WIRED,FANTECH,TIDAK,9
2008,2510000038,NEW KEYBOARD FANTECH ATOM X63 MK611 BLUE WHITE - TARO SWITCH,6977052252166,KEYBOARD GAMING WIRED,FANTECH,TIDAK,13
2009,2510000039,NEW KEYBOARD FANTECH ATOM X63 MK611 WHITE BLUE - ROSIE SWITCH,6977052252159,KEYBOARD GAMING WIRED,FANTECH,TIDAK,9
2010,2510000040,NEW KEYBOARD FANTECH ATOM X63 MK611 WHITE BLUE - TARO SWITCH,6977052252142,KEYBOARD GAMING WIRED,FANTECH,TIDAK,11
2011,2504000104,NEW KEYBOARD FANTECH ATOM63 MK874V2 BLACK BLUE WHITE - BLUE SWITCH,6977052250407,KEYBOARD GAMING WIRED,FANTECH,TIDAK,1
2012,2504000105,NEW KEYBOARD FANTECH ATOM63 MK874V2 BLACK BLUE WHITE - RED SWITCH,6977052250391,KEYBOARD GAMING WIRED,FANTECH,TIDAK,6
2013,2504000106,NEW KEYBOARD FANTECH ATOM63 MK874V2 BLACK WHITE BLUE - BLUE SWITCH,6977052250421,KEYBOARD GAMING WIRED,FANTECH,TIDAK,0
2014,2504000107,NEW KEYBOARD FANTECH ATOM63 MK874V2 BLACK WHITE BLUE - RED SWITCH,6977052250414,KEYBOARD GAMING WIRED,FANTECH,TIDAK,2
2015,2503000235,NEW KEYBOARD FANTECH ATOM PRO97 MK918 BLACK - BLUE SWITCH,6977052251336,KEYBOARD GAMING WIRELESS,FANTECH,TIDAK,0
2016,2504000102,NEW KEYBOARD FANTECH ATOM PRO97 MK918 BLACK - RED SWITCH,6977052251343,KEYBOARD GAMING WIRELESS,FANTECH,TIDAK,0
2017,2503000236,NEW KEYBOARD FANTECH ATOM PRO97 MK918 WHITE - BLUE SWITCH,6977052251312,KEYBOARD GAMING WIRELESS,FANTECH,TIDAK,0
2018,2504000103,NEW KEYBOARD FANTECH ATOM PRO97 MK918 WHITE - RED SWITCH,6977052251329,KEYBOARD GAMING WIRELESS,FANTECH,TIDAK,1
2019,2503000239,NEW KEYBOARD FANTECH MK916 MAXFIT AIR GREY - BROWN SWITCH,,KEYBOARD GAMING WIRELESS,FANTECH,TIDAK,0
2020,2504000337,NEW KEYBOARD FANTECH MK916 MAXFIT AIR GREY - RED SWITCH,,KEYBOARD GAMING WIRELESS,FANTECH,TIDAK,0
2021,2504000091,NEW KEYBOARD FANTECH ATOM81 MK875V2 NAVY BLUE - BLUE SWITCH,,KEYBOARD GAMING WIRELESS,FANTECH,TIDAK,0
2022,2504000092,NEW KEYBOARD FANTECH ATOM81 MK875V2 NAVY BLUE - RED SWITCH,,KEYBOARD GAMING WIRELESS,FANTECH,TIDAK,0
2023,2504000093,NEW KEYBOARD FANTECH ATOM81 MK875V2 SKY BLUE - BLUE SWITCH,,KEYBOARD GAMING WIRELESS,FANTECH,TIDAK,0
2024,2504000094,NEW KEYBOARD FANTECH ATOM81 MK875V2 SKY BLUE - RED SWITCH,,KEYBOARD GAMING WIRELESS,FANTECH,TIDAK,0
2025,2511000140,NEW KEYBOARD FANTECH ATOM TKL MK876V2 GREY - RED SWITCH,,KEYBOARD GAMING WIRED,FANTECH,TIDAK,2
2026,2503000240,NEW KEYBOARD FANTECH MAXFIT AIR MK915 GREY - BROWN SWITCH,6972661280616,KEYBOARD GAMING WIRELESS,FANTECH,TIDAK,10
2027,2503000232,NEW FANTECH SET COMBO P31 HERO 3IN1 BLACK,,GAMING COMBO WIRED,FANTECH,TIDAK,1
2028,2503000231,NEW FANTECH SET COMBO P51 5IN1 BLACK,6972661286465,GAMING COMBO WIRED,FANTECH,TIDAK,0
2029,2504000082,NEW FANTECH SET COMBO P51 5IN1 PINK,6977052251121,GAMING COMBO WIRED,FANTECH,TIDAK,0
2030,2503000222,NEW FANTECH SET COMBO P51 5IN1 WHITE,,GAMING COMBO WIRED,FANTECH,TIDAK,0
2031,2507000221,NEW KEYBOARD FANTECH K613 FIGHTER TKL II BLACK - FLOATING SWITCH,,KEYBOARD GAMING WIRED,FANTECH,TIDAK,0
2032,2507000222,NEW KEYBOARD FANTECH K613L FIGHTER II BLACK,,KEYBOARD GAMING WIRED,FANTECH,TIDAK,0
2033,2507000223,NEW KEYBOARD FANTECH K613L FIGHTER II PINK,6972661282306,KEYBOARD GAMING WIRED,FANTECH,TIDAK,0
2034,2507000226,NEW KEYBOARD FANTECH MAXPOWER MK853V2 BLACK - BLUE SWITCH,,KEYBOARD GAMING WIRED,FANTECH,TIDAK,0
2035,2507000227,NEW KEYBOARD FANTECH MAXPOWER MK853V2 BLACK - RED SWITCH,,KEYBOARD GAMING WIRED,FANTECH,TIDAK,0
2036,2507000224,NEW KEYBOARD FANTECH MAXPOWER MK853V2 WHITE - BLUE SWITCH,,KEYBOARD GAMING WIRED,FANTECH,TIDAK,0
2037,2507000225,NEW KEYBOARD FANTECH MAXPOWER MK853V2 WHITE - RED SWITCH,6972661282481,KEYBOARD GAMING WIRED,FANTECH,TIDAK,0
2038,2510000047,NEW KEYBOARD FANTECH ATOM63 MK874V2 MIZU SERIES SKY BLUE - BLUE SWITCH,6972661289961,KEYBOARD GAMING WIRED,FANTECH,TIDAK,1
2039,2507000228,NEW KEYBOARD FANTECH MAXFIT61 MK857 BLACK - RED SWITCH,6972661282375,KEYBOARD GAMING WIRELESS,FANTECH,TIDAK,0
2040,2507000217,NEW FANTECH SET COMBO WK893 2IN1 BLACK,,OFFICE COMBO WIRELESS,FANTECH,TIDAK,0
2041,2507000107,NEW KEYBOARD FANTECH ATOM87 MK876V2 SUMI EDITION BLACK - BLUE SWITCH,6972661280104,KEYBOARD GAMING WIRED,FANTECH,TIDAK,2
2042,2510000056,NEW KEYBOARD HP 14-AC ORIGINAL,,SPAREPART LAPTOP,HP,TIDAK,0
2043,2509000018,NEW KEYBOARD HP 14-BW SILVER,,SPAREPART LAPTOP,HP,TIDAK,0
2044,2505000250,NEW KEYBOARD HP FOR SERVIS,,SPAREPART LAPTOP,HP,TIDAK,0
2045,2511000011,NEW KEYBOARD HYPERX ALLOY CORE GAMING RGB BLACK,196188042533,KEYBOARD GAMING WIRED,HYPERX,TIDAK,4
2046,2511000012,NEW KEYBOARD HYPERX ALLOY ORIGINS 60 RGB BLACK - RED SWITCH,196188048948,KEYBOARD GAMING WIRED,HYPERX,TIDAK,1
2047,2511000235,NEW KEYBOARD LAPTOP ASUS FOR SERVICE,,SPAREPART LAPTOP,ASUS,TIDAK,0
2048,2507000270,NEW KEYBOARD LENOVO FLEX5-14ARE05 NO ON/OFF GREY BACKLITE,,SPAREPART LAPTOP,LENOVO,TIDAK,0
2049,2505000138,NEW KEYBOARD LENOVO IDEAPAD 320-14ISK WITH ON/OFF ORIGINAL,,SPAREPART LAPTOP,LENOVO,TIDAK,1
2050,2508000192,NEW KEYBOARD LENOVO THINKPAD E431/E440/T440P WITH TRACKPAD ORIGINAL,,SPAREPART LAPTOP,LENOVO,TIDAK,0
2051,2511000131,NEW KEYBOARD LENOVO YOGA SLIM 7 CARBON 13ITL5 FOR SERVICE,,SPAREPART LAPTOP,LENOVO,TIDAK,0
2052,2506000111,NEW KEYBOARD LOGITECH MK220 WIRELESS COMBO - BLACK,097855077998,OFFICE COMBO WIRELESS,LOGITECH,TIDAK,4
2053,2506000112,NEW KEYBOARD LOGITECH + MOUSE LOGITECH WIRELESS COMBO MK270R,097855105578,OFFICE COMBO WIRELESS,LOGITECH,TIDAK,40
2054,2503000642,NEW KEYBOARD LOGITECH MK540 WIRELESS COMBO - BLACK,,OFFICE COMBO WIRELESS,LOGITECH,TIDAK,0
2055,2503000551,NEW KEYBOARD LOGITECH G213 920-008096 PRODIGY - BLACK,097855123053,KEYBOARD GAMING WIRED,LOGITECH,TIDAK,1
2056,2503000549,NEW KEYBOARD LOGITECH G512 920-008949 CARBON - BLACK - GX BLUE,097855141897,KEYBOARD GAMING WIRED,LOGITECH,TIDAK,2
2057,2503000548,NEW KEYBOARD LOGITECH G512 920-009354 CARBON - BLACK - GX BROWN,097855151728,KEYBOARD GAMING WIRED,LOGITECH,TIDAK,0
2058,2503000550,NEW KEYBOARD LOGITECH G512 920-009372 CARBON - BLACK - GX RED,097855151773,KEYBOARD GAMING WIRED,LOGITECH,TIDAK,3
2059,2503000561,NEW KEYBOARD LOGITECH G515 920-012580 LIGHTSPEED TKL WIRELESS - BLACK - TACTILE,097855193537,KEYBOARD GAMING WIRELESS,LOGITECH,TIDAK,1
2060,2503000562,NEW KEYBOARD LOGITECH G515 920-012581 LIGHTSPEED TKL WIRELESS - WHITE - TACTILE,097855193551,KEYBOARD GAMING WIRELESS,LOGITECH,TIDAK,3
2061,2503000559,NEW KEYBOARD LOGITECH G515 TKL WIRED TACTILE 920-012912 BLACK,,KEYBOARD GAMING WIRED,LOGITECH,TIDAK,2
2062,2503000656,NEW KEYBOARD LOGITECH G713 WHITE GX BROWN TACTILE 920-010427,097855169495,KEYBOARD GAMING WIRED,LOGITECH,TIDAK,3
2063,2503000641,NEW MOUSE AJAZZ AJ179 V2 TITAN - ORANGE,6976412987045,MOUSE GAMING WIRELESS,AJAZZ,TIDAK,3
2064,2503000640,NEW KEYBOARD LOGITECH G713 WHITE GX RED LINEAR 920-010679,,KEYBOARD GAMING WIRED,LOGITECH,TIDAK,2
2065,2509000047,NEW KEYBOARD LOGITECH G413 SE 920-010439 - BLACK,097855168832,KEYBOARD GAMING WIRED,LOGITECH,TIDAK,2
2066,2509000209,NEW KEYBOARD LOGITECH G413 TKL SE 920-010448 - BLACK,097855168863,KEYBOARD GAMING WIRED,LOGITECH,TIDAK,2
2067,2506000029,NEW KEYBOARD LOGITECH K270 WIRELESS - BLACK,097855073921,KEYBOARD OFFICE WIRELESS,LOGITECH,TIDAK,6
2068,2509000216,NEW KEYBOARD LOGITECH K580 920-009210 SLIM WIRELESS - GRAPHITE,097855152220,KEYBOARD OFFICE WIRELESS,LOGITECH,TIDAK,0
2069,2509000218,NEW KEYBOARD LOGITECH K580 920-009211 SLIM WIRELESS - OFF WHITE,097855152237,KEYBOARD OFFICE WIRELESS,LOGITECH,TIDAK,1
2070,2509000217,NEW KEYBOARD LOGITECH K580 920-01132 SLIM WIRELESS - ROSE,097855182531,KEYBOARD OFFICE WIRELESS,LOGITECH,TIDAK,1
2071,2503000643,NEW KEYBOARD LOGITECH MK345 920-012926 COMFORT WIRELESS COMBO - BLACK,097855196613,KEYBOARD OFFICE WIRELESS,LOGITECH,TIDAK,12
2072,2510000201,NEW KEYBOARD LOGITECH MX KEYS S 920-011605 WIRELESS COMBO - GRAPHITE,097855187932,KEYBOARD OFFICE WIRELESS,LOGITECH,TIDAK,0
2073,2504000482,NEW KEYBOARD LOGITECH MX KEYS S 920-011563 WIRELESS - GRAPHITE,097855187864,KEYBOARD OFFICE WIRELESS,LOGITECH,TIDAK,1
2074,2510000202,NEW KEYBOARD LOGITECH MX KEYS S 920-011564 WIRELESS - PALE GREY,097855187895,KEYBOARD OFFICE WIRELESS,LOGITECH,TIDAK,1
2075,2503000155,NEW KEYBOARD LOGITECH PEBBLE KEYS 2 K380S WIRELESS - TONAL ROSE,097855186089,KEYBOARD OFFICE WIRELESS,LOGITECH,TIDAK,0
2076,2506000110,NEW KEYBOARD LOGITECH PEBBLE KEYS 2 K380S WIRELESS - GRAPHITE,097855186010,KEYBOARD OFFICE WIRELESS,LOGITECH,TIDAK,0
2077,2506000109,NEW KEYBOARD LOGITECH PEBBLE KEYS 2 K380S WIRELESS - WHITE,097855186065,KEYBOARD OFFICE WIRELESS,LOGITECH,TIDAK,2
2078,2503000547,NEW KEYBOARD LOGITECH POP ICON KEYS 920-013083 WIRELESS - GRAPHITE,,KEYBOARD OFFICE WIRELESS,LOGITECH,TIDAK,0
2079,2503000544,NEW KEYBOARD LOGITECH POP ICON KEYS 920-013084 WIRELESS - OFF WHITE,,KEYBOARD OFFICE WIRELESS,LOGITECH,TIDAK,0
2080,2503000546,NEW KEYBOARD LOGITECH POP ICON KEYS 920-013085 WIRELESS - ROSE,,KEYBOARD OFFICE WIRELESS,LOGITECH,TIDAK,0
2081,2503000545,NEW KEYBOARD LOGITECH POP ICON KEYS 920-013086 WIRELESS - LILAC,097855199775,KEYBOARD OFFICE WIRELESS,LOGITECH,TIDAK,1
2082,2503000543,NEW KEYBOARD LOGITECH POP KEYS 920-010577 WIRELESS - BLAST YELLOW,097855169945,KEYBOARD OFFICE WIRELESS,LOGITECH,TIDAK,4
2083,2503000542,NEW KEYBOARD LOGITECH POP KEYS 920-010578 WIRELESS - DAYDREAM MINT,,KEYBOARD OFFICE WIRELESS,LOGITECH,TIDAK,0
2084,2503000552,NEW KEYBOARD LOGITECH MK295 SILENT WIRELESS COMBO - BLACK,,OFFICE COMBO WIRELESS,LOGITECH,TIDAK,20
2085,2504000149,NEW FANTECH SET COMBO GO MOCHI85 WK898 2IN1 - BLUE,6977052251374,GAMING COMBO WIRELESS,FANTECH,TIDAK,2
2086,2504000150,NEW FANTECH SET COMBO GO MOCHI85 WK898 2IN1 - PINK,6977052251367,GAMING COMBO WIRELESS,FANTECH,TIDAK,0
2087,2504000151,NEW FANTECH SET COMBO GO MOCHI85 WK898 2IN1 - PURPLE,6977052251381,GAMING COMBO WIRELESS,FANTECH,TIDAK,3
2088,2504000152,NEW FANTECH SET COMBO GO MOCHI85 WK898 2IN1 - YELLOW,6977052251350,GAMING COMBO WIRELESS,FANTECH,TIDAK,2
2089,2505000226,NEW FANTECH COMBO KM103 BLACK,,OFFICE COMBO WIRED,FANTECH,YA,0
2090,2504000153,NEW FANTECH SET COMBO GO MOCHI101 WK899 2IN1 - BLUE,6977052251411,GAMING COMBO WIRELESS,FANTECH,TIDAK,2
2091,2504000154,NEW FANTECH SET COMBO GO MOCHI101 WK899 2IN1 - PINK,6977052251404,GAMING COMBO WIRELESS,FANTECH,TIDAK,0
2092,2504000155,NEW FANTECH SET COMBO GO MOCHI101 WK899 2IN1 - PURPLE,6977052251428,GAMING COMBO WIRELESS,FANTECH,TIDAK,2
2093,2504000156,NEW FANTECH SET COMBO GO MOCHI101 WK899 2IN1 - YELLOW,6977052251398,GAMING COMBO WIRELESS,FANTECH,TIDAK,4
2094,2505000163,NEW OLIKE SET COMBO KMS1 2IN1 WIRELESS - BLACK,8990049004782,KEYBOARD OFFICE WIRELESS,OLIKE,TIDAK,1
2095,2505000164,NEW OLIKE SET COMBO KMS2 2IN1 WIRED - BLACK,,KEYBOARD OFFICE WIRED,OLIKE,TIDAK,0
2096,2506000045,NEW KEYBOARD NB LENOVO IDEAPAD 3 14 GL05 FOR SERVICE,,SPAREPART LAPTOP,LENOVO,TIDAK,0
2097,2505000162,NEW KEYBOARD OLIKE K1 WIRED - BLACK,8990049005437,KEYBOARD OFFICE WIRED,OLIKE,TIDAK,0
2098,2503000541,NEW KEYBOARD POP KEYS 920-010579 HEARTBREAKER ROSE,,KEYBOARD OFFICE WIRELESS,LOGITECH,TIDAK,0
2099,2503000540,NEW KEYBOARD POP KEYS 920-011227 COSMOS LAVENDER,,KEYBOARD OFFICE WIRELESS,LOGITECH,TIDAK,0
2100,2510000203,"NEW KEYBOARD PROTECTOR 14""",2510000203,KEYBOARD PROTECTOR,,TIDAK,0
2101,2510000204,"NEW KEYBOARD PROTECTOR 15""",2510000204,KEYBOARD PROTECTOR,,TIDAK,3
2102,2504000182,NEW KEYBOARD RAZER BLACKWIDOW V3 TKL - BLACK - YELLOW SWITCH,8886419347118,KEYBOARD GAMING WIRED,RAZER,TIDAK,0
2103,2504000183,NEW KEYBOARD RAZER BLACKWIDOW V4 X MECHANICAL GAMING - BLACK - YELLOW SWITCH,8887910072868,KEYBOARD GAMING WIRED,RAZER,TIDAK,0
2104,2506000100,NEW KEYBOARD RAZER HUNTSMAN MINI PURPLE SWITCH - BLACK,8886419345732,KEYBOARD GAMING WIRED,RAZER,TIDAK,1
2105,2506000101,NEW KEYBOARD RAZER HUNTSMAN MINI RED SWITCH - BLACK,8886419345749,KEYBOARD GAMING WIRED,RAZER,TIDAK,0
2106,2506000103,NEW KEYBOARD RAZER HUNTSMAN V2 - BLACK - PURPLE SWITCH,,KEYBOARD GAMING WIRED,RAZER,TIDAK,0
2107,2506000102,NEW KEYBOARD RAZER HUNTSMAN V2 - BLACK - RED SWITCH,8886419347439,KEYBOARD GAMING WIRED,RAZER,TIDAK,0
2108,2504000185,NEW KEYBOARD RAZER HUNTSMAN V3 PRO MINI - BLACK,,KEYBOARD GAMING WIRED,RAZER,TIDAK,0
2109,2504000184,NEW KEYBOARD RAZER HUNTSMAN V3 PRO TENKEYLESS WHITE,8887910073490,KEYBOARD GAMING WIRED,RAZER,TIDAK,2
2110,2506000104,NEW KEYBOARD RAZER ORNATA V3 TKL - BLACK,2506000104,KEYBOARD GAMING WIRED,RAZER,TIDAK,2
2111,2504000180,NEW KEYBOARD RAZER ORNATA V3 X LOW PROFILE - BLACK,,KEYBOARD GAMING WIRED,RAZER,TIDAK,0
2112,2505000155,NEW KEYBOARD RAZER DEATHSTALKER V2 PRO TKL WIRELESS OPTICAL GAMING - BLACK,,KEYBOARD GAMING WIRELESS,RAZER,TIDAK,0
2113,2510000238,NEW KEYBOARD REXUS AETHER A65 - KTT WHITE SWITCH,6991004464018,KEYBOARD GAMING WIRELESS,REXUS,TIDAK,0
2114,2510000239,NEW KEYBOARD REXUS AETHER A75 - KTT WHITE SWITCH,6991004465015,KEYBOARD GAMING WIRELESS,REXUS,TIDAK,1
2115,2510000240,NEW KEYBOARD REXUS AETHER A98 - KTT WHITE SWITCH,6991004466012,KEYBOARD GAMING WIRELESS,REXUS,TIDAK,2
2116,2510000209,NEW KEYBOARD REXUS BATTLEFIRE K65M BLACK,6991003309013,KEYBOARD GAMING WIRED,REXUS,TIDAK,4
2117,2510000210,NEW KEYBOARD REXUS BATTLEFIRE K65M WHITE,6991003310026,KEYBOARD GAMING WIRED,REXUS,TIDAK,10
2118,2509000272,NEW KEYBOARD REXUS MOSAIC KB02 WHITE,6992002224727,KEYBOARD OFFICE WIRELESS,REXUS,TIDAK,8
2119,2510000221,NEW REXUS SET COMBO AYAKA SERIES KG7 2IN1 FUKENRO - BROWN SWITCH,6991011387997,KEYBOARD GAMING WIRED,REXUS,TIDAK,1
2120,2510000224,NEW REXUS SET COMBO AYAKA SERIES KG10 2IN1 KISHA - BROWN SWITCH,6991011396999,KEYBOARD GAMING WIRED,REXUS,TIDAK,2
2121,2510000223,NEW REXUS SET COMBO AYAKA SERIES KG9 2IN1 SHORAI - BROWN SWITCH,6991011393998,KEYBOARD GAMING WIRED,REXUS,TIDAK,2
2122,2510000222,NEW REXUS SET COMBO AYAKA SERIES KG8 2IN1 YUKO - BROWN SWITCH,6991011390997,KEYBOARD GAMING WIRED,REXUS,TIDAK,4
2123,2510000218,NEW KEYBOARD REXUS HEROIC KX4 V2 TKL DARK GREY - BROWN SWITCH,6991003449221,KEYBOARD GAMING WIRED,REXUS,TIDAK,16
2124,2510000217,NEW KEYBOARD REXUS HEROIC KX4 V2 TKL DARK GREY - RED SWITCH,6991003450227,KEYBOARD GAMING WIRED,REXUS,TIDAK,2
2125,2510000216,NEW KEYBOARD REXUS HEROIC KX4 V2 TKL GREY - BROWN SWITCH,,KEYBOARD GAMING WIRED,REXUS,TIDAK,0
2126,2510000215,NEW KEYBOARD REXUS HEROIC KX4 V2 TKL GREY - RED SWITCH,,KEYBOARD GAMING WIRED,REXUS,TIDAK,0
2127,2510000220,NEW KEYBOARD REXUS HEROIC KX4 V2 TKL LIGHT GREY - BROWN SWITCH,6991003452214,KEYBOARD GAMING WIRED,REXUS,TIDAK,8
2128,2510000219,NEW KEYBOARD REXUS HEROIC KX4 V2 TKL LIGHT GREY - RED SWITCH,6991003453211,KEYBOARD GAMING WIRED,REXUS,TIDAK,12
2129,2510000212,NEW KEYBOARD REXUS HEROIC KX5 V2 DARK GREY - BROWN SWITCH,6991003455222,KEYBOARD GAMING WIRED,REXUS,TIDAK,0
2130,2510000211,NEW KEYBOARD REXUS HEROIC KX5 V2 DARK GREY - RED SWITCH,6991003456229,KEYBOARD GAMING WIRED,REXUS,TIDAK,0
2131,2510000214,NEW KEYBOARD REXUS HEROIC KX5 V2 LIGHT GREY - BROWN SWITCH,6991003458216,KEYBOARD GAMING WIRED,REXUS,TIDAK,0
2132,2510000213,NEW KEYBOARD REXUS HEROIC KX5 V2 LIGHT GREY - RED SWITCH,6991003459213,KEYBOARD GAMING WIRED,REXUS,TIDAK,0
2133,2510000207,NEW REXUS SET COMBO KM8 2IN1 BLACK,6992003177015,OFFICE COMBO WIRELESS,REXUS,TIDAK,0
2134,2510000208,NEW REXUS SET COMBO KM8 2IN1 WHITE,6992003225020,OFFICE COMBO WIRELESS,REXUS,TIDAK,0
2135,2505000207,NEW KEYBOARD REXUS LEGIONARE MX5.2 TKL OCEAN BLUE - BLUE SWITCH,,KEYBOARD GAMING WIRED,REXUS,TIDAK,0
2136,2507000245,NEW KEYBOARD XIAOMI REDMI CASE SET,,,XIAOMI,TIDAK,0
2137,2504000385,NEW KIT THERMALTAKE CHASSIS STAND KIT FOR THE TOWER 300 BLACK - AC-069-OO1NAN-A1,4711475642454,CHASSIS STAND KIT,THERMALTAKE,TIDAK,2
2138,2504000388,NEW KIT THERMALTAKE CHASSIS STAND KIT FOR THE TOWER 600 - BLACK - AC-070-OO1NAN-A1,4711475645264,CHASSIS STAND KIT,THERMALTAKE,TIDAK,1
2139,2504000389,NEW KIT THERMALTAKE CHASSIS STAND KIT FOR THE TOWER 600 - SNOW - AC-070-OO2NAN-A1,,CHASSIS STAND KIT,THERMALTAKE,TIDAK,1
2140,2509000122,NEW KONVERTER UGREEN AUDIO 3.5MM TO LIGHTNING 30759 10CM - WHITE,6957303837595,CONVERTER AUDIO,UGREEN,TIDAK,4
2141,2509000123,NEW KONVERTER UGREEN AUDIO 3.5MM TO LIGHTNING 30756 10CM - BLACK,6957303837564,CONVERTER AUDIO,UGREEN,TIDAK,1
2142,2509000179,NEW KONVERTER UGREEN USB-C TO GIGABIT ETHERNET 50737 - GRAY,6957303857371,CONVERTER USB A+C TO LAN,UGREEN,TIDAK,0
2143,2509000178,NEW KONVERTER UGREEN USB 3.0 TO GIGABIT ETHERNET 15636 - GRAY,,CONVERTER USB A TO LAN,UGREEN,TIDAK,0
2144,2509000171,NEW KONVERTER UGREEN HDMI TO VGA 40253 - BLACK,6957303842537,CONVERTER HDMI TO VGA,UGREEN,TIDAK,0
2145,2509000169,NEW CAPTURE CARD HDMI 2 IN 1 UGREEN 40189 - BLACK,6957303841899,CONVERTER C+A TO HDMI,UGREEN,TIDAK,1
2146,2509000126,NEW USB HUB UGREEN TYPE-C 15395 4 IN 1 - BLACK,6941876213955,USB HUB (DOCKING STATION),UGREEN,TIDAK,0
2147,2509000133,NEW KONVERTER UGREEN TYPE-C TO 2.5INCH SATA 50CM - 70610,6957303876105,CONVERTER C TO SATA,UGREEN,TIDAK,8
2148,2509000168,NEW KONVERTER UGREEN USB-C TO HDMI + VGA 30843 - WHITE,,CONVERTER C TO HDMI+VGA,UGREEN,TIDAK,0
2149,2506000050,NEW KONVERTER VENTION HDMI BI-DIRECTION SWITCHER 2 PORT AFUH0 - SILVER,6922794743731,HDMI SWITCH,VENTION,TIDAK,1
2150,2506000051,NEW KABEL USB VENTION USB-C TO MINI-B COWBG 1.5M - BLACK,6922794755970,KABEL DATA USB C TO MINI B,VENTION,TIDAK,4
2151,2506000052,NEW KABEL USB VENTION USB-C TO MINI-B COWBH 2M - BLACK,6922794755987,KABEL DATA USB C TO MINI B,VENTION,TIDAK,5
2152,2506000053,NEW KONVERTER VENTION USB 3.0 A Male to C Male Cable 1.5M Black PVC Type COZBG,2506000053,KABEL DATA USB A TO C,VENTION,TIDAK,1
2153,2509000125,NEW ADAPTER UGREEN USB-C TO 3.5MM AUDIO 60164 - BLACK,6957303861644,CONVERTER AUDIO,UGREEN,TIDAK,0
2154,2510000059,NEW KURSI COUGAR ARMOR EVO S - GOLD,,KURSI GAMING,COUGAR,TIDAK,0
2155,2505000007,NEW KURSI COUGAR ARMOR EVO S - ORANGE,,KURSI GAMING,COUGAR,TIDAK,0
2156,2510000058,NEW KURSI COUGAR ARMOR ONE BLACK,4715302440770,KURSI GAMING,COUGAR,TIDAK,1
2157,2507000255,NEW KURSI COUGAR ARMOR ONE X,,KURSI GAMING,COUGAR,TIDAK,0
2158,2507000257,NEW KURSI COUGAR COUGAR GAMING ARMOR ONE SKY BLUE,,KURSI GAMING,COUGAR,TIDAK,0
2159,2510000062,NEW KURSI COUGAR FIDOM SOFA - BLACK ORANGE,,KURSI GAMING,COUGAR,TIDAK,2
2160,2510000063,NEW KURSI COUGAR FIDOM SOFA - GREY ORANGE,,KURSI GAMING,COUGAR,TIDAK,1
2161,2505000012,NEW KURSI COUGAR FUSION SF GAMING CHAIR,4710483775185,KURSI GAMING,COUGAR,TIDAK,1
2162,2507000259,NEW KURSI COUGAR GAMING ARMOR ELITE WHITE,,KURSI GAMING,COUGAR,TIDAK,0
2163,2505000008,NEW KURSI COUGAR HOTROD - ORANGE,4710483775314,KURSI GAMING,COUGAR,TIDAK,0
2164,2507000256,NEW KURSI COUGAR HOTROD ROYAL VCT,,KURSI GAMING,COUGAR,TIDAK,0
2165,2507000258,NEW KURSI COUGAR SOFA GAMING RANGER S ROYAL,,KURSI GAMING,COUGAR,TIDAK,0
2166,2505000238,NEW KURSI FANTECH GAMING GC-191 - BLACK,,KURSI GAMING,FANTECH,TIDAK,0
2167,2508000204,NEW KURSI FANTECH GAMING GC-191 - BLUE,6972661286717,KURSI GAMING,FANTECH,TIDAK,3
2168,2505000239,NEW KURSI FANTECH GAMING GC-191 - GREY,6972661286724,KURSI GAMING,FANTECH,TIDAK,0
2169,2505000240,NEW KURSI FANTECH GAMING GC-191 - RED,6972661286700,KURSI GAMING,FANTECH,TIDAK,5
2170,2505000236,NEW KURSI FANTECH GAMING GC-192 - BLACK,6972661286977,KURSI GAMING,FANTECH,TIDAK,3
2171,2505000237,NEW KURSI FANTECH GAMING GC-192 - GREY,6972661286984,KURSI GAMING,FANTECH,TIDAK,5
2172,2511000139,NEW VGA CARD VENOMRX GTX 750 TI 4GB DDR5,,KURSI OFFICE,FANTECH,TIDAK,5
2173,2503000205,NEW KURSI FANTECH OFFICE CHAIR A-258 - BLACK,6972661286731,KURSI OFFICE,FANTECH,TIDAK,10
2174,2504000075,NEW KURSI FANTECH OFFICE CHAIR A-258 - GREEN,6972661286748,KURSI OFFICE,FANTECH,TIDAK,3
2175,2504000077,NEW KURSI FANTECH OFFICE CHAIR A-258 - MINT,6972661286786,KURSI OFFICE,FANTECH,TIDAK,2
2176,2504000076,NEW KURSI FANTECH OFFICE CHAIR A-258 - PINK,6972661286779,KURSI OFFICE,FANTECH,TIDAK,2
2177,2503000202,NEW KURSI FANTECH OFFICE CHAIR A-258S V2 - BLACK,,KURSI OFFICE,FANTECH,TIDAK,0
2178,2503000203,NEW KURSI FANTECH OFFICE CHAIR A-258S V2 - GREY,,KURSI OFFICE,FANTECH,TIDAK,0
2179,2503000204,NEW KURSI FANTECH OFFICE CHAIR A-258S V2 - WHITE,6977052250865,KURSI OFFICE,FANTECH,TIDAK,8
2180,2504000080,NEW KURSI FANTECH OFFICE CHAIR A-259 PRO - BLACK,,KURSI OFFICE,FANTECH,TIDAK,0
2181,2503000201,NEW KURSI FANTECH OFFICE CHAIR A-259 PRO - GREY,6972661280364,KURSI OFFICE,FANTECH,TIDAK,0
2182,2504000078,NEW KURSI FANTECH OFFICE CHAIR B-258 - BLACK,6972661286793,KURSI OFFICE,FANTECH,TIDAK,2
2183,2503000313,NEW KURSI GAMING COUGAR FUSION S,,KURSI GAMING,COUGAR,TIDAK,0
2184,2503000314,NEW KURSI GAMING COUGAR FUSION S BLACK,4710483775178,KURSI GAMING,COUGAR,TIDAK,0
2185,2504000192,NEW KURSI GAMING RAZER ISKUR V2 X - BLACK,8886419354727,KURSI GAMING,RAZER,TIDAK,1
2186,2506000233,NEW KURSI ERGONOMIC REXUS NC2 LUMBAR SUPPORT - BLACK,,KURSI OFFICE,REXUS,TIDAK,1
2187,2504000225,NEW KURSI ERGONOMIC REXUS NC2 LUMBAR SUPPORT - WHITE,,KURSI OFFICE,REXUS,TIDAK,1
2188,2505000063,NEW KURSI ERGONOMIC REXUS NC4 - BLACK,,KURSI OFFICE,REXUS,TIDAK,0
2189,2505000064,NEW KURSI ERGONOMIC REXUS NC4 - LIGHT GREY,,KURSI OFFICE,REXUS,TIDAK,1
2190,2504000233,NEW KURSI ERGONOMIC REXUS NC3 - BLACK,,KURSI OFFICE,REXUS,TIDAK,0
2191,2506000234,NEW KURSI ERGONOMIC REXUS NC3 - WHITE GREY,,KURSI OFFICE,REXUS,TIDAK,0
2192,2504000234,NEW KURSI ERGONOMIC REXUS NC5 MAX FOOTREST - BLACK,,KURSI OFFICE,REXUS,TIDAK,0
2193,2504000235,NEW KURSI ERGONOMIC REXUS NC5 MAX FOOTREST - GREEN,,KURSI OFFICE,REXUS,TIDAK,0
2194,2506000228,NEW KURSI GAMING ERGONOMIC REXUS RGC-R55 - BLUE,6994001247066,KURSI GAMING,REXUS,TIDAK,3
2195,2505000209,NEW KURSI GAMING ERGONOMIC REXUS RGC-R55 - RED,6994001246052,KURSI GAMING,REXUS,TIDAK,2
2196,2507000295,NEW KURSI GAMING ERGONOMIC REXUS RGC-R55 - WHITE,6994001248025,KURSI GAMING,REXUS,TIDAK,0
2197,2506000229,NEW KURSI GAMING REXUS RGC-101 V.2 - CARAMELO,,KURSI GAMING,REXUS,TIDAK,0
2198,2506000227,NEW KURSI GAMING ERGONOMIC REXUS RGC-R60 - WHITE,,KURSI GAMING,REXUS,TIDAK,0
2199,2509000236,NEW KURSI GAMING REXUS RFC-01 SWIVEL - CREAM,,KURSI GAMING,REXUS,TIDAK,0
2200,2507000066,NEW KURSI GAMING REXUS RGC-100 2D ARMREST - BLACK WHITE,,KURSI GAMING,REXUS,TIDAK,0
2201,2509000271,NEW KURSI GAMING REXUS RGC-100 MAX FOOTREST - BLACK,6994001164127,KURSI GAMING,REXUS,TIDAK,0
2202,2509000224,NEW KURSI GAMING REXUS RGC-105 3D ARMREST - BLACK,6994001177011,KURSI GAMING,REXUS,TIDAK,1
2203,2506000232,NEW KURSI GAMING REXUS STOFFA RGC-211 - ASH GREY,6994001185047,KURSI GAMING,REXUS,TIDAK,1
2204,2506000230,NEW KURSI GAMING REXUS STOFFA RGC-211 - JADE BLACK,6994001183012,KURSI GAMING,REXUS,TIDAK,0
2205,2506000231,NEW KURSI GAMING REXUS STOFFA RGC-211 - STEEL BLUE,6994001184064,KURSI GAMING,REXUS,TIDAK,0
2206,2504000486,NEW KURSI SADES RYUNIX GAMING GX8 ERGONOMIS 4D - BLACK,,KURSI GAMING,SADES,TIDAK,1
2207,2506000186,NEW KURSI SADES RYUNIX GAMING GX8 ERGONOMIS 4D - LIGHT GREY,,KURSI GAMING,SADES,TIDAK,0
2208,2503000286,NEW KURSI SOFA COUGAR RANGER ELITE GOLD,,KURSI GAMING,COUGAR,TIDAK,1
2209,2504000418,NEW KEYBOARD LOGITECH K120 USB - BLACK,097855067081,KEYBOARD OFFICE WIRED,LOGITECH,TIDAK,0
2210,2504000417,NEW KEYBOARD LOGITECH MK120 SET COMBO 2IN1 - BLACK,097855067036,OFFICE COMBO WIRED,LOGITECH,TIDAK,51
2211,2503000524,NEW LAYAR PROYEKTOR ELECTRIC 150 DIAGONAL 4:3 (304CM*288CM) SE-YI,,,,TIDAK,0
2212,2505000213,NEW LAYAR PROYEKTOR SE-YI 120 INCH 4 : 3 FIBER GLASS 220V+RC,,,,TIDAK,0
2213,2505000212,NEW LAYAR PROYEKTOR SE-YI 96 INCH 4 : 3 FIBER GLASS 220V+RC,,,,TIDAK,0
2214,2510000007,"NEW LAYAR PROYEKTOR TRIPOD 96"" LETAEC DIAGONAL 1:1 (178cm x 178cm)",,,,TIDAK,0
2215,2505000014,NEW LCD LAPTOP ASUS A409M,,SPAREPART LAPTOP,ASUS,TIDAK,0
2216,2505000019,NEW LCD LAPTOP ASUS VIVOBOOOK A1400E 14 INCH,,SPAREPART LAPTOP,ASUS,TIDAK,0
2217,2505000024,NEW LCD LAPTOP LEGION 5 PRO 16ACH6H,,,,TIDAK,0
2218,2504000351,"NEW LCD LAPTOP MSI KATANA GF66 11UC 15.6""",,,MSI,TIDAK,0
2219,2504000309,"NEW LCD LED LAYAR ASUS ROG STRIX G17 G713 G713RM G733 G733Q 17.3"" 360Hz",,SPAREPART LAPTOP,ASUS,TIDAK,0
2220,2510000243,NEW LCD LED MSI MODERN,,,MSI,TIDAK,0
2221,2506000016,NEW LCD LENOVO IDEAPAD 110-15ACL FOR SERVICE,,SPAREPART LAPTOP,LENOVO,TIDAK,0
2222,2505000202,NEW LCD NB ASUS ROG STRIX G513 144HZ,,SPAREPART LAPTOP,ASUS,TIDAK,0
2223,2506000001,NEW LCD NB HUAWEI MATEBOOK NBDE-WDH9 FOR SERVICE,,SPAREPART LAPTOP,HUAWEI,TIDAK,0
2224,2506000002,NEW LCD NB MSI GF63 THIN 10SCSR FOR SERVICE,,,MSI,TIDAK,0
2225,2504000240,"NEW LED LAPTOP 14"" SLIM 30PIN NO SCREW B140XTN07.3",,,,TIDAK,0
2226,2505000020,"NEW LED LAPTOP 14"" SLIM 30PIN NO SCREW NV140FHM-NB3 FULL HD",,,,TIDAK,2
2227,2503000371,NEW LED LAPTOP 15'6 SLIM 30PIN FULL HD NO SCEREW,,,,TIDAK,0
2228,2503000370,NEW LED LAPTOP 15'6 SLIM 30PIN FULL HD NO SCREW,,,,YA,0
2229,2504000346,NEW LED LAPTOP 15'6 SLIM 40PIN 144HZ FULL HD NO SCEREW B156HAN09.2,,,,TIDAK,0
2230,2510000009,"NEW LED MONITOR ASUS C2223HE 21.5""",4711387095058,"MONITOR 22""",ASUS,TIDAK,0
2231,2503000069,NEW LENOVO BACKPACK BP210 15.6 GREY,2503000069,BACKPACK / TAS,LENOVO,TIDAK,61
2232,2509000146,NEW LENOVO DUET SLEEVE CASE,,BACKPACK / TAS,LENOVO,TIDAK,0
2233,2503000377,NEW LENOVO GAMING MODERN BACKPACK,,BACKPACK / TAS,LENOVO,TIDAK,18
2234,2503000158,NEW LENOVO IDEAPAD SLIM 1 14 ATHLON SILVER 7120 8GB 256GB W11+OHS 14.0 2Y PREM GRY -A6ID,,LAPTOP,LENOVO,TIDAK,0
2235,2507000162,NEW LENOVO LEGION GO S SCREEN PROTECTOR  GXJ1R20663,195892112556,SCREEN PROTECTOR,LENOVO,TIDAK,0
2236,2511000147,NEW NB LENOVO LOQ 15IRX9 83DV01ARID INTEL I7-13650HX 16GB 512GB RTX4050 6GB 15.6″ FHD WIN 11 HOME + OHS 2021 + M365 (LUNA GREY),199272287124,LAPTOP,LENOVO,TIDAK,4
2237,2503000154,"NEW LENSA CANON RF 50mm F1,8 STM",,,,TIDAK,0
2238,2503000247,NEW LIQUID COOLER ARCTIC LIQUID FREEZER III 360 RGB - BLACK,,AIO LIQUID COOLER,ARTIC,TIDAK,0
2239,2507000046,NEW LIQUID COOLER DIGITAL ALLIANCE KAZE KS240 ARGB - DIGITAL - BLACK,,AIO LIQUID COOLER,DIGITAL ALLIANCE,TIDAK,0
2240,2507000047,NEW LIQUID COOLER DIGITAL ALLIANCE KAZE KS240 ARGB - DIGITAL - WHITE,,AIO LIQUID COOLER,DIGITAL ALLIANCE,TIDAK,0
2241,2503000249,NEW LIQUID COOLER ARCTIC LIQUID FREEZER II 240 ARGB - BLACK,4895213703178,AIO LIQUID COOLER,ARTIC,TIDAK,5
2242,2503000250,NEW LIQUID COOLER ARCTIC LIQUID FREEZER II 360 ARGB - BLACK,4895213703192,AIO LIQUID COOLER,ARTIC,TIDAK,0
2243,2511000107,NEW LIQUID COOLER ARMAGGEDDON TESSARAXX DEEP FREEZE PRO360 ARGB - BLACK,8886411987114,AIO LIQUID COOLER,ARMAGGEDDON,TIDAK,2
2244,2511000106,NEW LIQUID COOLER ARMAGGEDDON TESSARAXX DEEP FREEZE PRO360 ARGB - WHITE,8886411987213,AIO LIQUID COOLER,ARMAGGEDDON,TIDAK,0
2245,2507000262,NEW LIQUID COOLER COUGAR POSEIDON ELITE T5 360 ARGB - WHITE,4710483776564,AIO LIQUID COOLER,COUGAR,TIDAK,0
2246,2507000265,NEW LIQUID COOLER COUGAR POSEIDON T5 240 ARGB - BLACK,,AIO LIQUID COOLER,COUGAR,TIDAK,5
2247,2507000266,NEW LIQUID COOLER COUGAR POSEIDON T5 240 ARGB - WHITE,6974263741236,AIO LIQUID COOLER,COUGAR,TIDAK,5
2248,2508000309,NEW LIQUID COOLER DARKFLASH NEBULA DN240D ARGB - DIGITAL - BLACK,4711527000492,AIO LIQUID COOLER,DARK FLASH,TIDAK,1
2249,2508000310,NEW LIQUID COOLER DARKFLASH NEBULA DN240D ARGB - DIGITAL - WHITE,4711527000508,AIO LIQUID COOLER,DARK FLASH,TIDAK,2
2250,2508000311,NEW LIQUID COOLER DARKFLASH NEBULA DN360D ARGB - DIGITAL - BLACK,4711527000515,AIO LIQUID COOLER,DARK FLASH,TIDAK,2
2251,2508000312,NEW LIQUID COOLER DARKFLASH NEBULA DN360D ARGB - DIGITAL - WHITE,4711527000522,AIO LIQUID COOLER,DARK FLASH,TIDAK,2
2252,2506000319,NEW LIQUID COOLER DARKFLASH WAVE DV360S ARGB - SCREEN - BLACK,4711527000980,AIO LIQUID COOLER,DARK FLASH,TIDAK,25
2253,2508000129,NEW LIQUID COOLER DARKFLASH WAVE DV360S ARGB - SCREEN - WHITE,4711527000997,AIO LIQUID COOLER,DARK FLASH,TIDAK,1
2254,2507000163,NEW LIQUID COOLER DEEPCOOL LM240 ARGB - DIGITAL - BLACK,6933412729457,AIO LIQUID COOLER,DEEPCOOL,TIDAK,2
2255,2507000164,NEW LIQUID COOLER DEEPCOOL LM240 ARGB - DIGITAL - WHITE,6933412729464,AIO LIQUID COOLER,DEEPCOOL,TIDAK,2
2256,2507000165,NEW LIQUID COOLER DEEPCOOL LM360 ARGB - DIGITAL - BLACK,6933412729471,AIO LIQUID COOLER,DEEPCOOL,TIDAK,3
2257,2507000166,NEW LIQUID COOLER DEEPCOOL LM360 ARGB - DIGITAL - WHITE,6933412729488,AIO LIQUID COOLER,DEEPCOOL,TIDAK,1
2258,2509000058,NEW LIQUID COOLER DEEPCOOL MYSTIQUE 360 ARGB - DIGITAL - BLACK,6933412728887,AIO LIQUID COOLER,DEEPCOOL,TIDAK,0
2259,2507000045,NEW LIQUID COOLER DIGITAL ALLIANCE KAZE 360 ARGB - DIGITAL - BLACK,,AIO LIQUID COOLER,DIGITAL ALLIANCE,TIDAK,0
2260,2507000044,NEW LIQUID COOLER DIGITAL ALLIANCE KAZE 360 ARGB - DIGITAL - WHITE,,AIO LIQUID COOLER,DIGITAL ALLIANCE,TIDAK,1
2261,2506000255,NEW LIQUID COOLER COOLER MASTER MASTERLIQUID 240L CORE ARGB - BLACK,4719512137680,AIO LIQUID COOLER,COOLER MASTER,TIDAK,3
2262,2505000135,NEW LIQUID COOLER MSI MAG CORELIQUID A13 240 RGB - BLACK,,AIO LIQUID COOLER,MSI,TIDAK,0
2263,2503000035,NEW LIQUID COOLER PCCOOLER GI CL120VC PRO RGB - BLACK,6940526112723,AIO LIQUID COOLER,PC COOLER,TIDAK,0
2264,2504000401,NEW LIQUID COOLER THERMALTAKE LA240-S ARGB - BLACK,4711658540270,AIO LIQUID COOLER,THERMALTAKE,TIDAK,4
2265,2504000402,NEW LIQUID COOLER THERMALTAKE LA360-S ARGB - BLACK,4711658540287,AIO LIQUID COOLER,THERMALTAKE,TIDAK,2
2266,2504000403,NEW LIQUID COOLER THERMALTAKE TH240 V2 ARGB - BLACK,4713227537896,AIO LIQUID COOLER,THERMALTAKE,TIDAK,4
2267,2504000404,NEW LIQUID COOLER THERMALTAKE TH240 V2 ARGB - WHITE,4713227539234,AIO LIQUID COOLER,THERMALTAKE,TIDAK,4
2268,2504000405,NEW LIQUID COOLER THERMALTAKE TH360 V2 ARGB - BLACK,4713227537902,AIO LIQUID COOLER,THERMALTAKE,TIDAK,4
2269,2504000406,NEW LIQUID COOLER THERMALTAKE TH360 V2 ARGB - WHITE,,AIO LIQUID COOLER,THERMALTAKE,TIDAK,0
2270,2506000245,NEW LIQUID COOLER TRYX PANORAMA SE 360 ARGB - SCREEN - BLACK,6977029650247,AIO LIQUID COOLER,TRYX,TIDAK,2
2271,2503000169,NEW LIQUID COOLER COOLER MASTER MASTERLIQUID ML360L ARGB - BLACK,4719512137697,AIO LIQUID COOLER,COOLER MASTER,TIDAK,1
2272,2503000170,NEW LIQUID COOLER COOLER MASTER MASTERLIQUID ML360L ARGB - WHITE,,AIO LIQUID COOLER,COOLER MASTER,TIDAK,0
2273,2508000130,NEW LIQUID COOLER DARKFLASH WAVE DV240S ARGB - SCREEN - BLACK,4711527000966,AIO LIQUID COOLER,DARK FLASH,TIDAK,10
2274,2504000321,NEW LIQUID COOLER DARKFLASH WAVE DV240S 240 ARGB BIASA - WHITE,4711527000973,AIO LIQUID COOLER,DARK FLASH,TIDAK,9
2275,2506000149,NEW STEERING WHEEL LOGITECH G923 TRUEFORCE - BLACK,097855146779,STEERING WHEEL,LOGITECH,TIDAK,0
2276,2503000560,NEW LOGITECH R500S LASER 910-006521 GRAPHITE,,POINTER,LOGITECH,TIDAK,4
2277,2503000563,NEW POINTER LOGITECH R500S 910-006522 LASER - MID GREY,097855171375,POINTER,LOGITECH,TIDAK,0
2278,2503000564,NEW POINTER LOGITECH R800 910-001358 LASER - BLACK,097855063144,POINTER,LOGITECH,TIDAK,1
2279,2507000284,NEW MACBOOK AIR 13 APPLE M4 16GB 256GB QHD 2560×1664 SILVER - MW0W3ID,,LAPTOP,APPLE,TIDAK,0
2280,2507000286,NEW MACBOOK AIR 13 APPLE M4 16GB 256GB QHD 2560×1664 SKY BLUE - MC6T4ID,,LAPTOP,APPLE,TIDAK,0
2281,2507000285,NEW MACBOOK AIR 13 APPLE M4 16GB 256GB QHD 2560×1664 STARLIGHT - MW0Y3ID,,LAPTOP,APPLE,TIDAK,0
2282,2507000287,NEW MACBOOK AIR 13 APPLE M4 24GB 512GB QHD 2560×1664 SKY BLUE - MC6V4ID,,LAPTOP,APPLE,TIDAK,1
2283,2503000585,NEW MAINTENANCE CATRIDGE INKJET DE100 XD,,,,TIDAK,0
2284,2503000046,NEW MOTHERBOARD ASROCK B550M-ITX/AC AM4 DDR4 - ITX,4710483931727,MOBO AM4 - DDR4,ASROCK,TIDAK,1
2285,2503000048,NEW MOTHERBOARD ASROCK B760M-ITX/D4 WIFI LGA1700 DDR4 - ITX,,MOBO LGA1700 - DDR4,ASROCK,TIDAK,0
2286,2503000047,NEW MOTHERBOARD ASROCK Z490M-ITX/AC LGA1200 DDR4 - ITX,,MOBO LGA1200 - DDR4,ASROCK,TIDAK,0
2287,2503000091,NEW MOTHERBOARD ASUS PRIME B860M-K-CSM LGA1851 DDR5 - mATX,4711387808528,MOBO LGA1851 - DDR5,ASUS,TIDAK,1
2288,2503000094,NEW MOTHERBOARD ASUS ROG STRIX B760-A GAMING WIFI LGA1700 DDR5 - ATX,4711387114070,MOBO LGA1700 - DDR5,ASUS,TIDAK,0
2289,2503000196,NEW MB ASUS ROG-STRIX-RTX4060-O8G-GAMING,,,,YA,0
2290,2503000062,NEW MOTHERBOARD ASUS TUF GAMING B860M-PLUS WIFI LGA1851 DDR5 - mATX,,MOBO LGA1851 - DDR5,ASUS,TIDAK,1
2291,2503000225,NEW MOTHERBOARD DIGITAL ALLIANCE H510M LGA1200 DDR4 - mATX,,MOBO LGA1200 - DDR4,DIGITAL ALLIANCE,TIDAK,0
2292,2503000095,NEW MOTHERBOARD MSI B760M PROJECT ZERO LGA1700 DDR5 - mATX,4711377143660,MOBO LGA1700 - DDR5,MSI,TIDAK,3
2293,2503000092,NEW MOTHERBOARD MSI B860M GAMING PLUS WIFI LGA1851 DDR5 - mATX,4711377286558,MOBO LGA1851 - DDR5,MSI,TIDAK,2
2294,2503000195,NEW MOTHERBOARD MSI MAG B760M MORTAR WIFI II LGA1700 DDR5 - mATX,4711377140119,MOBO LGA1700 - DDR5,MSI,TIDAK,1
2295,2503000089,NEW MOTHERBOARD MSI MAG B760M MORTAR II LGA1700 DDR5 - mATX,4711377140508,MOBO LGA1700 - DDR5,MSI,TIDAK,2
2296,2503000058,NEW MOTHERBOARD MSI Z790 GAMING PLUS WIFI LGA1700 DDR5 - ATX,4711377134712,MOBO LGA1700 - DDR5,MSI,TIDAK,0
2297,2503000152,NEW MEDIA DNP RX-1 4x6,,,,TIDAK,0
2298,2507000260,NEW MEJA COUGAR DEIMUS 120 (122x60.5cm) - BLACK,,MEJA GAMING,COUGAR,TIDAK,0
2299,2507000073,NEW MEJA COUGAR E-GRAV 180 (180x80cm) - BLACK,4710483778483,MEJA GAMING,COUGAR,TIDAK,3
2300,2507000261,NEW MEJA COUGAR MARS 120 (125x74cm) - BLACK RGB,,MEJA GAMING,COUGAR,TIDAK,2
2301,2505000235,NEW MEJA FANTECH WORKSTATION WS414 (140x70cm) - BLACK,,MEJA GAMING,FANTECH,TIDAK,6
2302,2503000200,NEW MEJA FANTECH WORKSTATION WS311 (110x60cm) - BLACK,6972661287929,MEJA GAMING,FANTECH,TIDAK,7
2303,2504000079,NEW MEJA FANTECH WORKSTATION WS311 (110x60cm) - WHITE,6972661287936,MEJA GAMING,FANTECH,TIDAK,6
2304,2510000080,NEW MEJA GAMING REXUS GALA V.2 RXD-145 - BLACK,6994002250010,MEJA GAMING,REXUS,TIDAK,6
2305,2504000228,NEW MEJA GAMING REXUS DIRA V.2 RXD-122 - BLACK,6994002215019,MEJA GAMING,REXUS,TIDAK,3
2306,2504000227,NEW MEJA GAMING REXUS FORT RXD-121 - BLACK,6994002237011,MEJA GAMING,REXUS,TIDAK,1
2307,2504000230,NEW MEJA GAMING REXUS FORT RXD-141 - BLACK,6994002238018,MEJA GAMING,REXUS,TIDAK,1
2308,2504000231,NEW MEJA GAMING REXUS OMNI RXB-147 - BLACK,6994002244019,MEJA GAMING,REXUS,TIDAK,0
2309,2506000035,NEW MEJA GAMING REXUS RXD-120 - BLACK,,MEJA GAMING,REXUS,TIDAK,0
2310,2504000229,NEW MEJA GAMING REXUS RISE RXD-126 - BLACK,2504000229,MEJA GAMING,REXUS,TIDAK,7
2311,2506000235,NEW MEJA GAMING REXUS STRONGHOLD V.2 RXD-230 - WHITE,6994002220020,MEJA GAMING,REXUS,TIDAK,1
2312,2504000232,NEW MEJA REXUS STRONGHOLD V.2  RXD-230 BLACK,6994002219017,MEJA GAMING,REXUS,TIDAK,3
2313,2510000079,NEW MEJA GAMING REXUS STRONGHOLD V.2 RXD-230 - WHITE BLACK,6994002221638,MEJA GAMING,REXUS,TIDAK,4
2314,2504000081,NEW MEJA FANTECH WORKSTATION WS514 (140x70cm) - BLACK,2504000081,MEJA GAMING,FANTECH,TIDAK,8
2315,2505000033,NEW MESIN FINGERPRINT SOLUTION P208,,,,TIDAK,0
2316,2510000177,NEW MESIN FINGERPRINT SOLUTION X903,,,,TIDAK,0
2317,2503000582,NEW MESIN INKJET PRINTER DE100 XD,,SPAREPART PRINTER,FUJIFILM,TIDAK,0
2318,2505000175,NEW MICRO SD OLIKE TF-04 4GB 90 MB/S - BLACK,8990049010431,MICRO SD,OLIKE,TIDAK,2
2319,2505000174,NEW MICRO SD OLIKE TF-16 16GB 90 MB/S - BLACK,8990049010479,MICRO SD,OLIKE,TIDAK,0
2320,2509000032,NEW MICRO SD SANDISK 128GB,,MICRO SD,SANDISK,TIDAK,0
2321,2506000087,NEW MICRO SD SANDISK 32GB 120MB,,MICRO SD,SANDISK,TIDAK,0
2322,2507000008,NEW MICRO SD SANDISK EXTREME 400GB,,MICRO SD,SANDISK,TIDAK,0
2323,2511000047,NEW MICROPHONE FANTECH LEVIOSA AIR WMV11L WIRELESS - BLACK,6972661289480,MICROPHONE,FANTECH,TIDAK,8
2324,2507000215,NEW MICROPHONE FANTECH LEVIOSA MCX01 USB - BLACK,6972661286168,MICROPHONE,FANTECH,TIDAK,0
2325,2504000116,NEW MICROPHONE FANTECH LEVIOSA MCX01 BLACK -,2504000116,MICROPHONE,FANTECH,YA,0
2326,2503000614,NEW MICROPHONE NYK NEMESIS KLIO MCN-05 - BLACK,,MICROPHONE,NYK,TIDAK,0
2327,2503000615,NEW MICROPHONE NYK NEMESIS KLIO MCN-05 - WHITE,,MICROPHONE,NYK,TIDAK,0
2328,2510000161,NEW MICROPHONE NYK NEMESIS LUMOS MCN-10 - BLACK,,MICROPHONE,NYK,TIDAK,0
2329,2506000189,NEW MICROPHONE NYK NEMESIS APOLLO MCA-06  - BLACK,,MICROPHONE,NYK,TIDAK,0
2330,2506000190,NEW MICROPHONE NYK NEMESIS APOLLO MCA-06 - WHITE,,MICROPHONE,NYK,TIDAK,0
2331,2504000490,NEW MICROPHONE NYK NEMESIS APOLLO MCN-06 - BLACK,,MICROPHONE,NYK,TIDAK,0
2332,2504000492,NEW MICROPHONE NYK NEMESIS APOLLO MCN-06 - PINK,,MICROPHONE,NYK,TIDAK,0
2333,2504000491,NEW MICROPHONE NYK NEMESIS APOLLO MCN-06 - WHITE,,MICROPHONE,NYK,TIDAK,0
2334,2505000154,NEW MICROPHONE RAZER SEIREN MINI - QUARTZ PINK,,MICROPHONE,RAZER,TIDAK,0
2335,2505000195,NEW MICROPHONE SARAMONIC BLINK 500 PROX Q20,,,,TIDAK,0
2336,2504000120,NEW MICROPHONE STAND FANTECH AC-902S BOOM ARM - BLACK,6972661288476,MICROPHONE STAND,FANTECH,TIDAK,3
2337,2506000082,NEW MICROPHONE VENTION USB-C WIRELESS LAVALIER NCBB0 2 PACK - BLACK,,MICROPHONE,VENTION,TIDAK,0
2338,2503000207,NEW MICROSD SANDISK SDHC ULTRA 128GB (SDNQUNR-128G-GN3MN),,MICRO SD,SANDISK,TIDAK,0
2339,2506000314,NEW SANDISK ULTRA MICROSDXC 128GB SDSQUNR-128G-GN3MN,619659196509,MICRO SD,SANDISK,TIDAK,2
2340,2507000020,NEW MICROSOFT OFFICE HOME & BUSINESS 2024,EP2-06604.EC,LISENCE OFFICE & WINDOWS,MICROSOFT,TIDAK,9
2341,2508000050,NEW MICROSOFT OFFICE HOME 2024,EP2-06796.EC,LISENCE OFFICE & WINDOWS,MICROSOFT,TIDAK,0
2342,2508000049,NEW MICROSOFT WINDOWS 11 HOME,889842905267,LISENCE OFFICE & WINDOWS,MICROSOFT,TIDAK,7
2343,2503000064,NEW MICROSOFT WINDOWS 11 PRO DVD,889842905892,LISENCE OFFICE & WINDOWS,MICROSOFT,TIDAK,10
2344,2510000178,NEW MINI PC MSI CUBI 5 12M-054BID-B71255U32GS10XX DOS,,MINI PC,MSI,TIDAK,0
2345,2510000179,NEW MINI PC MSI CUBI 5 12M-054BIF-B71244UXX 936-B0A811-090 12M CORE I7 1255u,4711377091084,MINI PC,MSI,TIDAK,0
2346,2510000180,NEW MINI PC MSI CUBI N ADL-238BID-BN100XX 936-B0A911-238 CELERON N100 BAREBONE BLACK,4711377368414,MINI PC,MSI,TIDAK,0
2347,2506000343,NEW MODEM HKM G009 WORLDWIDE PORTABLE WIFI - WHITE,2506000343,MODEM,,TIDAK,28
2348,2503000337,NEW MODEM ORBIT STAR H2 150GB,,MODEM,TELKOMSEL,TIDAK,0
2349,2503000336,NEW MODEM TELKOMSEL ORBIT MiFi H1 WITH KUOTA 15GB,,MODEM,TELKOMSEL,TIDAK,0
2350,2510000055,NEW MONITOR ACER EK221Q E3BI 22″ FLAT IPS FHD 100Hz,4711121786006,"MONITOR 22""",ACER,TIDAK,0
2351,2505000124,"NEW MONITOR ACER NITRO VG240Y 24"" FLAT IPS FHD 200HZ",,"MONITOR 24""",ACER,TIDAK,0
2352,2505000125,"NEW MONITOR ACER NITRO XZ306C 29.5"" CURVED VA WFHD 200HZ",,"MONITOR 30""",ACER,TIDAK,1
2353,2504000479,"NEW MONITOR AOC Q27G4F 27"" FLAT IPS QHD 180HZ",,"MONITOR 27""",AOC,TIDAK,0
2354,2511000145,NEW MONITOR ASUS ROG STRIX XG27ACMES 27″ FLAT IPS QHD 255Hz,4711636121231,"MONITOR 27""",ASUS,TIDAK,5
2355,2506000256,NEW MONITOR ASUS ROG STRIX XG27ACS 27 INCH 180HZ FAST IPS 90LM09Q0-B01110,,"MONITOR 27""",ASUS,YA,0
2356,2503000657,"NEW MONITOR ASUS ROG STRIX XG27ACS 27"" FLAT IPS QHD 180HZ",4711387406069,"MONITOR 27""",ASUS,TIDAK,0
2357,2509000260,NEW MONITOR ASUS ROG XG27UCG 27″ FLAT IPS 4K 160Hz,2509000260,"MONITOR 27""",ASUS,TIDAK,3
2358,2506000257,NEW MONITOR ASUS ROG XG27UCS 27″ FLAT IPS 4K 160Hz,2506000257,"MONITOR 27""",ASUS,TIDAK,2
2359,2506000017,"NEW MONITOR ASUS ROG GAMING SWIFT 32"" FLAT OLED 4K 240HZ",,"MONITOR 32""",ASUS,TIDAK,0
2360,2508000333,NEW MONITOR ASUS TUF GAMING VG249Q5R 24″ FLAT IPS FHD 200Hz,4711387959312,"MONITOR 24""",ASUS,TIDAK,0
2361,2504000396,NEW MONITOR ASUS TUF GAMING VG259Q3A 25″ FLAT IPS FHD 180Hz,4711387353660,"MONITOR 25""",ASUS,TIDAK,1
2362,2509000255,NEW MONITOR ASUS TUF GAMING VG27AQ5A 27″ FLAT IPS QHD 210Hz,4711387906859,"MONITOR 27""",ASUS,TIDAK,1
2363,2508000332,NEW MONITOR ASUS TUF GAMING VG27AQL5A 27″ FLAT IPS QHD 210Hz,4711387919156,"MONITOR 27""",ASUS,TIDAK,3
2364,2503000658,NEW MONITOR ASUS TUF GAMING VG34VQ3B 34″ CURVED VA WQHD 180Hz,,"MONITOR 34""",ASUS,TIDAK,0
2365,2511000095,NEW MONITOR DELL P2425H 24″ FLAT IPS FHD 100Hz,,"MONITOR 24""",DELL,TIDAK,0
2366,2511000112,NEW MONITOR DELL P2425HE 24″ FLAT IPS FHD 100Hz,,"MONITOR 24""",DELL,TIDAK,0
2367,2511000119,"NEW MONITOR DIGITAL ALLIANCE DA20 RE100 19.5"" FLAT TN HD+ 100HZ",,"MONITOR 20""",DIGITAL ALLIANCE,TIDAK,0
2368,2511000121,NEW MONITOR DIGITAL ALLIANCE DA22-BAS100T 22″ FLAT IPS FHD 100Hz,2511000121,"MONITOR 22""",DIGITAL ALLIANCE,TIDAK,3
2369,2511000120,"NEW MONITOR DIGITAL ALLIANCE DA25-GAM200 25"" FLAT IPS FHD 200Hz",2511000120,"MONITOR 25""",DIGITAL ALLIANCE,TIDAK,1
2370,2504000064,"NEW MONITOR DIGITAL ALLIANCE DA25-RE200 24.5"" FLAT IPS FHD 200Hz - BLACK",2504000064,"MONITOR 25""",DIGITAL ALLIANCE,TIDAK,1
2371,2504000065,"NEW MONITOR DIGITAL ALLIANCE DA25-RE200 24.5"" FLAT IPS FHD 200Hz - WHITE",,"MONITOR 25""",DIGITAL ALLIANCE,TIDAK,0
2372,2511000122,"NEW MONITOR DIGITAL ALLIANCE DA27 27"" FLAT IPS FHD 240HZ",,"MONITOR 27""",DIGITAL ALLIANCE,TIDAK,0
2373,2504000424,NEW SSD NVME ADATA LEGEND 710 256GB GEN 3.0 - 2280,,"MONITOR 25""",DIGITAL ALLIANCE,TIDAK,9
2374,2504000423,NEW VGA CARD VURRION RX 550 4GB DDR5,2504000423,"MONITOR 25""",DIGITAL ALLIANCE,TIDAK,5
2375,2506000022,NEW MONITOR ENLIGHT 27EN2K-RB 27″ FLAT IPS QHD 180Hz,,"MONITOR 27""",ENLIGHT,TIDAK,0
2376,2506000023,NEW MONITOR ENLIGHT 27ENP-B 27″ FLAT IPS FHD 180Hz,2506000023,"MONITOR 27""",ENLIGHT,TIDAK,1
2377,2506000021,NEW MONITOR ENLIGHT 32ENS-B 32″ FLAT IPS WQHD 165Hz,,"MONITOR 32""",ENLIGHT,TIDAK,0
2378,2511000177,NEW MONITOR GIGABYTE GS25F2 25″ FLAT IPS FHD 200Hz,4719331866242,"MONITOR 25""",GIGABYTE,TIDAK,0
2379,2511000176,"NEW MONITOR GIGABYTE GS27FA 27"" FHD IPS 180HZ",2511000176,"MONITOR 27""",GIGABYTE,TIDAK,3
2380,2505000102,"NEW TV HISENSE A4200G 43"" FLAT LED FHD SMART TV",,,HISENSE,TIDAK,0
2381,2503000143,NEW MONITOR LENOVO L22e-40 22″ FLAT VA FHD 75Hz - WHITE,,"MONITOR 22""",LENOVO,TIDAK,0
2382,2503000661,NEW MONITOR LENOVO D24-40 24″ FLAT VA FHD 75Hz - D22238FD0,,"MONITOR 24""",LENOVO,TIDAK,0
2383,2505000072,NEW MONITOR LENOVO G24-20 24″ FLAT IPS FHD 165Hz – A21238FG0,195713789950,"MONITOR 24""",LENOVO,TIDAK,0
2384,2505000073,NEW MONITOR LENOVO G27Q-30 27″ FLAT VA QHD 165Hz,,"MONITOR 27""",LENOVO,TIDAK,1
2385,2511000123,"NEW MONITOR LENOVO L22-4E 22"" FLAT IPS FHD 100HZ",,"MONITOR 22""",LENOVO,TIDAK,0
2386,2506000033,NEW MONITOR LENOVO L24-4E 24″ FLAT IPS FHD 100Hz,198156534644,"MONITOR 24""",LENOVO,TIDAK,0
2387,2503000660,NEW MONITOR LENOVO L24i-4A 24″ FLAT IPS FHD 100Hz,197530467165,"MONITOR 24""",LENOVO,TIDAK,0
2388,2505000074,NEW MONITOR LENOVO LEGION R25i-30 25″ FLAT IPS FHD 165HZ,197529455746,"MONITOR 25""",LENOVO,TIDAK,0
2389,2511000124,NEW MONITOR LENOVO LEGION 24-10 H25238FG0 24″ FLAT IPS FHD 240Hz,2511000124,"MONITOR 24""",LENOVO,TIDAK,0
2390,2511000125,NEW MONITOR LENOVO LEGION 25-10 F25245FG0 25″ FLAT IPS FHD 320Hz,2511000125,"MONITOR 25""",LENOVO,TIDAK,0
2391,2511000126,"NEW MONITOR LENOVO LEGION 27-10 H25270FG0 27"" FLAT FHD IPS 240HZ",,"MONITOR 27""",LENOVO,TIDAK,0
2392,2507000122,"NEW MONITOR LENOVO LEGION R27FC-30 27"" CURVED VA FHD 240HZ",,"MONITOR 27""",LENOVO,TIDAK,0
2393,2507000121,"NEW MONITOR LENOVO LEGION R32QC-30 32"" CURVED VA QHD 180HZ",,"MONITOR 32""",LENOVO,TIDAK,0
2394,2505000075,NEW MONITOR LENOVO LEGION R27i-30 27″ FLAT IPS FHD 165Hz,197529365090,"MONITOR 27""",LENOVO,TIDAK,0
2395,2505000076,NEW MONITOR LENOVO LEGION R27Q-30 27″ FLAT IPS QHD 165Hz,197529365359,"MONITOR 27""",LENOVO,TIDAK,0
2396,2509000012,"NEW MONITOR LENOVO LEGION R27QC-30 27"" CURVED VA 180HZ",198153833351,"MONITOR 27""",LENOVO,TIDAK,0
2397,2503000662,NEW MONITOR LENOVO LEGION R34w-30 34″ CURVED VA WQHD 180Hz - G243403R0,198154306151,"MONITOR 34""",LENOVO,TIDAK,2
2398,2504000498,"NEW MONITOR LENOVO THINKVISION T24t-20 23.8"" FLAT WLED FHD 60HZ",,"MONITOR 24""",LENOVO,TIDAK,0
2399,2507000110,NEW MONITOR LG 22MR410 22″ FLAT VA FHD 100HZ,,"MONITOR 22""",LG,TIDAK,0
2400,2509000036,NEW MONITOR LG 22U401A-B 22″ FLAT VA FHD 100HZ,8806096542606,"MONITOR 22""",LG,TIDAK,1
2401,2504000497,NEW MONITOR LG 32MR50C 32″ CURVED VA FHD 100Hz,,"MONITOR 32""",LG,TIDAK,0
2402,2510000268,NEW MONITOR LG 27G610A-B 27″ FLAT IPS QHD 200HZ,,"MONITOR 27""",LG,TIDAK,1
2403,2506000345,NEW MONITOR LG ULTRAGEAR 27GS50F-B 27″ FLAT VA FHD 180Hz,,"MONITOR 27""",LG,TIDAK,0
2404,2506000344,NEW MONITOR LG ULTRAGEAR 24GS50F-B 24″ FLAT VA FHD 180Hz,8806096134849,"MONITOR 24""",LG,TIDAK,12
2405,2504000260,"NEW MONITOR MSI G273CQ 27"" CURVED VA WQHD 170Hz",,"MONITOR 27""",MSI,TIDAK,0
2406,2504000140,NEW MONITOR MSI MAG 244C 24″ CURVED VA FHD 180Hz,4711377259156,"MONITOR 24""",MSI,TIDAK,0
2407,2505000136,NEW MONITOR MSI MAG 255F E20 24″ FLAT IPS FHD 200Hz,4711377285247,"MONITOR 24""",MSI,TIDAK,0
2408,2507000084,"NEW MONITOR MSI MAG 274F 27"" FLAT IPS 200HZ",4711377277105,"MONITOR 27""",MSI,TIDAK,5
2409,2507000214,"NEW MONITOR MSI MAG 274QF X24 27"" FLAT IPS WQHD",,"MONITOR 27""",MSI,YA,0
2410,2508000278,NEW MONITOR MSI MAG 32CQ6PF CURVED VA WQHD 180Hz,2508000278,"MONITOR 32""",MSI,TIDAK,0
2411,2507000085,NEW MONITOR MSI MAG 345CQR 34″ CURVED VA UWQHD 180Hz,,"MONITOR 34""",MSI,TIDAK,0
2412,2508000140,NEW MONITOR MSI MODERN MD241PW 24″ IPS FLAT FHD 75Hz -  WHITE,,"MONITOR 24""",MSI,TIDAK,0
2413,2508000193,NEW MONITOR MSI MPG 274URDFW E16M 27″ IPS FLAT 4K UHD 320Hz,2508000193,"MONITOR 27""",MSI,TIDAK,0
2414,2508000195,NEW MONITOR MSI PRO MP161 E2 15.6″ PORTABLE IPS FHD 60Hz,4711377151797,"MONITOR PORTABLE 15.6""",MSI,TIDAK,17
2415,2510000205,NEW MONITOR MSI PRO MP225V 22″ FLAT VA FHD 100Hz,2510000205,"MONITOR 22""",MSI,TIDAK,0
2416,2507000083,NEW MONITOR MSI PRO MP251L E2 25″ FLAT IPS FHD 120Hz,4711377335881,"MONITOR 25""",MSI,TIDAK,6
2417,2504000143,NEW MONITOR MSI PRO MP251P 25″ FLAT IPS FHD 100Hz,,"MONITOR 25""",MSI,TIDAK,0
2418,2504000141,NEW MONITOR MSI MP273A 27″ FLAT IPS FHD 100Hz,2504000141,"MONITOR 27""",MSI,TIDAK,0
2419,2504000142,NEW MONITOR MSI MP273AW 27″ FLAT IPS FHD 100Hz,,"MONITOR 27""",MSI,TIDAK,0
2420,2508000279,NEW MONITOR MSI PRO MP275Q FLAT IPS WQHD 100Hz,4711377153355,"MONITOR 27""",MSI,TIDAK,0
2421,2508000194,NEW MONITOR MSI PRO MP275W E2 27″ FLAT IPS FHD 120Hz,,"MONITOR 27""",MSI,TIDAK,0
2422,2507000004,"NEW MONITOR SAMSUNG ODYSSEY G5 G50D 32"" FLAT IPS QHD 180Hz - S32DG502EE",8806095417646,"MONITOR 32""",SAMSUNG,TIDAK,0
2423,2507000283,NEW MONITOR SAMSUNG ESSENTIAL S3 24″ FLAT IPS FHD 120Hz - S24F320GAE,8806095987996,"MONITOR 24""",SAMSUNG,TIDAK,0
2424,2507000168,"NEW MONITOR SAMSUNG C32R500 32"" CURVED VA FHD 75Hz - LC32R500FHEXXD",8806090413667,"MONITOR 32""",SAMSUNG,TIDAK,0
2425,2506000292,NEW MONITOR SAMSUNG ODYSSEY G3 G30D 27″ FLAT VA FHD 180Hz - S27DG302EE,8806095544823,"MONITOR 27""",SAMSUNG,TIDAK,4
2426,2503000105,"NEW MONITOR SAMSUNG ODYSSEY G4 G40B 25"" FLAT IPS FHD 240Hz - S25BG400EE",,"MONITOR 25""",SAMSUNG,TIDAK,0
2427,2503000104,"NEW MONITOR SAMSUNG ODYSSEY G5 G55C 27"" CURVED QHD VA 165HZ - S27CG552EE",2503000104,"MONITOR 27""",SAMSUNG,TIDAK,4
2428,2506000293,NEW MONITOR SAMSUNG ODYSSEY G5 G55C 32″ CURVED VA QHD 165Hz - S32CG552EE,8806095452852,"MONITOR 32""",SAMSUNG,TIDAK,3
2429,2507000005,"NEW MONITOR SAMSUNG ODYSSEY G6 G65B 27"" CURVED IPS QHD 240HZ - S27BG652EE",8806094942965,"MONITOR 27""",SAMSUNG,TIDAK,1
2430,2505000120,"NEW MONITOR SAMSUNG ODYSSEY G9 G95C DUAL 49"" CURVED VA QHD 240Hz - S49CG954EE",8806095268835,"MONITOR 49""",SAMSUNG,TIDAK,0
2431,2509000160,"NEW MONITOR SAMSUNG S3 S30GD 27"" FLAT IPS FHD 100HZ - S27D300GAE",8806095801872,"MONITOR 27""",SAMSUNG,TIDAK,0
2432,2506000295,"NEW MONITOR SAMSUNG S3 S30GD 24"" FLAT IPS FHD 100Hz - S24D300GAE",8806095801858,"MONITOR 24""",SAMSUNG,TIDAK,5
2433,2506000294,NEW MONITOR SAMSUNG S3 S33GC 24″ FLAT IPS FHD 100Hz - S24C330GAE,,"MONITOR 24""",SAMSUNG,TIDAK,0
2434,2509000141,"NEW MONITOR SAMSUNG ODYSSEY ARK G97NC 55"" CURVED VA 4K UHD 165HZ - S55CG970NE",,"MONITOR 55""",SAMSUNG,TIDAK,0
2435,2508000077,NEW MONITOR SKYWORTH F25G69F PRO 25″ FLAT IPS FHD 500Hz,4895018250914,"MONITOR 25""",SKYWORTH,TIDAK,1
2436,2508000076,NEW MONITOR SKYWORTH F27G67Q PRO 27″ FLAT IPS 2K 300Hz,4895018250938,"MONITOR 27""",SKYWORTH,TIDAK,1
2437,2508000158,"NEW MONITOR SKYWORTH H24G30F 24"" FLAT IPS FHD 200Hz",,"MONITOR 24""",SKYWORTH,TIDAK,0
2438,2508000075,NEW MONITOR SKYWORTH H24G30Q 24″ FLAT IPS QHD 180Hz,4895018249376,"MONITOR 24""",SKYWORTH,TIDAK,0
2439,2508000074,NEW MONITOR SKYWORTH H27G10U 27″ FLAT IPS 4K 160Hz,4895018247457,"MONITOR 27""",SKYWORTH,TIDAK,2
2440,2508000073,NEW MONITOR SKYWORTH H27G30Q 27″ FLAT IPS QHD 180Hz,4895018247433,"MONITOR 27""",SKYWORTH,TIDAK,0
2441,2508000116,NEW MONITOR STAND OXIMUS C126 - C126HM,,MONITOR STAND,OXIMUS,TIDAK,0
2442,2508000119,NEW MONITOR STAND OXIMUS C200,,MONITOR STAND,OXIMUS,TIDAK,0
2443,2508000115,NEW MONITOR STAND OXIMUS C820L,,MONITOR STAND,OXIMUS,TIDAK,0
2444,2508000117,NEW MONITOR STAND OXIMUS EV10 DRAWWER BLACK - EV10DHM,,MONITOR STAND,OXIMUS,TIDAK,0
2445,2508000118,NEW MONITOR STAND OXIMUS EV10 DRAWWER WHITE - EV10DPH,,MONITOR STAND,OXIMUS,TIDAK,0
2446,2505000069,NEW MONITOR STAND REXUS TRANT FP03 RGB USB HUB 3.0 - BLACK,6992008205010,MONITOR STAND,REXUS,TIDAK,0
2447,2505000070,NEW MONITOR STAND REXUS TRANT FP03 RGB USB HUB 3.0 - WHITE,6992008206024,MONITOR STAND,REXUS,TIDAK,0
2448,2511000102,NEW MONITOR VIEWSONIC TD1655 16″ PORTABLE IPS FHD 60Hz,766907007077,,VIEWSONIC,TIDAK,2
2449,2511000100,NEW MONITOR VIEWSONIC VX2479A-HD-PRO 24″ FLAT IPS FHD 240Hz,766907031133,"MONITOR 24""",VIEWSONIC,TIDAK,1
2450,2511000101,NEW MONITOR VIEWSONIC VX2779A-HD-PRO 27″ FLAT IPS FHD 240Hz,766907031140,"MONITOR 27""",VIEWSONIC,TIDAK,5
2451,2503000339,NEW MONITOR XIAOMI A22i 22″ FLAT VA FHD 75Hz,2503000339,"MONITOR 22""",XIAOMI,TIDAK,0
2452,2503000342,NEW MONITOR XIAOMI A24i 24″ FLAT IPS FHD 100Hz,6941948701908,"MONITOR 24""",XIAOMI,TIDAK,0
2453,2503000346,NEW MONITOR XIAOMI A27i 27″ FLAT IPS FHD 100Hz,2503000346,"MONITOR 27""",XIAOMI,TIDAK,0
2454,2503000340,NEW MONITOR XIAOMI A27Qi 27″ FLAT IPS QHD 100Hz,2503000340,"MONITOR 27""",XIAOMI,TIDAK,0
2455,2503000344,NEW MONITOR XIAOMI G PRO 27i 27″ FLAT IPS QHD 180Hz,2503000344,"MONITOR 27""",XIAOMI,TIDAK,2
2456,2510000256,"NEW MONITOR XIAOMI G24I 2026 24"" FLAT IPS FHD 200Hz",6941948707979,"MONITOR 24""",XIAOMI,TIDAK,0
2457,2503000341,NEW MONITOR XIAOMI G24i 24″ FLAT IPS FHD 180Hz,6941948703353,"MONITOR 24""",XIAOMI,TIDAK,0
2458,2510000257,NEW MONITOR XIAOMI G27i 2026 27″ FLAT IPS FHD 200Hz,2510000257,"MONITOR 27""",XIAOMI,TIDAK,1
2459,2503000345,NEW MONITOR XIAOMI G27i 27″ FLAT IPS FHD 165Hz,2503000345,"MONITOR 27""",XIAOMI,TIDAK,0
2460,2503000343,NEW MONITOR XIAOMI G27Qi 27″ FLAT IPS QHD 180Hz,6941948703230,"MONITOR 27""",XIAOMI,TIDAK,0
2461,2503000659,NEW MONITOR XIAOMI G34WQi 34″ CURVED VA WQHD 180Hz,2503000659,"MONITOR 34""",XIAOMI,TIDAK,0
2462,2505000101,"NEW TV XIAOMI A PRO 65"" UHD 4K 60HZ",,,XIAOMI,TIDAK,0
2463,2503000291,NEW MONITOR XYZ X-EYE SLIM 19″ FLAT LCD WXGA+ 60Hz,2503000291,"MONITOR 19""",XYZ,TIDAK,0
2464,2510000057,NEW MOTHEBOARD HOSE SERVER X99 LGA2011 DDR4 - mATX,,,,TIDAK,2
2465,2503000174,NEW MOTHERBOAD GIGABYTE A520M K V2 AM4 DDR4 - mATX,,MOBO AM4 - DDR4,GIGABYTE,TIDAK,0
2466,2503000349,NEW MOTHERBOARD ASROCK A520M-HVS AM4 DDR4 - mATX,4710483932311,MOBO AM4 - DDR4,ASROCK,TIDAK,3
2467,2503000043,NEW MOTHERBOARD ASROCK B450M PRO4 R2.0 AM4 DDR4 - mATX,4710483932793,MOBO AM4 - DDR4,ASROCK,TIDAK,0
2468,2503000042,NEW MOTHERBOARD ASROCK B450M STEEL LEGEND AM4 DDR4 - mATX,4717677338072,MOBO AM4 - DDR4,ASROCK,TIDAK,0
2469,2509000007,NEW MOTHERBOARD ASROCK B450M-HDV R4.0 AM4 DDR4 - mATX,4717677337617,MOBO AM4 - DDR4,ASROCK,TIDAK,3
2470,2503000030,NEW MOTHERBOARD ASROCK B550M PRO SE AM4 DDR4 – mAtx,4710483943515,MOBO AM4 - DDR4,ASROCK,TIDAK,21
2471,2509000009,NEW MOTHERBOARD ASROCK B550M PRO4 AM4 DDR4 - mATX,4710483931598,MOBO AM4 - DDR4,ASROCK,TIDAK,0
2472,2509000010,NEW MOTHERBOARD ASROCK B550M STEEL LEGEND AM4 DDR4 - mATX,4710483931505,MOBO AM4 - DDR4,ASROCK,TIDAK,0
2473,2503000029,NEW MOTHERBOARD ASROCK B550M WIFI SE AM4 DDR4 - mATX,,MOBO AM4 - DDR4,ASROCK,TIDAK,0
2474,2503000027,NEW MOTHERBOARD ASROCK B650M PRO RS AM5 DDR5 - mATX,4710483943096,MOBO AM5 - DDR5,ASROCK,TIDAK,0
2475,2504000206,NEW MOTHERBOARD ASROCK B650M PRO RS WIFI AM5 DDR5 - mATX,4710483943089,MOBO AM5 - DDR5,ASROCK,TIDAK,0
2476,2504000210,NEW MOTHERBOARD ASROCK B650M PRO X3D AM5 DDR5 - mATX,,MOBO AM5 - DDR5,ASROCK,TIDAK,0
2477,2504000209,NEW MOTHERBOARD ASROCK B650M PRO X3D WIFI AM5 DDR5 – mATX,4711581490680,MOBO AM5 - DDR5,ASROCK,TIDAK,0
2478,2504000425,NEW MOTHERBOARD ASROCK B760M PG RIPTIDE LGA1700 DDR5 - mATX,4710483942211,MOBO LGA1700 - DDR5,ASROCK,TIDAK,2
2479,2508000304,NEW MOTHERBOARD ASROCK B760M PRO RS WIFI WHITE LGA1700 DDR5 - mATX,4710483947087,MOBO LGA1700 - DDR5,ASROCK,TIDAK,6
2480,2503000054,NEW MOTHERBOARD ASROCK B760M PRO RS/D4 LGA1700 DDR4 - mATX,4710483941702,MOBO LGA1700 - DDR4,ASROCK,TIDAK,0
2481,2503000055,NEW MOTHERBOARD ASROCK B760M PRO RS/D4 WIFI LGA1700 DDR4 - mATX,4710483941719,MOBO LGA1700 - DDR4,ASROCK,TIDAK,0
2482,2504000216,NEW MOTHERBOARD ASROCK B760M PRO RS LGA1700 DDR5 - mATX,,MOBO LGA1700 - DDR5,ASROCK,TIDAK,0
2483,2504000217,NEW MOTHERBOARD ASROCK B760M PRO-A/D4 WIFI LGA1700 DDR4 - mATX,,MOBO LGA1700 - DDR4,ASROCK,TIDAK,0
2484,2503000028,NEW MOTHERBOARD ASROCK B760M STEEL LEGEND WIFI LGA1700 DDR5 - mATX,4710483941795,MOBO LGA1700 - DDR5,ASROCK,TIDAK,15
2485,2504000139,NEW MOTHERBOARD ASROCK B760M PRO RS WIFI LGA1700 DDR5 - mATX,4710483944611,MOBO LGA1700 - DDR5,ASROCK,TIDAK,2
2486,2510000250,NEW MOTHERBOARD ASROCK B850M- PRO PLUS WIFI AM5 DDR5 WHITE,,MOBO AM5 - DDR5,ASROCK,TIDAK,0
2487,2504000208,NEW MOTHERBOARD ASROCK B860 LIVEMIXER WIFI LGA1851 DDR5 - ATX,4711581490147,MOBO LGA1851 - DDR5,ASROCK,TIDAK,1
2488,2510000167,NEW MOTHERBOARD ASROCK B860M LIVEMIXER WIFI LGA1851 DDR5 - mATX,4711581490314,MOBO LGA1851 - DDR5,ASROCK,TIDAK,1
2489,2510000143,NEW MOTHERBOARD ASROCK B860M STEEL LEGEND WIFI LGA1851 DDR5 - mATX,4711581490215,MOBO LGA1851 - DDR5,ASROCK,TIDAK,0
2490,2503000350,NEW MOTHERBOARD ASROCK H510M-A/M.2 SE LGA1200 DDR4 - mATX,4710483947483,MOBO LGA1200 - DDR4,ASROCK,TIDAK,0
2491,2511000222,NEW MOTHERBOARD ASROCK H510M-H2/M.2 SE LGA1200 DDR4 - mATX,4710483944192,MOBO LGA1200 - DDR4,ASROCK,TIDAK,21
2492,2508000148,NEW MOTHERBOARD ASROCK H610M-H2/M.2 D5 LGA1700 DDR5 - mATX,4710483943775,MOBO LGA1700 - DDR5,ASROCK,TIDAK,12
2493,2508000147,NEW MOTHERBOARD ASROCK H610M-HDV/M.2+ D5 LGA1700 DDR5 - mATX,4710483943478,MOBO LGA1700 - DDR5,ASROCK,TIDAK,9
2494,2504000247,NEW MOTHERBOARD ASROCK H610M-HVS/M.2 R2.0 LGA1700 DDR4 - mATX,4710483939914,MOBO LGA1700 - DDR4,ASROCK,TIDAK,0
2495,2510000145,NEW MOTHERBOARD ASROCK H810M-X LGA1851 DDR5 - mATX,4711581490642,MOBO LGA1851 - DDR5,ASROCK,TIDAK,2
2496,2510000118,NEW MOTHERBOARD ASROCK H810M-X WIFI LGA1851 DDR5 - mATX,4711581490659,MOBO LGA1851 - DDR5,ASROCK,TIDAK,7
2497,2510000144,NEW MOTHERBOARD ASROCK PHANTOM GAMING B860M LIGHTNING WIFI LGA1851 DDR5 - mATX,4711581490208,MOBO LGA1851 - DDR5,ASROCK,TIDAK,1
2498,2503000014,NEW MOTHERBOARD ASROCK X870 PRO RS AM5 DDR5 - ATX,4710483949326,MOBO AM5 - DDR5,ASROCK,TIDAK,4
2499,2503000262,NEW MOTHERBOARD ASROCK X870 PRO RS WIFI AM5 DDR5 - ATX,4710483949333,MOBO AM5 - DDR5,ASROCK,TIDAK,1
2500,2508000305,NEW MOTHERBOARD ASROCK X870 PRO-A WIFI AM5 DDR5 - ATX,4710483942310,MOBO AM5 - DDR5,ASROCK,TIDAK,0
2501,2504000207,NEW MOTHERBOARD ASROCK Z890 LIVEMIXER WIFI LGA1851 DDR5 - ATX,4710483949715,MOBO LGA1851 - DDR5,ASROCK,TIDAK,0
2502,2511000219,NEW MOTHERBOARD ASROCK Z890 PRO RS WIFI WHITE LGA1851 DDR5 - ATX,4710483947476,MOBO LGA1851 - DDR5,ASROCK,TIDAK,0
2503,2511000220,NEW MOTHERBOARD ASUS B760M-AYW WIFI LGA1700 DDR5 - mATX,4711387274576,MOBO LGA1700 - DDR5,ASUS,TIDAK,4
2504,2506000239,NEW MOTHERBOARD ASUS PRIME B550M-K ARGB AM4 DDR4 - mATX,4711387316047,MOBO AM4 - DDR4,ASUS,TIDAK,0
2505,2510000254,NEW MOTHERBOARD ASUS PRIME B650M-A WIFI II AM5 DDR5 - mATX,4711387034941,MOBO AM5 - DDR5,ASUS,TIDAK,0
2506,2509000139,NEW MOTHERBOARD ASUS PRIME H610M-D D4 LGA1700 DDR4 - mATX,4711081540496,MOBO LGA1700 - DDR4,ASUS,TIDAK,1
2507,2509000140,NEW MOTHERBOARD ASUS PRIME H610M-D LGA1700 DDR5 - mATX,4711387339909,MOBO LGA1700 - DDR5,ASUS,TIDAK,10
2508,2510000165,NEW MOTHERBOARD ASUS PRIME H610M-K ARGB LGA1700 DDR5 - mATX,4711387313367,MOBO LGA1700 - DDR5,ASUS,TIDAK,3
2509,2504000288,NEW MOTHERBOARD ASUS PRIME H610M-K LGA1700 DDR4 - mATX,4711081565505,MOBO LGA1700 - DDR4,ASUS,TIDAK,15
2510,2504000289,NEW MOTHERBOARD ASUS PRIME B760M-A D4 LGA1700 DDR4 - mATX,4711081984047,MOBO LGA1700 - DDR4,ASUS,TIDAK,1
2511,2510000253,NEW MOTHERBOARD ASUS ROG STRIX B850-A GAMING WIFI AM5 DDR5 - ATX,4711387772683,MOBO AM5 - DDR5,ASUS,TIDAK,0
2512,2504000220,NEW MOTHERBOARD ASUS ROG STRIX B850-I GAMING WIFI AM5 DDR5 - ITX,4711387823637,MOBO AM5 - DDR5,ASUS,TIDAK,1
2513,2505000267,NEW MOTHERBOARD ASUS TUF GAMING B650M-E WIFI AM5 DDR5 - mATX,,MOBO AM5 - DDR5,ASUS,TIDAK,0
2514,2504000221,NEW MOTHERBOARD ASUS TUF GAMING B650M-PLUS WIFI AM5 DDR5 - mATX,4711081912125,MOBO AM5 - DDR5,ASUS,TIDAK,0
2515,2505000268,NEW MOTHERBOARD ASUS TUF GAMING B850-PLUS WIFI AM5 DDR5 - ATX,4711387781616,MOBO AM5 - DDR5,ASUS,TIDAK,0
2516,2510000251,NEW MOTHERBOARD ASUS TUF GAMING B850M-PLUS WIFI AM5 DDR5 - mATX,4711387764923,MOBO AM5 - DDR5,ASUS,TIDAK,0
2517,2503000172,NEW MOTHERBOARD GIGABYTE B850M AORUS ELITE WIFI6E ICE AM5 DDR5 - mATX,4719331866082,MOBO AM5 - DDR5,AORUS,TIDAK,0
2518,2504000070,NEW MOTHERBOARD CANON MG2570,,,,YA,0
2519,2509000261,NEW MOTHERBOARD COLORFIRE B650M-MEOW WIFI AM5 DDR5 - mATX,6937232402088,MOBO AM5 - DDR5,COLORFUL,TIDAK,5
2520,2509000264,NEW MOTHERBOARD COLORFIRE B760M-MEOW WIFI LGA1700 DDR5 - mATX,6937232402071,MOBO LGA1700 - DDR5,COLORFUL,TIDAK,5
2521,2504000066,NEW MOTHERBOARD DIGITAL ALLIANCE H81 LGA1150 DDR3 - mATX,,MOBO LGA1150 - DDR3,DIGITAL ALLIANCE,TIDAK,1
2522,2507000150,NEW MOTHERBOARD GIGABYTE B550M K AM4 DDR4 - mATX,,MOBO AM4 - DDR4,GIGABYTE,TIDAK,0
2523,2510000117,NEW MOTHERBOARD GIGABYTE B850 AORUS ELITE WIFI7 ICE AM5 DDR5 - ATX,4719331866099,MOBO AM5 - DDR5,GIGABYTE,TIDAK,0
2524,2508000191,NEW MOTHERBOARD GIGABYTE B550M DS3H AC R2 AM4 DDR4 - mATX,4719331869908,MOBO AM4 - DDR4,GIGABYTE,TIDAK,2
2525,2503000162,NEW MOTHERBOARD GIGABYTE B550M DS3H (Rev 1.5) AM4 DDR4 - mATX,,MOBO AM4 - DDR4,GIGABYTE,TIDAK,0
2526,2505000025,NEW MOTHERBOARD GIGABYTE B650M GAMING PLUS WIFI AM5 DDR5 - mATX,4719331862213,MOBO AM5 - DDR5,GIGABYTE,TIDAK,0
2527,2505000026,NEW MOTHERBOARD GIGABYTE B650M K AM5 DDR5 - mATX,,MOBO AM5 - DDR5,GIGABYTE,TIDAK,0
2528,2505000027,NEW MOTHERBOARD GIGABYTE B760M DS3H AX LGA1700 DDR5 - mATX,4719331851767,MOBO LGA1700 - DDR5,GIGABYTE,TIDAK,1
2529,2511000229,NEW MOTHERBOARD GIGABYTE B760M DS3H GEN5 LGA1700 DDR5 - mATX,,MOBO LGA1700 - DDR5,GIGABYTE,TIDAK,0
2530,2504000328,NEW MOTHERBOARD GIGABYTE B850M DS3H AM5 DDR5 - mATX,4719331866518,MOBO AM5 - DDR5,GIGABYTE,TIDAK,0
2531,2507000113,NEW MOTHERBOARD GIGABYTE H510M K V2 LGA1200 DDR4 - mATX,,MOBO LGA1200 - DDR4,GIGABYTE,TIDAK,0
2532,2503000161,NEW MOTHERBOARD GIGABYTE B450M K (Rev 2.0) AM4 DDR4 - mATX,,MOBO AM4 - DDR4,GIGABYTE,TIDAK,0
2533,2508000052,NEW MOTHERBOARD MSI A520M PRO AM4 DDR4 - mATX,4719072755492,MOBO AM4 - DDR4,MSI,TIDAK,28
2534,2508000254,NEW MOTHERBOARD MSI B550M-A PRO AM4 DDR4 – mATX,4719072752613,MOBO AM4 - DDR4,MSI,TIDAK,0
2535,2508000053,NEW MOTHERBOARD MSI B550M PRO-VDH AM4 DDR4 - mATX,4719072758417,MOBO AM4 - DDR4,MSI,TIDAK,16
2536,2504000427,NEW MOTHERBOARD MSI B650M GAMING PLUS WIFI AM5 DDR5 - mATX,4711377180955,MOBO AM5 - DDR5,MSI,TIDAK,0
2537,2504000332,NEW MOTHERBOARD MSI B650M PROJECT ZERO AM5 DDR5 - mATX,4711377126649,MOBO AM5 - DDR5,MSI,TIDAK,2
2538,2508000054,NEW MOTHERBOARD MSI PRO B650M-A WIFI AM5 DDR5 - mATX,2508000054,MOBO AM5 - DDR5,MSI,TIDAK,0
2539,2509000253,NEW MOTHERBOARD MSI B760 GAMING PLUS WIFI LGA1700 DDR5 - ATX,4711377086561,MOBO LGA1700 - DDR5,MSI,TIDAK,2
2540,2504000256,NEW MOTHERBOARD MSI B760M GAMING WIFI LGA1700 DDR5 - mATX,4711377129862,MOBO LGA1700 - DDR5,MSI,TIDAK,3
2541,2510000248,NEW MOTHERBOARD MSI B850 GAMING PLUS WIFI AM5 DDR5 - ATX,4711377285438,MOBO AM5 - DDR5,MSI,TIDAK,0
2542,2504000239,NEW MOTHERBOARD MSI H310M PRO-M2 LGA1151 DDR4 - mATX,,MOBO LGA1151 - DDR4,MSI,TIDAK,0
2543,2510000046,NEW MOTHERBOARD MSI H510M PLUS II LGA1200 DDR4 - mATX,,MOBO LGA1200 - DDR4,MSI,TIDAK,0
2544,2504000255,NEW MOTHERBOARD MSI MAG B760 TOMAHAWK WIFI LGA1700 DDR5 -  ATX,4711377034210,MOBO LGA1700 - DDR5,MSI,TIDAK,1
2545,2511000160,NEW MOTHERBOARD MSI MPG B850 EDGE TI WIFI AM5 DDR5 - ATX,4711377290616,MOBO AM5 - DDR5,MSI,TIDAK,3
2546,2504000502,NEW MOTHERBOARD MSI PRO B650M-A WIFI DDR5 - MATX,4711377010160,MOBO AM5 - DDR5,MSI,YA,0
2547,2509000251,NEW MOTHERBOARD MSI PRO B760-P II LGA1700 DDR5 - ATX,2509000251,MOBO LGA1700 - DDR5,MSI,TIDAK,2
2548,2509000254,NEW MOTHERBOARD MSI PRO B760M-E LGA1700 DDR4 - mATX,2509000254,MOBO LGA1700 - DDR4,MSI,TIDAK,2
2549,2509000252,NEW MOTHERBOARD MSI PRO B760M-E LGA1700 DDR5 - mATX,4711377125154,MOBO LGA1700 - DDR5,MSI,TIDAK,3
2550,2508000185,NEW MOTHERBOARD MSI PRO B760M-P LGA1700 DDR4 - mATX,4711377030991,MOBO LGA1700 - DDR4,MSI,TIDAK,1
2551,2504000504,NEW MOTHERBOARD MSI PRO B760M-P LGA1700 DDR5 - mATX,4711377086578,MOBO LGA1700 - DDR5,MSI,TIDAK,11
2552,2504000333,NEW MOTHERBOARD MSI PRO H510M-B II LGA1200 DDR4 - mATX,4711377266963,MOBO LGA1200 - DDR4,MSI,TIDAK,0
2553,2504000145,NEW MOTHERBOARD MSI PRO H610M-E LGA1700 DDR4 - mATX,4711377002660,MOBO LGA1700 - DDR4,MSI,TIDAK,2
2554,2507000199,NEW MOTHERBOARD MSI PRO H610M-S LGA1700 DDR4 - mATX,4711377198257,MOBO LGA1700 - DDR4,MSI,TIDAK,1
2555,2510000142,NEW MOTHERBOARD NZXT N7 B650E WHITE AM5 DDR5 - ATX,,MOBO AM5 - DDR5,NZXT,TIDAK,1
2556,2510000141,NEW MOTHERBOARD NZXT N7 Z790 WHITE LGA1700 DDR5 - ATX,,MOBO LGA1700 - DDR5,NZXT,TIDAK,0
2557,2511000216,NEW MOTHERBOARD SAPPHIRE A520M-E AM4 DDR4 - mATX,4895106296886,MOBO AM4 - DDR4,SAPPHIRE,TIDAK,0
2558,2511000044,NEW MOTHERBOARD SAPPHIRE B650M-E AM5 DDR5 - mATX,4895106296848,MOBO AM5 - DDR5,SAPPHIRE,TIDAK,1
2559,2511000218,NEW MOTHERBOARD SAPPHIRE NITRO+ B850M WIFI AM5 DDR5 - mATX,4895106296916,MOBO AM5 - DDR5,SAPPHIRE,TIDAK,0
2560,2511000215,NEW MOTHERBOARD SAPPHIRE PULSE A620AM AM5 DDR5 - mATX,4895106296879,MOBO AM5 - DDR5,SAPPHIRE,TIDAK,10
2561,2511000217,NEW MOTHERBOARD SAPPHIRE PURE B850A WIFI7 AM5 DDR5 - mATX,4895106296954,MOBO AM5 - DDR5,SAPPHIRE,TIDAK,1
2562,2511000164,NEW MOTHERBOARD VENOMRX H110 LGA1151 DDR4 - mATX,2511000164,MOBO LGA1151 - DDR4,VENOMRX,TIDAK,1
2563,2509000283,NEW MOTHERBOARD VENOMRX H81 LGA1150 DDR3 - mATX,VNMRXH8125060568,MOBO LGA1150 - DDR3,VENOMRX,TIDAK,1
2564,2503000653,NEW MOUNT ADAPTER CAMERA CANON EF EOS R,,,,TIDAK,0
2565,2510000106,NEW MOUSE AJAZZ AJ139V2 MC 3-MODES WHITE,6976412985584,MOUSE GAMING WIRELESS,AJAZZ,TIDAK,0
2566,2510000105,NEW MOUSE AJAZZ AJ179V2 3-MODES WHITE,6976412985119,MOUSE GAMING WIRELESS,AJAZZ,TIDAK,0
2567,2510000108,NEW MOUSE AJAZZ AJ139V2 MC 3-MODES BLACK,6976412985591,MOUSE GAMING WIRELESS,AJAZZ,TIDAK,0
2568,2510000107,NEW MOUSE AJAZZ AJ099 PRO 3-MODES WHITE,6976412984808,MOUSE GAMING WIRELESS,AJAZZ,TIDAK,0
2569,2510000104,NEW MOUSE AJAZZ AJ179V2 3-MODES BLACK,6976412985102,MOUSE GAMING WIRELESS,AJAZZ,TIDAK,0
2570,2505000094,NEW MOUSE DIGITAL ALLIANCE SILENT CLICK RUBIX M201 SLIM BLUE,,MOUSE OFFICE WIRELESS,DIGITAL ALLIANCE,TIDAK,3
2571,2505000230,NEW MOUSE FANTECH ARIA II XD7 2600DPI - ATOMIC BLUE,6972661289435,MOUSE GAMING WIRELESS,FANTECH,TIDAK,2
2572,2505000229,NEW MOUSE FANTECH ARIA II XD7 2600DPI - ATOMIC PURPLE,6972661289428,MOUSE GAMING WIRELESS,FANTECH,TIDAK,3
2573,2505000228,NEW MOUSE FANTECH ARIA II XD7-E 12000DPI - BLACK,6972661280920,MOUSE GAMING WIRELESS,FANTECH,TIDAK,0
2574,2505000227,NEW MOUSE FANTECH ARIA II XD7-E 12000DPI - WHITE,6972661280951,MOUSE GAMING WIRELESS,FANTECH,TIDAK,4
2575,2504000159,NEW MOUSE FANTECH CRYPTO II VX7V2 8000DPI - BLACK,6977052250322,MOUSE GAMING WIRED,FANTECH,TIDAK,7
2576,2504000160,NEW MOUSE FANTECH CRYPTO II WG7V2 12000DPI - BLACK,6977052250308,MOUSE GAMING WIRELESS,FANTECH,TIDAK,8
2577,2504000161,NEW MOUSE FANTECH CRYPTO II WG7V2 12000DPI - WHITE,6977052250315,MOUSE GAMING WIRELESS,FANTECH,TIDAK,14
2578,2503000227,NEW MOUSE FANTECH CRYPTO WGC3 12000DPI - WHITE,6972661281897,MOUSE GAMING WIRELESS,FANTECH,TIDAK,1
2579,2503000226,NEW MOUSE FANTECH CRYPTO WGC3 12000DPI - BLACK,6972661281880,MOUSE GAMING WIRELESS,FANTECH,TIDAK,0
2580,2504000085,NEW MOUSE FANTECH GAMING ARIA II XD7V2 PRO 26.000DPI - BLACK,6972661280999,MOUSE GAMING WIRELESS,FANTECH,TIDAK,0
2581,2504000086,NEW MOUSE FANTECH GAMING ARIA II XD7V2 PRO 26.000DPI - WHITE,6977052251015,MOUSE GAMING WIRELESS,FANTECH,TIDAK,1
2582,2504000511,NEW MOUSE FANTECH HELIOS II XD3V3 4K8K 26.000DPI - BLACK,2504000511,MOUSE GAMING WIRELESS,FANTECH,TIDAK,0
2583,2504000512,NEW MOUSE FANTECH HELIOS II XD3V3 4K8K 26.000DPI - WHITE,6972661280388,MOUSE GAMING WIRELESS,FANTECH,TIDAK,0
2584,2504000111,NEW MOUSE FANTECH GO COMFY W195 1600DPI - BLACK,6977052251800,MOUSE OFFICE WIRELESS,FANTECH,TIDAK,0
2585,2504000112,NEW MOUSE FANTECH GO COMFY W195R 1600DPI - GREY,,MOUSE OFFICE WIRELESS,FANTECH,TIDAK,7
2586,2504000113,NEW MOUSE FANTECH GO COMFY W195R 1600DPI - PINK,6977052251831,MOUSE OFFICE WIRELESS,FANTECH,TIDAK,0
2587,2504000114,NEW MOUSE FANTECH GO COMFY W195R 1600DPI - WHITE,6977052251824,MOUSE OFFICE WIRELESS,FANTECH,TIDAK,10
2588,2504000135,NEW MOUSE FANTECH GO W193 1600DPI - BEIGE,2504000135,MOUSE OFFICE WIRELESS,FANTECH,TIDAK,0
2589,2504000136,NEW MOUSE FANTECH GO W193 1600DPI - GREY,6972661285338,MOUSE OFFICE WIRELESS,FANTECH,TIDAK,3
2590,2505000214,NEW MOUSE FANTECH GO W608 3200DPI - BLACK,6972661289374,MOUSE OFFICE WIRELESS,FANTECH,TIDAK,3
2591,2503000667,NEW MOUSE FANTECH GO W605 3200DPI - BEIGE,6972661285956,MOUSE OFFICE WIRELESS,FANTECH,TIDAK,0
2592,2503000668,NEW MOUSE FANTECH GO W605 3200DPI - BLACK,6972661285932,MOUSE OFFICE WIRELESS,FANTECH,TIDAK,0
2593,2503000233,NEW MOUSE FANTECH KANATA WG9S 12000DPI - BLACK,,MOUSE GAMING WIRELESS,FANTECH,TIDAK,6
2594,2504000115,NEW MOUSE FANTECH KANATA WG9S 12000DPI - GREY,6972661280746,MOUSE GAMING WIRELESS,FANTECH,TIDAK,0
2595,2503000223,NEW MOUSE FANTECH KANATA WG9S 12000DPI - RED,,MOUSE GAMING WIRELESS,FANTECH,TIDAK,3
2596,2503000234,NEW MOUSE FANTECH KANATA WG9S 12000DPI - YELLOW,,MOUSE GAMING WIRELESS,FANTECH,TIDAK,5
2597,2505000220,NEW MOUSE FANTECH RAIGOR GEN III WG12RS 2000DPI - BLACK,,MOUSE GAMING WIRELESS,FANTECH,TIDAK,17
2598,2505000221,NEW MOUSE FANTECH RAIGOR GEN III WG12RS 2000DPI - WHITE,,MOUSE GAMING WIRELESS,FANTECH,TIDAK,20
2599,2505000217,NEW MOUSE FANTECH RAIGOR II WG10 3200DPI - BLACK,6972661281064,MOUSE GAMING WIRELESS,FANTECH,TIDAK,0
2600,2505000218,NEW MOUSE FANTECH RAIGOR II WG10 3200DPI - GREY,2505000218,MOUSE GAMING WIRELESS,FANTECH,TIDAK,0
2601,2504000095,NEW MOUSE FANTECH RAIGOR II WG10 3200DPI - WHITE,6972661281743,MOUSE GAMING WIRELESS,FANTECH,TIDAK,1
2602,2505000215,NEW MOUSE FANTECH RAIGOR III WG12R 2000DPI - BLACK,6972661284546,MOUSE GAMING WIRELESS,FANTECH,TIDAK,0
2603,2505000216,NEW MOUSE FANTECH RAIGOR III WG12R 2000DPI - GREY,6972661284560,MOUSE GAMING WIRELESS,FANTECH,TIDAK,0
2604,2504000123,NEW MOUSE FANTECH RHASTA II G13 2400DPI - BLACK,6972661281088,MOUSE GAMING WIRED,FANTECH,TIDAK,4
2605,2507000099,NEW MOUSE FANTECH TANTO WG13S 26.000DPI - BLACK,,,FANTECH,TIDAK,0
2606,2504000124,NEW MOUSE FANTECH THOR X9 4800DPI - BLACK,6972661281118,MOUSE GAMING WIRED,FANTECH,TIDAK,2
2607,2503000228,NEW MOUSE FANTECH VENOM II WGC2 2400DPI - BLACK,6972661281552,MOUSE GAMING WIRELESS,FANTECH,TIDAK,0
2608,2503000229,NEW MOUSE FANTECH VENOM II WGC2 2400DPI - MINT,6972661281569,MOUSE GAMING WIRELESS,FANTECH,TIDAK,0
2609,2506000337,NEW MOUSE GAMING LENOVO M210 RGB,195892091356,MOUSE GAMING WIRED,LENOVO,TIDAK,17
2610,2511000013,NEW MOUSE HYPERX PULSEFIRE FUSE WIRELESS GAMING BLACK,198122802449,MOUSE GAMING WIRELESS,HYPERX,TIDAK,0
2611,2504000445,NEW MOUSE LEGION M300S,,MOUSE GAMING WIRED,LENOVO,TIDAK,4
2612,2509000059,NEW MOUSE LOGITECH BLUETOOTH M196 - GRAPHITE,097855200723,MOUSE OFFICE WIRELESS,LOGITECH,TIDAK,0
2613,2509000060,NEW MOUSE LOGITECH M196 BLUETOOTH - OFF WHITE,097855200709,MOUSE OFFICE WIRELESS,LOGITECH,TIDAK,0
2614,2506000146,NEW MOUSE LOGITECH G102 V2 LIGHTSYNC GAMING MOUSE - BLACK,097855156006,MOUSE GAMING WIRED,LOGITECH,TIDAK,27
2615,2506000147,NEW MOUSE LOGITECH G102 V2 LIGHTSYNC GAMING MOUSE - WHITE,097855156013,MOUSE GAMING WIRED,LOGITECH,TIDAK,28
2616,2509000210,NEW MOUSE LOGITECH 910-005284 G304 WIRELESS GAMING MOUSE- BLACK,097855137715,MOUSE GAMING WIRELESS,LOGITECH,TIDAK,0
2617,2509000211,NEW MOUSE LOGITECH 910-005284 G304 WIRELESS GAMING MOUSE- WHITE,097855137753,MOUSE GAMING WIRELESS,LOGITECH,TIDAK,1
2618,2503000628,NEW MOUSE LOGITECH G309 910-007209 LIGHTSPEED - WHITE,097855192264,MOUSE GAMING WIRELESS,LOGITECH,TIDAK,3
2619,2503000630,NEW MOUSE LOGITECH G402 HYPERION FURY - BLACK,097855105677,MOUSE GAMING WIRED,LOGITECH,TIDAK,0
2620,2503000633,NEW MOUSE LOGITECH G502 X 910-006182 LIGHTSPEED - BLACK,097855167071,MOUSE GAMING WIRELESS,LOGITECH,TIDAK,4
2621,2503000632,NEW MOUSE LOGITECH G502 X PLUS WIRELESS - BLACK,,MOUSE GAMING WIRELESS,LOGITECH,TIDAK,2
2622,2503000631,NEW MOUSE LOGITECH G502 X PLUS WIRELESS GAMING MOUSE WHITE,2503000631,MOUSE GAMING WIRELESS,LOGITECH,TIDAK,4
2623,2509000212,NEW MOUSE LOGITECH G PRO 2 910-007297 LIGHTSPEED - BLACK,097855196262,MOUSE GAMING WIRELESS,LOGITECH,TIDAK,0
2624,2509000213,NEW MOUSE LOGITECH G PRO 2 910-007304 LIGHTSPEED - WHITE,097855196231,MOUSE GAMING WIRELESS,LOGITECH,TIDAK,0
2625,2506000138,NEW MOUSE LOGITECH M185 WIRELESS - SWIFT GREY,097855074836,MOUSE OFFICE WIRELESS,LOGITECH,TIDAK,0
2626,2506000139,NEW MOUSE LOGITECH M240 SILENT BLUETOOTH - GRAPHITE,097855187734,MOUSE OFFICE WIRELESS,LOGITECH,TIDAK,22
2627,2508000047,NEW MOUSE LOGITECH M240 SILENT BLUETOOTH - OFF WHITE,097855187758,MOUSE OFFICE WIRELESS,LOGITECH,TIDAK,32
2628,2506000113,NEW MOUSE LOGITECH M331 SILENT PLUS WIRELESS - BLACK,097855123992,MOUSE OFFICE WIRELESS,LOGITECH,TIDAK,0
2629,2506000114,NEW MOUSE LOGITECH M331 SILENT PLUS WIRELESS - BLUE,097855124005,MOUSE OFFICE WIRELESS,LOGITECH,TIDAK,0
2630,2506000115,NEW MOUSE LOGITECH M331 SILENT PLUS WIRELESS - RED,097855124012,MOUSE OFFICE WIRELESS,LOGITECH,TIDAK,6
2631,2503000525,NEW MOUSE LOGITECH M650 L 910-006247 WIRELESS - GRAPHITE,,MOUSE OFFICE WIRELESS,LOGITECH,TIDAK,0
2632,2503000535,NEW MOUSE LOGITECH MX MASTER 3S 910-006562 - PALE GREY,097855175366,MOUSE GAMING WIRELESS,LOGITECH,TIDAK,0
2633,2506000140,NEW MOUSE LOGITECH MX ANYWHERE 3S - GRAPHITE,097855184047,MOUSE OFFICE WIRELESS,LOGITECH,TIDAK,2
2634,2503000527,NEW MOUSE LOGITECH MX ANYWHERE 3S 910-006933 - PALE GREY,097855184054,MOUSE OFFICE WIRELESS,LOGITECH,TIDAK,3
2635,2503000526,NEW MOUSE LOGITECH MX ANYWHERE 3S 910-006934 - ROSE,097855184061,MOUSE OFFICE WIRELESS,LOGITECH,TIDAK,1
2636,2503000267,NEW KONVERTER VENTION WIRELESS HDMI TRANSMITTER & RECEIVER ADCL0 - BLACK,,MOUSE OFFICE WIRELESS,LOGITECH,TIDAK,0
2637,2503000534,NEW MOUSE LOGITECH MX MASTER 3S 910-006561 - GRAPHITE,097855175359,MOUSE GAMING WIRELESS,LOGITECH,TIDAK,0
2638,2506000116,NEW MOUSE LOGITECH PEBBLE 2 M350S WIRELESS - TONAL GRAPHITE,097855185693,MOUSE OFFICE WIRELESS,LOGITECH,TIDAK,1
2639,2506000117,NEW MOUSE LOGITECH PEBBLE 2 M350S WIRELESS - TONAL ROSE,097855185686,MOUSE OFFICE WIRELESS,LOGITECH,TIDAK,4
2640,2506000118,NEW MOUSE LOGITECH PEBBLE 2 M350S WIRELESS - TONAL WHITE,,MOUSE OFFICE WIRELESS,LOGITECH,TIDAK,0
2641,2503000539,NEW MOUSE LOGITECH POP MOUSE 920-010577 - BLAST YELLOW,,MOUSE OFFICE WIRELESS,LOGITECH,TIDAK,0
2642,2503000538,NEW MOUSE LOGITECH POP MOUSE 920-010578 - DAYDREAM MINT,,MOUSE OFFICE WIRELESS,LOGITECH,TIDAK,0
2643,2503000537,NEW MOUSE LOGITECH POP MOUSE 920-010579 - HEARTBREAKER ROSE,,MOUSE OFFICE WIRELESS,LOGITECH,TIDAK,0
2644,2503000536,NEW MOUSE LOGITECH POP MOUSE 920-011227 - COSMOS LAVENDER,,MOUSE OFFICE WIRELESS,LOGITECH,TIDAK,0
2645,2503000531,NEW MOUSE LOGITECH POP MOUSE 910-007400 - OFF WHITE,097855198792,MOUSE OFFICE WIRELESS,LOGITECH,TIDAK,0
2646,2503000648,NEW MOUSE LOGITECH POP MOUSE 910-007401 - GRAPHITE,097855198778,MOUSE OFFICE WIRELESS,LOGITECH,TIDAK,0
2647,2503000532,NEW MOUSE LOGITECH POP MOUSE 910-007402 - ROSE,097855198754,MOUSE OFFICE WIRELESS,LOGITECH,TIDAK,1
2648,2503000533,NEW MOUSE LOGITECH POP MOUSE 910-007403 - LILAC,097855198785,MOUSE OFFICE WIRELESS,LOGITECH,TIDAK,0
2649,2503000636,NEW MOUSE LOGITECH PRO X SUPERLIGHT 2 DEX 910-007367 - WHITE,097855200495,MOUSE GAMING WIRELESS,LOGITECH,TIDAK,3
2650,2503000635,NEW MOUSE LOGITECH PRO X SUPERLIGHT 2 910-006632 - BLACK,2543ZAE75WR9,MOUSE GAMING WIRELESS,LOGITECH,TIDAK,4
2651,2503000638,NEW MOUSE LOGITECH PRO X SUPERLIGHT 2 910-006640 - WHITE,097855177858,MOUSE GAMING WIRELESS,LOGITECH,TIDAK,3
2652,2503000626,NEW MOUSE LOGITECH PRO X SUPERLIGHT 2 910-006799 - MAGENTA,097855182678,MOUSE GAMING WIRELESS,LOGITECH,TIDAK,2
2653,2503000634,NEW MOUSE LOGITECH PRO X SUPERLIGHT 2 DEX 910-007359 - BLACK,097855200518,MOUSE GAMING WIRELESS,LOGITECH,TIDAK,2
2654,2503000627,NEW MOUSE LOGITECH PRO X SUPERLIGHT 2 DEX 910-007375 - MAGENTA,097855200488,MOUSE GAMING WIRELESS,LOGITECH,TIDAK,2
2655,2503000528,NEW MOUSE LOGITECH SIGNATURE M650 910-006262 WIRELESS - GRAPHITE,097855167835,MOUSE GAMING WIRELESS,LOGITECH,TIDAK,5
2656,2503000530,NEW MOUSE LOGITECH SIGNATURE M650 910-006263 WIRELESS - ROSE,,MOUSE GAMING WIRELESS,LOGITECH,TIDAK,0
2657,2503000529,NEW MOUSE LOGITECH SIGNATURE M650 910-006264 WIRELESS - OFF WHITE,097855167859,MOUSE GAMING WIRELESS,LOGITECH,TIDAK,6
2658,2509000057,NEW MOUSE LOGITECH M325S WIRELESS - BLACK,097855183385,MOUSE GAMING WIRELESS,LOGITECH,TIDAK,0
2659,2509000065,NEW MOUSE LOGITECH M325S WIRELESS - GRAPHITE,097855183392,MOUSE GAMING WIRELESS,LOGITECH,TIDAK,0
2660,2509000056,NEW MOUSE LOGITECH M325S WIRELESS - PALE GREY,,MOUSE GAMING WIRELESS,LOGITECH,TIDAK,0
2661,2506000184,NEW MOUSE NYK NEMESIS FANG MQ-20 3200DPI - BLACK,,MOUSE GAMING WIRELESS,NYK,TIDAK,0
2662,2506000185,NEW MOUSE NYK NEMESIS FANG MQ-20 3200DPI - WHITE,,MOUSE GAMING WIRELESS,NYK,TIDAK,0
2663,2505000097,NEW MOUSE NYK NEMESIS ASSASIN G-06 2400DPI - BLACK,,MOUSE GAMING WIRED,NYK,TIDAK,2
2664,2510000163,NEW MOUSE NYK NEMESIS RIOT MQ-10 2400DPI - BLACK,8994464830391,MOUSE GAMING WIRELESS,NYK,TIDAK,0
2665,2510000162,NEW MOUSE NYK NEMESIS RIOT MQ-10 2400DPI - WHITE,8994464830407,MOUSE GAMING WIRELESS,NYK,TIDAK,0
2666,2505000098,NEW MOUSE NYK NEMESIS TERMINATOR HK-100 2400DPI - BLACK GREEN,,MOUSE GAMING WIRED,NYK,TIDAK,1
2667,2506000166,NEW MOUSE REXUS Q35 1600DPI - BLACK,6992001161016,MOUSE OFFICE WIRELESS,REXUS,TIDAK,4
2668,2506000168,NEW MOUSE REXUS Q35 1600DPI - GREEN,6992001162099,MOUSE OFFICE WIRELESS,REXUS,TIDAK,0
2669,2506000167,NEW MOUSE REXUS Q35 1600DPI - GREY,6992001163041,MOUSE OFFICE WIRELESS,REXUS,TIDAK,2
2670,2506000169,NEW MOUSE REXUS Q35 1600DPI - PINK,6992001164079,MOUSE OFFICE WIRELESS,REXUS,TIDAK,2
2671,2505000165,NEW MOUSE OLIKE GM2 PROCHARGE WIRELESS GAMING RGB 3200DPI,8990049006113,MOUSE GAMING WIRELESS,OLIKE,TIDAK,2
2672,2504000356,NEW MOUSE OLIKE M03 WIRELESS SILENT 1600DPI - BLACK,,MOUSE OFFICE WIRELESS,OLIKE,TIDAK,0
2673,2505000166,NEW MOUSE OLIKE M2 WIRELESS OPTICAL 1600DPI - PINK,,MOUSE OFFICE WIRELESS,OLIKE,TIDAK,0
2674,2506000034,NEW MOUSE OLIKE M2 WIRELESS OPTICAL 1600DPI - BLACK,,MOUSE OFFICE WIRELESS,OLIKE,TIDAK,0
2675,2505000180,NEW MOUSE OLIKE M2 WIRELESS OPTICAL 1600DPI - GREEN,8990049000098,MOUSE OFFICE WIRELESS,OLIKE,TIDAK,0
2676,2505000161,NEW MOUSE OLIKE M4 WIRELESS 1600DPI - BLACK,8990049005383,MOUSE OFFICE WIRELESS,OLIKE,TIDAK,2
2677,2503000647,NEW MOUSEPAD LOGITECH G840 943-000770 XL CLOTH GAMING - BLACK,,DESKMAT GAMING,LOGITECH,TIDAK,0
2678,2508000070,NEW MOUSE RAZER BASILISK V3 35K - BLACK,,MOUSE GAMING WIRELESS,RAZER,TIDAK,0
2679,2504000173,NEW MOUSE RAZER BASILISK V3 - BLACK,,MOUSE GAMING WIRED,RAZER,TIDAK,4
2680,2504000174,NEW MOUSE RAZER BASILISK V3 PRO WIRELESS - BLACK,,MOUSE GAMING WIRELESS,RAZER,TIDAK,1
2681,2504000181,NEW MOUSE RAZER COBRA - BLACK,8886419334095,MOUSE GAMING WIRELESS,RAZER,TIDAK,0
2682,2504000178,NEW MOUSE RAZER DEATHADDER ESSENTIAL ERGONIMIC WIRED - BLACK,8886419333265,MOUSE GAMING WIRED,RAZER,TIDAK,0
2683,2504000179,NEW MOUSE RAZER DEATHADDER ESSENTIAL - WHITE,8886419333326,MOUSE GAMING WIRED,RAZER,TIDAK,0
2684,2506000099,NEW MOUSE RAZER DEATHADDER V2 X HYPERSPEED - BLACK,8886419333623,MOUSE GAMING WIRELESS,RAZER,TIDAK,0
2685,2505000153,NEW MOUSE RAZER DEATHADDER V3 PRO WIRELESS - BLACK,,MOUSE GAMING WIRELESS,RAZER,TIDAK,0
2686,2506000098,NEW MOUSE RAZER OROCHI V2 WIRELESS - BLACK,8886419333234,MOUSE GAMING WIRELESS,RAZER,TIDAK,0
2687,2506000155,NEW MOUSE REXUS ARKA IV RX-115 12.000DPI - BLACK,6991002371011,MOUSE GAMING WIRELESS,REXUS,TIDAK,2
2688,2504000013,NEW MOUSE REXUS ARKA IV RX-115 12.000DPI - WHITE,6991002372025,MOUSE GAMING WIRELESS,REXUS,TIDAK,4
2689,2506000160,NEW MOUSE REXUS XIERRA AVENGER 110 RX110 1600DPI - BLACK,6991002166013,MOUSE GAMING WIRELESS,REXUS,TIDAK,0
2690,2506000161,NEW MOUSE REXUS XIERRA AVENGER 110 RX-110 1600DPI - GREY,6991002167041,MOUSE GAMING WIRELESS,REXUS,TIDAK,0
2691,2506000151,NEW MOUSE REXUS XIERRA G10 7200DPI - BLACK,6991001156015,MOUSE GAMING WIRED,REXUS,TIDAK,0
2692,2504000014,NEW MOUSE REXUS DAXA AIR V DX-V9 30.000DPI - BLACK,6991002370014,MOUSE GAMING WIRELESS,REXUS,TIDAK,0
2693,2506000173,NEW MOUSE REXUS RIVA RX-120 12.000DPI - BLACK,6991002377013,MOUSE GAMING WIRELESS,REXUS,TIDAK,2
2694,2506000174,NEW MOUSE REXUS RIVA RX-120 12.000DPI - WHITE,6991002378027,MOUSE GAMING WIRELESS,REXUS,TIDAK,0
2695,2506000152,NEW MOUSE REXUS XIERRA RXM-X15 7200DPI - WHITE,8994067240153,MOUSE GAMING WIRED,REXUS,TIDAK,0
2696,2506000158,NEW MOUSE REXUS XIERRA RX-108 2400DPI - BLACK,6991002164019,MOUSE GAMING WIRELESS,REXUS,TIDAK,0
2697,2506000159,NEW MOUSE REXUS XIERRA RX-109 1600DPI - BLACK,6991002165016,MOUSE GAMING WIRELESS,REXUS,TIDAK,0
2698,2506000156,NEW MOUSE REXUS XIERRA RXM-S5 AVIATOR 2400DPI - BLACK,6991002162015,MOUSE GAMING WIRELESS,REXUS,TIDAK,2
2699,2506000157,NEW MOUSE REXUS XIERRA RXM-S5 AVIATOR 2400DPI - WHITE,6991002163029,MOUSE GAMING WIRELESS,REXUS,TIDAK,8
2700,2506000153,NEW MOUSE REXUS XIERRA X16 7200DPI - BLACK,6991001152017,MOUSE GAMING WIRED,REXUS,TIDAK,5
2701,2506000154,NEW MOUSE REXUS XIERRA X16 7200DPI - WHITE,6991001153021,MOUSE GAMING WIRED,REXUS,TIDAK,6
2702,2504000023,NEW MOUSE REXUS Q20 1600DPI - BLACK,6992001156012,MOUSE OFFICE WIRELESS,REXUS,TIDAK,0
2703,2504000024,NEW MOUSE REXUS Q20 1600DPI - GREY,6992001157040,MOUSE OFFICE WIRELESS,REXUS,TIDAK,-2
2704,2506000164,NEW MOUSE REXUS Q30 1200DPI - BLACK GREY,6992001159686,MOUSE OFFICE WIRELESS,REXUS,TIDAK,0
2705,2506000163,NEW MOUSE REXUS Q30 1200DPI - FULL BLACK,6992001158016,MOUSE OFFICE WIRELESS,REXUS,TIDAK,3
2706,2506000165,NEW MOUSE REXUS Q30 1200DPI - GREY WHITE,6992001160729,MOUSE OFFICE WIRELESS,REXUS,TIDAK,0
2707,2506000170,NEW MOUSE REXUS Q35 1600DPI - WHITE,6992001165021,MOUSE OFFICE WIRELESS,REXUS,TIDAK,1
2708,2504000020,NEW MOUSE REXUS Q5 1200DPI - BLACK,6992001150010,MOUSE OFFICE WIRELESS,REXUS,TIDAK,44
2709,2504000021,NEW MOUSE REXUS Q5 1200DPI - BLUE,6992001151062,MOUSE OFFICE WIRELESS,REXUS,TIDAK,49
2710,2504000022,NEW MOUSE REXUS Q5 1200DPI - WHITE,6992001152021,MOUSE OFFICE WIRELESS,REXUS,TIDAK,49
2711,2506000194,NEW MOUSE REXUS QB400 1600DPI - BEIGE,6992001228191,MOUSE OFFICE WIRELESS,REXUS,TIDAK,0
2712,2506000195,NEW MOUSE REXUS QB400 1600DPI - LILAC,6992001229204,MOUSE OFFICE WIRELESS,REXUS,TIDAK,1
2713,2506000171,NEW MOUSE REXUS SH18 1600DPI - PURPLE,8994067198188,MOUSE OFFICE WIRELESS,REXUS,TIDAK,2
2714,2506000172,NEW MOUSE REXUS SH18 1600DPI - WHITE,2506000172,MOUSE OFFICE WIRELESS,REXUS,TIDAK,0
2715,2506000197,NEW POINTER REXUS PICO PM100 - BEIGE,6992001239197,MOUSE OFFICE WIRELESS,REXUS,TIDAK,5
2716,2506000196,NEW POINTER REXUS PICO PM100 - BLACK,6992001238015,MOUSE OFFICE WIRELESS,REXUS,TIDAK,2
2717,2510000237,NEW MOUSE REXUS FLOW QZ30 4800DPI - BLACK,6992001292017,MOUSE OFFICE WIRELESS,REXUS,TIDAK,1
2718,2505000071,NEW MOUSE REXUS CLIF PRO QV280 4000 - BLACK,6992001265011,MOUSE OFFICE WIRELESS,REXUS,TIDAK,5
2719,2505000205,NEW MOUSE REXUS SHAGA RX130 10.000DPI - BLACK,6991002467011,DOCKING CHARGER,REXUS,TIDAK,2
2720,2506000162,NEW MOUSE REXUS SHAGA RX130 10.000DPI - WHITE,,DOCKING CHARGER,REXUS,TIDAK,3
2721,2510000235,NEW MOUSE REXUS XIERRA G23 7200DPI - BLACK,6991001160012,MOUSE GAMING WIRED,REXUS,TIDAK,0
2722,2510000236,NEW MOUSE REXUS XIERRA G23 7200DPI - WHITE,6991001161026,MOUSE GAMING WIRED,REXUS,TIDAK,0
2723,2504000011,NEW MOUSE REXUS XIERRA X18 CRYSTAL 7200DPI - BLACK,6991001154011,MOUSE GAMING WIRED,REXUS,TIDAK,3
2724,2504000012,NEW MOUSE REXUS XIERRA X18 CRYSTAL 7200DPI - WHITE,,MOUSE GAMING WIRED,REXUS,TIDAK,8
2725,2506000039,NEW MOUSE ROBOT M205,,MOUSE OFFICE WIRELESS,ROBOT,TIDAK,0
2726,2506000191,NEW MOUSE ROBOT M205 - GRAY,,MOUSE OFFICE WIRELESS,ROBOT,TIDAK,0
2727,2503000613,NEW MOUSE SADES RYUNIX KYU PRO M01 MOUSE GAMING WIRELESS BLUETOOTH MMO MOBA 3 CONNECTION MODE,2503000613,,,TIDAK,5
2728,2510000061,NEW MOUSEPAD COUGAR FREEWAY M (320x270mm) - BLACK,4710483772733,MOUSEPAD GAMING,COUGAR,TIDAK,5
2729,2504000083,NEW MOUSEPAD FANTECH AGILE MP353 (800x300mm) - BLACK,6972661284263,MOUSEPAD BASIC,FANTECH,TIDAK,0
2730,2503000230,NEW MOUSEPAD FANTECH AGILE MP903 (900x400mm) - BLACK,6972661284287,DESKMAT BASIC,FANTECH,TIDAK,1
2731,2507000129,NEW MOUSEPAD FANTECH ATO MP905 (900X400mm) - BLACK KATSUYAMA,6977052251091,DESKMAT GAMING,FANTECH,TIDAK,0
2732,2504000097,NEW MOUSEPAD FANTECH ATO MP905 (900x400mm) - GREY SUPER MAXFIT,6977052251633,DESKMAT GAMING,FANTECH,TIDAK,0
2733,2507000102,NEW KABEL TECWARE EXTENSION SET POWER SUPPLY FLEX PLUS PREMIUM BLACK - TWAC-FLEXPLP-CHBK,,,FANTECH,TIDAK,9
2734,2507000104,NEW MOUSEPAD FANTECH MOTION PAD MMT455 (400x450mm) - LIGHTNING KAMINARI,,,FANTECH,TIDAK,0
2735,2507000103,NEW MOUSEPAD FANTECH MOTION PAD MMT454 (400x450mm) - WIND KAZE,,,FANTECH,TIDAK,0
2736,2507000101,NEW MOUSEPAD FANTECH MOTION PAD MMT452 (400x450mm) - WATER MIZU,,,FANTECH,TIDAK,0
2737,2507000100,NEW MOUSEPAD FANTECH MOTION PAD MMT451 (400-450mm) - EARTH TSUCHI,,,FANTECH,TIDAK,0
2738,2503000206,NEW MOUSEPAD FANTECH MP296 (290x250mm) - BLACK,,MOUSEPAD BASIC,FANTECH,TIDAK,0
2739,2504000089,NEW MOUSEPAD FANTECH MP64 XL (640x210cm) - BLACK,,DESKMAT BASIC,FANTECH,TIDAK,0
2740,2505000222,NEW MOUSEPAD FANTECH MP70 (700×300mm) - BLUE,6977052250926,DESKMAT BASIC,FANTECH,TIDAK,1
2741,2505000224,NEW MOUSEPAD FANTECH MP70 (700×300mm) - PINK,6977052250933,DESKMAT BASIC,FANTECH,TIDAK,0
2742,2505000223,NEW MOUSEPAD FANTECH MP70 (700×300mm) - PURPLE,6977052250940,DESKMAT BASIC,FANTECH,TIDAK,1
2743,2505000225,NEW MOUSEPAD FANTECH MP70 (700×300mm) - YELLOW,6977052250957,DESKMAT BASIC,FANTECH,TIDAK,0
2744,2505000151,NEW MOUSEPAD FANTECH AGILE MP904 (900x400mm) - MINT,,DESKMAT GAMING,FANTECH,TIDAK,0
2745,2507000219,NEW MOUSEPAD FANTECH FIREFLY MPR800S (800x300cm) - PINK,6972661284126,DESKMAT GAMING,FANTECH,TIDAK,0
2746,2507000220,NEW MOUSEPAD FANTECH FIREFLY MPR800S (800x300cm) - WHITE,6972661284089,DESKMAT GAMING,FANTECH,TIDAK,0
2747,2510000052,NEW MOUSEPAD FANTECH STRIKEPAD MST491 (490x420mm),6972661285871,MOUSEPAD GAMING,FANTECH,TIDAK,4
2748,2504000090,NEW MOUSEPAD FANTECH VIGIL MP256 (250x210mm) - BLACK,6972661285895,MOUSEPAD BASIC,FANTECH,TIDAK,0
2749,2510000232,NEW MOUSEPAD GAMEN GP-S (220x180mm) - BLACK,6936678473027,MOUSEPAD GAMING,GAMEN,TIDAK,2
2750,2510000234,NEW MOUSEPAD GAMEN GP-S (220x180mm) - BLUE,,MOUSEPAD GAMING,GAMEN,TIDAK,0
2751,2511000014,NEW MOUSEPAD HYPERX PULSEFIRE MAT XL GAMING BLACK,196188567333,DESKMAT GAMING,HYPERX,TIDAK,0
2752,2503000556,NEW MOUSEPAD LOGITECH STUDIO SERIES 956-000033 - DARKER ROSE,097855171603,MOUSEPAD BASIC,LOGITECH,TIDAK,1
2753,2503000554,NEW MOUSEPAD LOGITECH DESKMAT 956-000045 - DARKER ROSE,097855171658,MOUSEPAD BASIC,LOGITECH,TIDAK,2
2754,2503000553,NEW MOUSEPAD LOGITECH DESKMAT 956-000032 - LAVENDER,097855171634,MOUSEPAD BASIC,LOGITECH,TIDAK,1
2755,2503000555,NEW MOUSEPAD LOGITECH DESKMAT 956-000046 - MID GREY,,MOUSEPAD BASIC,LOGITECH,TIDAK,0
2756,2503000565,NEW MOUSEPAD LOGITECH G240 943-000787 CLOTH GAMING - BLACK,097855177582,MOUSEPAD BASIC,LOGITECH,TIDAK,2
2757,2509000214,NEW MOUSEPAD LOGITECH G640 943-000801 LARGE CLOTH GAMING - BLACK,,MOUSEPAD GAMING,LOGITECH,TIDAK,0
2758,2509000215,NEW MOUSEPAD LOGITECH STUDIO SERIES 956-000034 - BLUE GREY,,MOUSEPAD GAMING,LOGITECH,TIDAK,0
2759,2503000558,NEW MOUSEPAD LOGITECH MOUSE PAD BLUE GREY 956-000034,097855171610,MOUSEPAD BASIC,LOGITECH,TIDAK,1
2760,2503000557,NEW MOUSEPAD LOGITECH STUDIO SERIES 956-000031 - GRAPHITE,097855171597,MOUSEPAD BASIC,LOGITECH,TIDAK,0
2761,2506000106,NEW MOUSEPAD RAZER PRO GLIDE - GRAY,8886419318774,MOUSEPAD GAMING,RAZER,TIDAK,1
2762,2505000203,NEW MOUSEPAD REXUS DAXA RETRO DX-MM02 (800x400mm),6991016350019,DESKMAT GAMING,REXUS,TIDAK,7
2763,2504000018,NEW MOUSEPAD REXUS DAXA DREAM DX-MD2 (900x400mm) - DEEP UNDERSEA,,DESKMAT GAMING,REXUS,TIDAK,0
2764,2504000019,NEW MOUSEPAD REXUS DAXA DREAM DX-MD3 (900X400mm) - LAND OF LIGHT,,DESKMAT GAMING,REXUS,TIDAK,1
2765,2504000017,NEW MOUSEPAD REXUS DAXA DREAM DX-MD1 (900x400mm) - BLUSHING SKY,,DESKMAT GAMING,REXUS,TIDAK,0
2766,2504000015,NEW MOUSEPAD REXUS KVLAR T10 (800x300mm) - BLACK,6991016355014,DESKMAT GAMING,REXUS,TIDAK,9
2767,2504000016,NEW MOUSEPAD REXUS KVLAR T10 (800x300mm) - WHITE,6991016356028,DESKMAT GAMING,REXUS,TIDAK,13
2768,2509000229,NEW MOUSEPAD REXUS DAXA JACQUARD (800x400mm) - MJ01,6991016351016,MOUSEPAD GAMING,REXUS,TIDAK,0
2769,2509000230,NEW MOUSEPAD REXUS DAXA JACQUARD (483x356mm) - MJ02,6991016352013,MOUSEPAD GAMING,REXUS,TIDAK,5
2770,2509000231,NEW MOUSEPAD REXUS DAXA JACQUARD (350x300mm) - MJ03,6991016353010,MOUSEPAD GAMING,REXUS,TIDAK,0
2771,2506000238,NEW MOUSEPAD REXUS KVLAR T4 (250x210mm) - BLACK BLUE,6991016358015,MOUSEPAD GAMING,REXUS,TIDAK,7
2772,2506000223,NEW MOUSEPAD REXUS PIXMAT T100 (250x210mm) - BLUE,6992010267068,MOUSEPAD BASIC,REXUS,TIDAK,0
2773,2506000224,NEW MOUSEPAD REXUS PIXMAT T100 (250x210mm) - GREEN,6992010268096,MOUSEPAD BASIC,REXUS,TIDAK,0
2774,2506000225,NEW MOUSEPAD REXUS PIXMAT T100 (250x210mm) - GREY,6992010266047,MOUSEPAD BASIC,REXUS,TIDAK,0
2775,2506000226,NEW MOUSEPAD REXUS PIXMAT T100 (250x210mm) - PINK,6992010269079,MOUSEPAD BASIC,REXUS,TIDAK,0
2776,2509000226,NEW MOUSEPAD REXUS KVLAR T1 (800x300mm) - CONTROL SURFACE,6991016354017,MOUSEPAD GAMING,REXUS,TIDAK,3
2777,2509000225,NEW MOUSEPAD REXUS KVLAR T3 (350x250mm) - CONTROL SURFACE,6991016357018,MOUSEPAD GAMING,REXUS,TIDAK,0
2778,2509000227,NEW MOUSEPAD REXUS KVLAR T6 (350x250mm) - SPEED EDITION,6991016360018,MOUSEPAD GAMING,REXUS,TIDAK,0
2779,2509000228,NEW MOUSEPAD REXUS KVLAR T7 (450x350mm) - SPEED EDITION,6991016361015,MOUSEPAD GAMING,REXUS,TIDAK,0
2780,2510000164,NEW MOUSEPAD ROBOT RP-01,6936678442085,MOUSEPAD BASIC,ROBOT,TIDAK,7
2781,2510000229,NEW MOUSEPAD ROBOT RP02S BLACK,6936678438811,MOUSEPAD BASIC,ROBOT,TIDAK,0
2782,2510000233,NEW MOUSEPAD ROBOT RP05-M GAMING BLACK,6936678402492,MOUSEPAD BASIC,ROBOT,TIDAK,171
2783,2509000190,NEW MOUSEPAD UGREEN CLASSIC 90563 290X225MM S - BLACK,6957303895632,MOUSEPAD BASIC,UGREEN,TIDAK,1
2784,2509000191,NEW MOUSEPAD UGREEN CLASSIC 90564 360X280MM M - BLACK,6957303895649,DESKMAT BASIC,UGREEN,TIDAK,1
2785,2509000192,NEW MOUSEPAD UGREEN CLASSIC 90677 800X300MM L - BLACK,6957303896776,DESKMAT BASIC,UGREEN,TIDAK,0
2786,2510000174,NEW MOUSEPAD UNITECH POLOS ANTI SLIP - BLACK,2510000174,,,TIDAK,0
2787,2507000151,NEW MSI MINI PC CUBI 5 12M INTEL CORE I3-1215U BLACK - BAREBONE ONLY 240BID-B31215UXX,4711377193504,MINI PC,MSI,TIDAK,0
2788,2503000246,NEW MX CLEANER ARCTIC - Wipes for removing Thermal Compounds,,,,TIDAK,28
2789,2504000421,NEW MOUSE LOGITECH B100 OPTICAL USB - BLACK,,MOUSE OFFICE WIRED,LOGITECH,TIDAK,0
2790,2504000419,NEW MOUSE LOGITECH M170 WIRELESS - BLACK,097855119254,MOUSE OFFICE WIRELESS,LOGITECH,TIDAK,5
2791,2504000420,NEW Mouse Logitech M90,,MOUSE OFFICE WIRED,LOGITECH,TIDAK,0
2792,2510000066,NEW NB ASUS VIVOBOOK S14 M3407HA VIPS7111M RYZEN 7 260 16GB 1TB 14″ WIN 11 HOME + OHM 2024 + M365 (MATTE GREY),,LAPTOP,ASUS,TIDAK,1
2793,2510000109,NEW NB ACER AL14-37P-38NN I3-N355 8GB 256GB DD4 14'' WUXGA IPS W11 COPILOT FRESH BLUE,,LAPTOP,ACER,TIDAK,0
2794,2511000236,NEW NB ACER AL14-37P-C9CP INTEL N150 8GB 256GB WUXGA 14' FHD W11 OHS24 COPILOT KEY SILVER,,LAPTOP,ACER,TIDAK,0
2795,2503000376,NEW NB ACER ASPIRE GO 14 AG14 I3 N305 8CORE 8GB 256GB W11+OHS 14.0WUXGA SLV -31P.34GM,,LAPTOP,ACER,YA,0
2796,2511000128,NEW NB ACER ASPIRE GO 14 AG14-72P-571C INTEL CORE 5-120U 8GB 512GB SSD 14″ WUXGA IPS W11 HOME + OHM 2024 + M365 (PURE SILVER),,LAPTOP,ACER,TIDAK,0
2797,2503000065,NEW NB ACER ASPIRE LITE AL1 14 I3 1215 8GB 512GB W11+OHS 14.0 WUXGA SILVER 14M 3CID,,LAPTOP,ACER,TIDAK,0
2798,2510000274,NEW NB ACER ASPIRE LITE AL14 32P 37CE INTEL CORE I3 N355 8GB 512GB 14″ WUXGA IPS WIN11 HOME+OHM 2024+ M365,,LAPTOP,ACER,TIDAK,0
2799,2507000280,NEW NB ACER ASPIRE LITE AL14 32P C1ES / INTEL N150 / 8GB / 512GB SSD / 14″ WUXGA IPS / WIN 11 HOME + OHM 2024 + M365,,LAPTOP,ACER,TIDAK,0
2800,2509000149,NEW NB ACER ASPIRE LITE AL14 32P C6CC Intel N150 8GB 256GB SSD 14″ WUXGA Win 11 Home + OHM 2024,,LAPTOP,ACER,TIDAK,0
2801,2509000066,NEW NB ACER ASPIRE LITE AL14 32P C8PX INTEL N150 8GB 256GB SSD 14″ WUXGA WIN 11 HOME + OHS 2021,,LAPTOP,ACER,TIDAK,0
2802,2507000279,NEW NB ACER ASPIRE LITE AL14 32P C9VS / INTEL N150 / 8GB / 512GB SSD / 14″ WUXGA IPS / WIN 11 HOME + OHM 2024 + M365,,LAPTOP,ACER,TIDAK,0
2803,2511000243,NEW NB ACER ASPIRE LITE AL14 37P C1UK Intel N150 8GB 512GB 14″ FHD WIN 11 HOME + OHM 2024 + M365,,LAPTOP,ACER,TIDAK,0
2804,2511000237,NEW NB ACER ASPIRE LITE AL14 37P C39A N150 8GB 256GB SSD 14″ FHD WIN 11 HOME + OHM 2024 + M365,,LAPTOP,ACER,TIDAK,0
2805,2506000048,NEW NB ACER ASPIRE LITE AL14 I5 1334U 16GB 512GB W11+OHS 14.0WUXGA IPS SLV -52M.59TF,,LAPTOP,ACER,TIDAK,0
2806,2504000433,NEW NB ACER ASPIRE LITE AL14-31P-C6DD INTEL N100 8GB 512GB SSD 14″ WUXGA IPS WIN 11 HOME+OHS 2021,,LAPTOP,ACER,TIDAK,0
2807,2507000136,NEW NB ACER ASPIRE LITE AL14-32P-38RE/INTEL CORE 3 N355/8GB/512GB SSD/14″ WUXGA IPS/WIN 11 HOME +OHM 2024+ M365,4711474367334,LAPTOP,ACER,TIDAK,0
2808,2508000187,NEW NB ACER ASPIRE LITE AL14-71P-53TG/INTEL CORE I5 13500H/16GB/512GB SSD/14″ WUXGA IPS/WIN 11 HOME + OHS 2024 – LIGHT SILVER,,LAPTOP,ACER,TIDAK,1
2809,2507000237,NEW NB ACER ASPIRE LITE AL15-41P-R72B / AMD RYZEN 7-5700U / 8GB / 512GB SSD / 15.6″ FHD IPS / WIN 11 HOME + OHM 2024 / LIGHT SILVER,,LAPTOP,ACER,TIDAK,0
2810,2506000346,NEW NB ACER LAPTOP ASPIRE LITE AL1-14M-3MID INTEL CORE I3-215U 8GB 512GB,8906170209750,LAPTOP,ACER,TIDAK,0
2811,2505000035,NEW NB ACER NITRO V 15 ANV15-51-5115 i5-13420H 8GB 512GB RTX4050 6GB 15.6″ FHD 144Hz WIN11 HOME+OHS 2021 – BLACK,,LAPTOP,ACER,TIDAK,0
2812,2507000135,NEW NB ACER NITRO V 15 ANV15-51-53X1/INTEL CORE I5 13420H/8GB/512GB SSD/RTX2050 4GB/WIN 11 HOME+OHM 2024+M365-OBSIDIAN BLACK,,LAPTOP,ACER,TIDAK,0
2813,2504000293,NEW NB ACER NITRO V 15 I5 13420H RTX2050 4GB 8GB 512GB W11+OHS 15.6 FHD 165HZ IPS 2YR+ADP BLACK ANV15-51-51U8,4711474223043,LAPTOP,ACER,TIDAK,0
2814,2508000326,NEW NB ACER PREDATOR HELIOS NEO 16 PHN16 71-55MQ INTEL I5-13500HX 8GB 512GB RTX4050 6GB 16″ WIN 11 HOME + OHS 2021,4711121789557,LAPTOP,ACER,TIDAK,0
2815,2508000327,NEW NB ACER PREDATOR HELIOS NEO 16 PHN16 72-788Y INTEL I7-14700HX 16GB 512GB RTX4050 6GB 16″ WIN 11 HOME + OHS 2021,4711121941290,LAPTOP,ACER,TIDAK,0
2816,2503000619,NEW NB ADAPTER ASUS 19V-3.42A-65W-4.0*1.35MM WITH LIGHT,2503000619,CHARGER LAPTOP,ASUS,TIDAK,10
2817,2503000620,NEW NB ADAPTER ASUS 19V-3.42A-65W-4.5*3.0 EU PLUG SQUARE SHAPE,,CHARGER LAPTOP,ASUS,TIDAK,4
2818,2507000204,"NEW NB ADVAN 360 STYLUS PRO INTEL i3 1215U/8GB/256GB/14"" FHD IPS/TOUCH/W11 HOME",,LAPTOP,ADVAN,TIDAK,0
2819,2507000205,"NEW NB ADVAN 360 STYLUS PRO RYZEN 5 7430U/8GB/512GB/14""FHD IPS/W11 HOME",,LAPTOP,ADVAN,TIDAK,0
2820,2509000291,NEW NB ADVAN AI GEN RYZEN 7-8845HS 16GB 512GB 14″ FHD IPS WIN 11 HOME (GREY),2509000291,LAPTOP,ADVAN,TIDAK,4
2821,2509000290,"NEW NB ADVAN AI GEN INTEL ULTRA 5-125H 16GB 512GB 14"" FHD IPS WIN 11 HOME (GREY)",2509000290,LAPTOP,ADVAN,TIDAK,3
2822,2507000209,NEW NB ADVAN EVO-X 16 2IN1 INTEL I3-1215U 12GB 512GB 16″ IPS 2.5K TOUCH WIN 11 HOME (GREY),,LAPTOP,ADVAN,TIDAK,1
2823,2507000267,NEW NB ADVAN EVO-X 13 2IN1 INTEL CELERON N100 12GB 512GB 13″ 2K TOUCH WIN 11 HOME (GREY),,LAPTOP,ADVAN,TIDAK,1
2824,2507000208,"NEW NB ADVAN EVO-X INTEL N199 12GB/512GB/13"" 2K IPS 100% SRGB/ W11 HOME",,LAPTOP,ADVAN,TIDAK,0
2825,2507000210,NEW NB ADVAN PIXWAR X TRANSFORMER RYZEN 7-6800H 16GB 512GB 15.6″ FHD WIN 11 HOME (CYAN),,LAPTOP,ADVAN,TIDAK,0
2826,2510000123,"NEW NB ADVAN TBOOK INTEL N100 4GB 128GB 14"" HD W11 HOME DARK GREY",,LAPTOP,ADVAN,TIDAK,0
2827,2510000122,"NEW NB ADVAN TBOOK INTEL N100 4GB 128GB 14"" HD W11 HOME GREY",,LAPTOP,ADVAN,TIDAK,0
2828,2507000206,NEW NB ADVAN TBOOK INTEL CELERON N100 8GB 128GB EMMC 14″ WIN 11 HOME (GREY),,LAPTOP,ADVAN,TIDAK,0
2829,2510000121,"NEW NB ADVAN TBOOK X TRANSFORMERS INTEL N100 4GB 128GB 14"" HD W11 HOME",,LAPTOP,ADVAN,TIDAK,0
2830,2507000207,NEW NB ADVAN TBOOK X TRANSFORMER INTEL CELERON N100 8GB 128GB EMMC WIN 11 HOME (GREY),,LAPTOP,ADVAN,TIDAK,0
2831,2510000156,NEW NB ADVAN WORKPLUS HERITAGE RYZEN 5-7535HS 8GB 512GB 14″ FHD WIN 11 HOME (POLOS),2510000156,LAPTOP,ADVAN,TIDAK,4
2832,2510000075,"NEW NB ADVAN WORKPLUS HERITAGE RYZEN 5 7535HS/16GB/512GB/14"" WUXGA/W11 HOME",,LAPTOP,ADVAN,TIDAK,0
2833,2507000211,NEW NB ADVAN WORKPLUS HERITAGE RYZEN 5-7535HS 8GB 512GB 14″ FHD WIN 11 HOME (BATIK),2507000211,LAPTOP,ADVAN,TIDAK,17
2834,2507000203,"NEW NB ADVAN WORKPLUS INTEL I5-12600H 24GB 512GB 14"" FHD WIN 11 HOME (SILVER)",,LAPTOP,ADVAN,TIDAK,0
2835,2510000074,NEW NB ADVAN WORKPLUS RYZEN 5-6600H 16GB 512GB 14″ FHD WIN 11 HOME (SILVER),,LAPTOP,ADVAN,TIDAK,0
2836,2510000120,NEW NB ADVAN WORKPLUS RYZEN 7-7735HS 16GB 512GB 14″ FHD WIN 11 HOME (SILVER),2510000120,LAPTOP,ADVAN,TIDAK,1
2837,2507000200,"NEW NB ADVAN WORKPRO INTEL I5-12450H 8GB 512GB 14"" FHD WIN 11 HOME (GREY)",,LAPTOP,ADVAN,TIDAK,0
2838,2507000201,NEW NB ADVAN WORKPRO LITE INTEL I3-1220P 8GB 256GB 14″ HD TN WIN 11 HOME (GREY),,LAPTOP,ADVAN,TIDAK,0
2839,2507000202,NEW NB ADVAN X DARBOTZ WORKPLUS RYZEN 7-7735HS 16GB 512GB 14″ FHD WIN 11 HOME (SILVER),2507000202,LAPTOP,ADVAN,TIDAK,0
2840,2506000088,NEW NB APPLE MACBOOK AIR 13 M1 7C GPU 8GB 256GB 8C CPU 13.3 SPACE GREY - MGN63ID,,LAPTOP,APPLE,TIDAK,0
2841,2506000089,NEW NB APPLE MACBOOK AIR 13 M2 8C GPU 16GB 256GB 8C CPU 13.6 SPACE GRY - MC7U4ID,,LAPTOP,APPLE,TIDAK,0
2842,2508000157,NEW NB APPLE MACBOOK PRO M4 PRO 14 INCH/24GB/512GB - MX2H3ID SPACE BLACK,,LAPTOP,APPLE,TIDAK,0
2843,2509000039,NEW NB ASUS EXPERTBOOK B1 B1402CBA NK3853WS INTEL I3-1215U 8GB 512GB 14″ FHD IPS WIN 11 HOME + OHS 2021 (STAR BLACK),,LAPTOP,ASUS,TIDAK,0
2844,2511000241,NEW NB ASUS EXPERTBOOK P1 P1403CVA S63850WS INTEL I3-1315U 8GB 512GB 14″ FHD WIN 11 HOME + OHS + M365 (MISTY GREY),4711387803387,LAPTOP,ASUS,TIDAK,0
2845,2509000041,NEW NB ASUS EXPERTBOOK P1 P1403CVA S65150WS INTEL I5-13420H 16GB 512GB 14″ FHD WIN 11 OH2024 + M365B (MISTY GREY),4711387893272,LAPTOP,ASUS,TIDAK,0
2846,2510000119,NEW NB ASUS EXPERTBOOK P1 P1403CVA S67151WS INTEL I7-13620H 16GB 512GB 14″ FHD WIN 11 HOME + OHS2021 + M365 (MISTY GREY),4711387893289,LAPTOP,ASUS,TIDAK,0
2847,2507000019,NEW NB ASUS VIVOBOOK K16 K3605VC I535B6T-HM INTEL I5-13420H 16GB 512GB RTX3050 4GB 16″ IPS WIN 11 HOME + OHM 2024 + M365 (INDIE BLACK),,LAPTOP,ASUS,TIDAK,0
2848,2507000018,NEW NB ASUS VIVOBOOK K16 K3605VC I735B6T-HM INTEL I7-13620H 16GB 512GB RTX3050 4GB 16″ IPS WIN 11 HOME + OHM 2024 + M365 (INDIE BLACK),4711636089203,LAPTOP,ASUS,TIDAK,0
2849,2503000191,NEW NB ASUS VIVOBOOK S14 M5406UA OLED752 RYZEN 7-8845HS 16GB 512GB 14″ OLED WIN 11 HOME + OHS 2021 (NEUTRAL BLACK),4711387589397,LAPTOP,ASUS,TIDAK,0
2850,2505000126,NEW NB ASUS ROG STRIX G16 G614JU I745J8G-OM INTEL I7-13650HX 16GB 512GB RTX4050 6GB 16″ FHD+ IPS WIN 11 HOME + OHS 2021 + M365 (ELIPSE GREY),,LAPTOP,ASUS,TIDAK,0
2851,2508000137,NEW NB ASUS ROG STRIX G16 G614PH R9N55C6G-HM RYZEN 9-8940HX 16GB 512GB RTX5050 8GB 16″ IPS QHD 2.5K  WIN 11 HOME + OHM 2024 + M365 (ELIPSE GREY),4711636111409,LAPTOP,ASUS,TIDAK,0
2852,2508000138,NEW NB ASUS ROG STRIX G16 G615JHR I7N55C6G-HM INTEL I7-14650HX 16GB 512GB RTX5050 8GB 16″ IPS QHD 2.5K WIN 11 HOME + OHM 2024 + M365 (ELIPSE GREY),4711636110884,LAPTOP,ASUS,TIDAK,0
2853,2507000022,NEW NB ASUS ROG STRIX G16 G615LM I9N56C6G-HM INTEL ULTRA 9 275HX 32GB 1TB RTX5060 8GB 16″ IPS QHD 2.5K WIN 11 HOME + OHM 2024 + M365 (ELIPSE GREY),,LAPTOP,ASUS,TIDAK,0
2854,2507000023,NEW NB ASUS ROG STRIX G16 G615LP I957C6G-HM INTEL ULTRA 9 275HX 32GB 1TB RTX5070 8GB 16″ IPS QHD 2.5K WIN 11 HOME + OHM 2024 + M365 (ELIPSE GREY),4711636050494,LAPTOP,ASUS,TIDAK,1
2855,2507000024,NEW NB ASUS ROG STRIX G16 G615LR I9NT7C6G-HM INTEL ULTRA 9 275HX 32GB 2TB RTX5070TI 12GB 16″ IPS QHD 2.5K WIN 11 HOME + OHS 2024 + M365B (ELIPSE GREY),4711387990704,LAPTOP,ASUS,TIDAK,2
2856,2503000111,NEW NB ASUS TUF GAMING A15 FA506NCR R735B1T-HM RYZEN 7-7435HS 8GB 512GB RTX3050 4GB 15.6″ FHD WIN 11 HOME + OHS 2021 (GRAPHITE BLACK),,LAPTOP,ASUS,TIDAK,0
2857,2503000112,NEW NB ASUS TUF GAMING A15 FA506NCR R735B6T-HM RYZEN 7-7435HS 16GB 512GB RTX3050 4GB 15.6″ FHD WIN 11 HOME + OHS 2021 (GRAPHITE BLACK),,LAPTOP,ASUS,TIDAK,0
2858,2504000034,NEW NB ASUS TUF GAMING A15 FA506NF R525B6T-OM RYZEN 5-7535HS 8GB 512GB RTX2050 4GB 15.6″ FHD WIN 11 HOME + OHS 2021 + M365 (GRAPHITE BLACK),,LAPTOP,ASUS,TIDAK,0
2859,2505000121,NEW NB ASUS TUF GAMING A15 FA506NFR R725B6T-OM RYZEN 7-7435HS 16GB 512GB RTX2050 4GB 15.6″ FHD WIN 11 HOME + OHS 2021 + M365 (GRAPHITE BLACK),,LAPTOP,ASUS,TIDAK,0
2860,2507000153,NEW NB ASUS TUF GAMING A15 FA507NUR R745K6M-OM RYZEN 7-7435HS 16GB 512GB RTX4050 6GB 15.6″ FHD WIN 11 HOME + OHS 2021 + M365 (MECHA GREY),,LAPTOP,ASUS,TIDAK,0
2861,2506000320,NEW NB ASUS TUF A15 FA507NUR-R745K6G-OM /AMD Ryzen 7-7435HS/16GB/512GB SSD/RTX4050 6GB/15.6″ FHD 144Hz/Win 11 Home+OHS 2021+M365,4711387824184,LAPTOP,ASUS,TIDAK,0
2862,2503000063,NEW NB ASUS TUF A15 FA507NVR-R746K6M-O R7 16GB 512GB RTX4060 M365 GREY,,LAPTOP,ASUS,YA,0
2863,2506000340,NEW NB ASUS TUF GAMING A15 FA507NVR R746K6M-OM RYZEN 7-7435HS 16GB 512GB RTX4060 8GB 15.6″ FHD WIN 11 HOME + OHS 2021 + M365 (MECHA GREY),,LAPTOP,ASUS,TIDAK,0
2864,2503000074,NEW NB ASUS TUF GAMING F15 FX507ZC4 I535B1M-O INTEL I5-12500H 8GB 512GB RTX3050 4GB 15.6″ FHD WIN 11 HOME + OHS 2021 (MECHA GREY),,LAPTOP,ASUS,TIDAK,0
2865,2503000073,NEW NB ASUS TUF FA507NUR R745K6M-OM 16GB DDR5 512GB RTX4050 W11 GREY,,LAPTOP,ASUS,YA,0
2866,2508000186,NEW NB ASUS TUF GAMING A15 FA506NCG R735B1T-HM RYZEN 7-7445HS 8GB 512GB RTX3050 4GB 15.6″ FHD WIN 11 HOME + OHM 2024 + M365 (MECHA GREY),4711636196161,LAPTOP,ASUS,TIDAK,5
2867,2508000205,NEW NB ASUS TUF GAMING A15 FA506NCR R735B1T HM Ryzen 7-7435HS 8GB 512GB SSD RTX3050 4GB 15.6″ FHD IPS Win 11 Home + OHM 2024 + M365,4711387903056,LAPTOP,ASUS,YA,0
2868,2506000044,NEW NB ASUS TUF GAMING A15 FA506NFR R725B1T-OM RYZEN 7-7435HS 8GB 512GB RTX2050 4GB 15.6″ FHD WIN 11 HOME + OHS 2021 + M365 (GRAPHITE BLACK),4711387904992,LAPTOP,ASUS,TIDAK,0
2869,2511000180,NEW NB ASUS TUF GAMING A16 FA607NUG R745J6M-HM RYZEN 7-7445HS 16GB 512GB RTX4050 6GB 16″ FHD+ WIN 11 HOME + OHM 2024 + M365 (MECHA GREY),,LAPTOP,ASUS,TIDAK,2
2870,2508000216,NEW NB ASUS TUF GAMING F16 FX607VU I545J6M-HM INTEL CORE 5 210H 16GB 512GB RTX4050 6GB 16″ FHD+ WIN 11 HOME + OHM 2024 + M365 (MECHA GREY),4711387967751,LAPTOP,ASUS,TIDAK,0
2871,2508000217,NEW NB ASUS TUF GAMING F16 FX608JH I5N55J6G-HM INTEL I5-13450HX 16GB 512GB RTX5050 8GB 16″ FHD+ WIN 11 HOME + OHM 2024 + M365 (JAEGER GREY),4711636110846,LAPTOP,ASUS,TIDAK,0
2872,2508000214,NEW NB ASUS TUF GAMING F16 FX608JMR I7N56J7G-HM INTEL I7-14650HX 16GB 1TB RTX5060 8GB 16″ FHD+ WIN 11 HOME + OHM 2024 + M365 (JAEGER GREY),4711636143691,LAPTOP,ASUS,TIDAK,2
2873,2508000139,NEW NB ASUS TUF GAMING F16 FX608JMR I7N56J6G-HM INTEL I7-14650HX 16GB 1TB RTX5060 8GB 16″ FHD+ WIN 11 HOME + OHM 2024 + M365 (JAEGER GREY),4711636100038,LAPTOP,ASUS,TIDAK,0
2874,2511000179,NEW NB ASUS V16 V3607VH I5N55B6T-HM INTEL CORE 5 210H 16GB 512GB RTX5050 8GB 16″ WIN 11 HOME + OHM 2024 + M365 (MATTE BLACK),4711636214865,LAPTOP,ASUS,TIDAK,1
2875,2510000034,NEW NB ASUS V16 V3607VH I7N55B6T-HM INTEL CORE 7 240H 16GB 512GB RTX5050 8GB 16″ WIN 11 HOME + OHM 2024 + M365 (MATTE BLACK),4711636111461,LAPTOP,ASUS,TIDAK,0
2876,2507000054,NEW NB ASUS V16 V3607VM I7N56B6T-HM INTEL CORE 7 240H 16GB 512GB RTX5060 8GB 16″ WIN 11 HOME + OHM 2024 + M365 (MATTE BLACK),4711636058384,LAPTOP,ASUS,TIDAK,1
2877,2503000197,NEW NB ASUS V16 V3607VU I545B7T-HM INTEL CORE 5 210H 16GB 512GB RTX4050 6GB 16″ WIN 11 HOME + OHM 2024 + M365 (MATTE BLACK),4711387854969,LAPTOP,ASUS,TIDAK,1
2878,2511000178,NEW NB ASUS V16 V3607VU I745B7T-HM INTEL CORE 7 240H 16GB 512GB RTX4050 6GB 16″ WIN 11 HOME + OHM 2024 + M365 (MATTE BLACK),4711387854945,LAPTOP,ASUS,TIDAK,1
2879,2507000133,NEW NB ASUS VIVOBOOK 14 A1404VA FHD3851M INTEL I3-1315U 8GB 512GB 14″ FHD WIN 11 HOME + OHM 2024 + M365 (QUITE BLUE),4711387845738,LAPTOP,ASUS,TIDAK,0
2880,2509000021,NEW NB ASUS VIVOBOOK 14 A1404VA FHD3852M INTEL I3-1315U 8GB 512GB 14″ FHD WIN 11 HOME + OHM 2024 + M365 (TERRA COTTA),4711387845752,LAPTOP,ASUS,TIDAK,0
2881,2507000134,NEW NB ASUS VIVOBOOK 14 A1404VA FHD3853M INTEL I3-1315U 8GB 512GB 14″ FHD WIN 11 HOME + OHM 2024 + M365 (TRANSPARANT SILVER),4711387845745,LAPTOP,ASUS,TIDAK,0
2882,2507000138,NEW NB ASUS VIVOBOOK 14 A1404VA VIPS5153M INTEL I5-1334U 16GB 512GB 14″ FHD IPS WIN 11 HOME + OHM 2021 + M365 (COOL SILVER),,LAPTOP,ASUS,TIDAK,0
2883,2507000137,NEW NB ASUS VIVOBOOK 14 A1404VA VIPS5151M INTEL I5-1334U 16GB 512GB 14″ FHD IPS WIN 11 HOME + OHM 2024 + M365 (QUIET BLUE),,LAPTOP,ASUS,TIDAK,0
2884,2503000159,"NEW NB ASUS VIVOBOOK 14 A1404VA I7 1355 16GB 1TB W11+OHS 14"" FHD VIPS BLUE - VIPS711",,LAPTOP,ASUS,YA,0
2885,2505000247,NEW NB ASUS VIVOBOOK GO 14 A1404VA VIPS351M INTEL I3-1315U 8GB 512GB 14″ FHD IPS WIN 11 HOME + OHS 2021 + M365 (QUIET BLUE),4711387761953,LAPTOP,ASUS,TIDAK,0
2886,2511000181,NEW NB ASUS VIVOBOOK 14 A1404VA VIPS3851M INTEL I3-1315U 8GB 512GB 14″ FHD IPS WIN 11 + OHM 2024 + M365 (QUIET BLUE),4711387904527,LAPTOP,ASUS,TIDAK,3
2887,2511000182,NEW NB ASUS VIVOBOOK 14 A1404VA VIPS3852M INTEL I3-1315U 8GB 512GB 14″ FHD IPS WIN 11 HOME + OHM 2024 + M365 (TERRA COTTA),4711387854907,LAPTOP,ASUS,TIDAK,0
2888,2511000183,NEW NB ASUS VIVOBOOK 14 A1404VA VIPS3853M INTEL I3-1315U 8GB 512GB 14″ FHD IPS WIN 11 HOME + OHM 2024 + M365 (TRANSPARANT SILVER),4711387904565,LAPTOP,ASUS,TIDAK,3
2889,2507000109,NEW NB ASUS VIVOBOOK 14 A1404VA VIPS5152M INTEL I5-1334U 16GB 512GB 14″ FHD IPS WIN 11 HOME + OHM 2021 + M365 (TERRA COTTA),,LAPTOP,ASUS,TIDAK,0
2890,2509000045,NEW NB ASUS VIVOBOOK 14 A1404VA VIPS5851M INTEL I5-1334U 8GB 512GB 14″ FHD IPS WIN 11 HOME + OHM 2024 + M365 (QUIET BLUE),4711387904534,LAPTOP,ASUS,TIDAK,0
2891,2507000282,NEW NB ASUS VIVOBOOK 14 A1404VA VIPS5852M INTEL I5-1334U 8GB 512GB 14″ FHD IPS WIN 11 HOME + OHM 2024 + M365 (TERRA COTTA),4711387883617,LAPTOP,ASUS,TIDAK,0
2892,2509000046,NEW NB ASUS VIVOBOOK 14 A1404VA VIPS5853M INTEL I5-1334U 8GB 512GB 14″ FHD IPS WIN 11 HOME + OHM 2024 + M365 (COOL SILVER),4711387872765,LAPTOP,ASUS,TIDAK,1
2893,2508000325,NEW NB ASUS VIVOBOOK 14 A1404VA VIPS7113M INTEL I7-1355U 16GB 1TB 14″ FHD IPS WIN 11 HOME + OHM 2024 + M365 (COOL SILVER),4711387904589,LAPTOP,ASUS,TIDAK,0
2894,2510000070,NEW NB ASUS VIVOBOOK 14 A1404VA VIPS7151M INTEL I7-1355U 16GB 512GB 14″ FHD WIN 11 HOME + OHM 2024 + M365 (QUIET BLUE),4711387872772,LAPTOP,ASUS,TIDAK,1
2895,2510000071,NEW NB ASUS VIVOBOOK 14 A1404VA VIPS7153M INTEL I7-1355U 16GB 512GB 14″ FHD WIN 11 HOME + OHM 2024 + M365 (COOL SILVER),4711387883624,LAPTOP,ASUS,TIDAK,2
2896,2509000270,NEW NB ASUS VIVOBOOK 14 A1404VA VIPS7851M INTEL I7-1355U 8GB 512GB 14″ FHD IPS WIN 11 HOME + OHM 2024 + M365 (QUIET BLUE),4711387809518,LAPTOP,ASUS,TIDAK,1
2897,2509000269,NEW NB ASUS VIVOBOOK 14 A1404VA VIPS7853M INTEL I7-1355U 8GB 512GB 14″ FHD IPS WIN 11 HOME + OHM 2024 + M365,4711387872789,LAPTOP,ASUS,TIDAK,4
2898,2503000586,NEW NB ASUS VIVOBOOK GO 14 A1404VA VIPS711 INTEL I7-1355U 16GB 1TB 14″ FHD IPS WIN 11 HOME + OHS 2021 (QUIET BLUE),,LAPTOP,ASUS,TIDAK,0
2899,2503000589,NEW NB ASUS VIVOBOOK GO 14 A1404VA VIPS711M INTEL I7-1355U 16GB 1TB 14″ FHD IPS WIN 11 HOME + OHS 2021 + M365 (QUIET BLUE),,LAPTOP,ASUS,TIDAK,0
2900,2503000273,NEW NB ASUS VIVOBOOK GO 14 A1404VA VIPS712 INTEL I7-1355U 16GB 1TB 14″ FHD IPS WIN 11 HOME + OHS 2021 (TRANSPARANT SILVER),,LAPTOP,ASUS,TIDAK,0
2901,2503000587,NEW NB ASUS VIVOBOOK GO 14 A1404VA VIPS712M INTEL I7-1355U 16GB 1TB 14″ FHD IPS WIN 11 HOME + OHS 2021 + M365 (TRANSPARANT SILVER),,LAPTOP,ASUS,TIDAK,0
2902,2503000396,NEW NB ASUS VIVOBOOK GO 14 A1404VA VIPS751 INTEL I7-1355U 8GB 512GB 14″ FHD IPS WIN 11 HOME + OHS 2021 (QUIET BLUE),,LAPTOP,ASUS,TIDAK,2
2903,2503000574,NEW NB ASUS VIVOBOOK GO 14 A1404VA VIPS752 INTEL I7-1355U 8GB 512GB 14″ FHD IPS WIN 11 HOME + OHS 2021 (TRANSPARANT SILVER),4711387342350,LAPTOP,ASUS,TIDAK,0
2904,2511000242,NEW NB ASUS VIVOBOOK 14 A1404VAP VIPS5151M INTEL CORE 5 120U 16GB 512GB 14″ FHD IPS WIN 11 HOME + OHM 2024 + M365 (QUIET BLUE),4711636028394,LAPTOP,ASUS,TIDAK,1
2905,2510000072,NEW NB ASUS VIVOBOOK 14 A1404VAP VIPS5152M INTEL CORE 5 120U 16GB 512GB 14″ FHD IPS WIN 11 HOME + OHM 2024 + M365 (TERRA COTTA),4711636028448,LAPTOP,ASUS,TIDAK,0
2906,2510000033,NEW NB ASUS VIVOBOOK 14 A1404VAP VIPS5153M INTEL CORE 5 120U 16GB 512GB 14″ FHD IPS WIN 11 HOME + OHM 2024 + M365 (COOL SILVER),4711636028417,LAPTOP,ASUS,TIDAK,0
2907,2503000160,NEW NB ASUS VIVOBOOK 14 A1404ZA VIPS5152M INTEL I5-1235U 16GB 512GB 14″ FHD IPS WIN 11 HOME + OHM 2024 + M365 (TERRA COTTA),,LAPTOP,ASUS,TIDAK,0
2908,2503000275,NEW NB ASUS VIVOBOOK 14 A1404ZA VIPS5151M INTEL I5-1235U 16GB 512GB 14″ FHD IPS WIN 11 HOME + OHM 2024 + M365 (QUITE BLUE),,LAPTOP,ASUS,TIDAK,0
2909,2503000067,NEW NB ASUS VIVOBOOK 14 A1404ZA VIPS551M INTEL I5-1235U 8GB 512GB 14″ FHD IPS WIN 11 HOME + OHS 2021 + M365 (QUITE BLUE),,LAPTOP,ASUS,TIDAK,0
2910,2508000328,NEW NB ASUS VIVOBOOK 14 A1405VA VIPS5152M INTEL I5-13420H 16GB 512GB 14″ WIN 11 HOME + OHM 2024 + M365 (COOL SILVER),4711387839003,LAPTOP,ASUS,TIDAK,2
2911,2508000001,NEW NB ASUS VIVOBOOK 14 A1405VA VIPS5151M INTEL I5-13420H 16GB 512GB 14″ WIN 11 HOME + OHM 2024 + M365 (INDIE BLACK),4711387839027,LAPTOP,ASUS,TIDAK,1
2912,2503000266,NEW NB ASUS VIVOBOOK 14 A1407CA VIPS5151M INTEL ULTRA 5 225H 16GB 512GB 14″ WIN 11 HOME + OHM 2024 + M365 (QUIET BLUE),4711387923498,LAPTOP,ASUS,TIDAK,0
2913,2503000265,NEW NB ASUS VIVOBOOK 14 A1407CA VIPS5153M INTEL ULTRA 5 225H 16GB 512GB 14″ WIN 11 HOME + OHM 2024 + M365 (COOL SILVER),4711387923511,LAPTOP,ASUS,TIDAK,0
2914,2507000115,NEW NB ASUS VIVOBOOK 14 FLIP TP3407SA OLED7151M INTEL ULTRA 7 256V 16GB 512GB 14″ OLED TOUCH WIN 11 HOME + OHS 2021 + M365 (MATTE GREY),,LAPTOP,ASUS,TIDAK,0
2915,2503000338,NEW NB ASUS VIVOBOOK 14 M1405YA RYZEN 7 7730 16GB 512GB W11+OHS 14.0WUXGA IPS FP BLK-VIPS751,,LAPTOP,ASUS,TIDAK,0
2916,2503000588,NEW NB ASUS VIVOBOOK 14 M1405YA VIPS752 RYZEN 7-7730U 16GB 512GB 14″ IPS WIN 11 HOME + OHS 2021 (COOL SILVER),,LAPTOP,ASUS,TIDAK,0
2917,2511000104,NEW NB ASUS VIVOBOOK 14 M1405YA VIPS7151 Ryzen 7-7730U 16GB 512GB SSD 14″ WUXGA IPS Win 11 HOME + OHS 2021,,LAPTOP,ASUS,TIDAK,0
2918,2510000076,NEW NB ASUS VIVOBOOK 14 M1405YA VIPS7151M RYZEN 7-7730U 16GB 512GB 14″ IPS WIN 11 HOME + OHM 2024 + M365 (INDIE BLACK),,LAPTOP,ASUS,TIDAK,2
2919,2511000103,NEW NB ASUS VIVOBOOK 14 M1405YA VIPS7152 Ryzen 7-7730U 16GB 512GB SSD 14″ WUXGA IPS Win 11 HOME + OHS 2021,,LAPTOP,ASUS,YA,0
2920,2511000113,NEW NB ASUS VIVOBOOK 14 M1405YA VIPS7152M RYZEN 7-7730U 16GB 512GB 14″ IPS WIN 11 HOME + OHS 2021 + M365 (COOL SILVER),,LAPTOP,ASUS,TIDAK,1
2921,2508000005,NEW NB ASUS VIVOBOOK 14 M1405YA VIPS751 RYZEN 7-7730U 16GB 512GB 14″ IPS WIN 11 HOME + OHS 2021 (INDIE BLACK),,LAPTOP,ASUS,TIDAK,0
2922,2503000575,NEW NB ASUS VIVOBOOK 14 M1405YA OLEDS711M RYZEN 7-7730U 16GB 1TB 14″ OLED 2.8K WIN 11 HOME + OHS 2021 + M365 (INDIE BLACK),,LAPTOP,ASUS,TIDAK,0
2923,2507000195,NEW NB ASUS VIVOBOOK 14 M1405YA-OLEDS713 RYZEN 7-7730U 16GB 1TB SSD 14″ 2.8K OLED WIN11 HOME+OHS 2021,,LAPTOP,ASUS,TIDAK,0
2924,2508000019,NEW NB ASUS VIVOBOOK 14 M1405YA OLEDS713M RYZEN 7-7730U 16GB 1TB 14″ OLED 2.8K WIN 11 HOME + OHS 2021 + M365 (COOL SILVER),4711387800850,LAPTOP,ASUS,TIDAK,0
2925,2510000031,NEW NB ASUS VIVOBOOK K16 K3605VC I535B1T-HM INTEL I5-13420H 8GB 512GB RTX3050 4GB 16″ IPS WIN 11 HOME + OHM 2024 + M365 (INDIE BLACK),,LAPTOP,ASUS,TIDAK,0
2926,2503000594,NEW NB ASUS VIVOBOOK K16 K3605VC I535B6T-HM INTEL I5-13420H 8/16GB 512GB RTX3050 4GB 16″ IPS WIN 11 HOME + OHM 2024 + M365 (INDIE BLACK) - LAMA,4711387893470,LAPTOP,ASUS,TIDAK,0
2927,2506000252,NEW NB ASUS VIVOBOOK GO 14 A1404VA VIPS551 INTEL I5-1335U 8GB 512GB 14″ FHD IPS WIN 11 HOME + OHS 2021 (QUIET BLUE),,LAPTOP,ASUS,TIDAK,0
2928,2508000215,NEW NB ASUS VIVOBOOK GO 14 A1404VA VIPS552M INTEL I5-1335U 8GB 512GB 14″ FHD IPS WIN 11 HOME + OHS 2021 + M365 (TRANSPARANT SILVER),4711387761977,LAPTOP,ASUS,TIDAK,0
2929,2508000196,NEW NB ASUS VIVOBOOK GO 14 E1404FA FHD321 RYZEN 3-7320U 8GB 256GB 14″ FHD WIN 11 HOME + OHS 2021 (MIXED BLACK),,LAPTOP,ASUS,TIDAK,0
2930,2508000276,NEW NB ASUS VIVOBOOK GO 14 E1404FA FHD321M RYZEN 3-7320U 8GB 256GB 14″ FHD WIN 11 HOME + OHS 2021 + M365 (MIXED BLACK),,LAPTOP,ASUS,TIDAK,0
2931,2503000580,NEW NB ASUS VIVOBOOK GO 14 E1404FA FHD351 RYZEN 3-7320U 8GB 512GB 14″ FHD WIN 11 HOME + OHS 2021 (MIXED BLACK),,LAPTOP,ASUS,YA,0
2932,2508000277,NEW NB ASUS VIVOBOOK GO 14 E1404FA FHD352M RYZEN 3-7320U 8GB 512GB 14″ FHD WIN 11 HOME + OHS 2021 + M365 (COOL SILVER),,LAPTOP,ASUS,TIDAK,0
2933,2511000233,"NEW NB ASUS VIVOBOOK GO 14 E1404FA FHD3821M RYZEN 3-7320U 8GB 256GB 14"" FHD WIN 11 HOME + OHM 2024 + M365 (MIXED BLACK)",4711387850732,LAPTOP,ASUS,TIDAK,1
2934,2511000185,NEW NB ASUS VIVOBOOK GO 14 E1404FA FHD3822M RYZEN 3-7320U 8GB 256GB 14″ FHD WIN 11 HOME + OHM 2024 + M365 (GREEN GREY),4711387860489,LAPTOP,ASUS,TIDAK,0
2935,2507000127,NEW NB ASUS VIVOBOOK GO 14 E1404FA FHD3851M RYZEN 3-7320U 8GB 512GB 14″ FHD WIN 11 HOME + OHS 2021 + M365 (MIXED BLACK),4711387860496,LAPTOP,ASUS,TIDAK,1
2936,2509000147,NEW NB ASUS VIVOBOOK GO 14 E1404FA FHD3852M RYZEN 3-7320U 8GB 512GB 14″ FHD WIN 11 HOME + OHS 2024 + M365 (GREEN GREY),4711387904633,LAPTOP,ASUS,TIDAK,1
2937,2507000128,NEW NB ASUS VIVOBOOK GO 14 E1404FA FHD3853M RYZEN 3-7320U 8GB 512GB 14″ FHD WIN 11 HOME + OHS 2021 + M365 (COOL SILVER),4711387904497,LAPTOP,ASUS,TIDAK,0
2938,2511000184,NEW NB ASUS VIVOBOOK GO 14 E1404FA VIPS3851M RYZEN 3-7320U 8GB 512GB 14″ FHD IPS WIN 11 HOME + OHM 2024 + M365 (MIXED BLACK),4711636207539,LAPTOP,ASUS,TIDAK,1
2939,2511000232,NEW NB ASUS VIVOBOOK GO 14 E1404FA VIPS3852M RYZEN 3-7320U 8GB 512GB 14 FHD IPS WIN 11 HOME + OHM 2024 + M365 (GREEN GRAY),4711636207546,LAPTOP,ASUS,TIDAK,2
2940,2507000080,NEW NB ASUS VIVOBOOK GO 14 E1404FA VIPS5151M RYZEN 5-7520U 16GB 512GB 14″ FHD IPS WIN 11 HOME + OHM 2024 + M365 (MIXED BLACK),4711387850756,LAPTOP,ASUS,TIDAK,3
2941,2507000081,NEW NB ASUS VIVOBOOK GO 14 E1404FA VIPS5152M RYZEN 5-7520U 16GB 512GB 14″ FHD IPS WIN 11 HOME + OHM 2024 + M365 (GREEN GREY),4711387809402,LAPTOP,ASUS,TIDAK,1
2942,2507000082,NEW NB ASUS VIVOBOOK GO 14 E1404FA VIPS5153M RYZEN 5-7520U 16GB 512GB 14″ FHD IPS WIN 11 HOME + OHM 2024 + M365 (COOL SILVER),4711387850763,LAPTOP,ASUS,TIDAK,2
2943,2505000181,NEW NB ASUS VIVOBOOK GO 14 E1404FA VIPS558 RYZEN 5-7520U 8GB 512GB 14″ FHD IPS WIN 11 HOME + OHS 2021 (MIXED BLACK),,LAPTOP,ASUS,TIDAK,0
2944,2506000253,NEW NB ASUS VIVOBOOK GO 14 E1404FA VIPS558M RYZEN 5-7520U 8GB 512GB 14″ FHD IPS WIN 11 HOME + OHS 2021 + M365 (MIXED BLACK),,LAPTOP,ASUS,TIDAK,0
2945,2505000182,NEW NB ASUS VIVOBOOK GO 14 E1404FA VIPS559 RYZEN 5-7520U 8GB 512GB 14″ FHD IPS WIN 11 HOME + OHS 2021 (COOL SILVER),,LAPTOP,ASUS,TIDAK,0
2946,2505000183,NEW NB ASUS VIVOBOOK GO 14 E1404FA VIPS559M RYZEN 5-7520U 8GB 512GB 14″ FHD IPS WIN 11 HOME + OHS 2021 + M365 (COOL SILVER),,LAPTOP,ASUS,TIDAK,0
2947,2508000002,NEW NB ASUS VIVOBOOK GO 14 E1404FA VIPS5851M RYZEN 5-7520U 8GB 512GB 14″ FHD WIN 11 HOME + OHS 2021 + M365 (MIXED BLACK),,LAPTOP,ASUS,TIDAK,3
2948,2509000244,NEW NB ASUS VIVOBOOK GO 14 E1404FA VIPS5852M RYZEN 5-7520U 8GB 512GB 14″ FHD WIN 11 HOME + OHS 2021 + M365 (GREEN GREY),4711387850770,LAPTOP,ASUS,TIDAK,4
2949,2508000003,NEW NB ASUS VIVOBOOK GO 14 E1404FA VIPS5853M RYZEN 5-7520U 8GB 512GB 14″ FHD WIN 11 HOME + OHS 2021 + M365 (SILVER),4711387904596,LAPTOP,ASUS,TIDAK,6
2950,2503000584,NEW NB ASUS VIVOBOOK GO 14 E1404FA FHD322M RYZEN 3-7320U 8GB 256GB 14″ FHD WIN 11 HOME + OHS 2021 + M365 (GREEN GREY),,LAPTOP,ASUS,TIDAK,0
2951,2503000581,NEW NB ASUS VIVOBOOK GO 14 E1404FA FHD351M RYZEN 3-7320U 8GB 512GB 14″ FHD WIN 11 HOME + OHS 2021 + M365 (MIXED BLACK),4711387723814,LAPTOP,ASUS,TIDAK,0
2952,2503000085,NEW NB ASUS VIVOBOOK GO 14 E1404FA FHD352 RYZEN 3-7320U 8GB 512GB 14″ FHD WIN 11 HOME + OHS 2021 (COOL SILVER),,LAPTOP,ASUS,TIDAK,0
2953,2503000605,NEW NB ASUS VIVOBOOK GO 14 E1404FA-VIPS552 RYZEN 5 7520 16GB 512GB W11+OHS 14.0FHD IPS BLACK,,LAPTOP,ASUS,TIDAK,0
2954,2505000251,NEW NB ASUS VIVOBOOK GO 14 E1404FA VIPS552M RYZEN 5-7520U 16GB 512GB 14″ FHD IPS WIN 11 HOME + OHS 2021 (MIXED BLACK),,LAPTOP,ASUS,TIDAK,0
2955,2503000606,NEW NB ASUS VIVOBOOK GO 14 E1404FA-VIPS554 RYZEN 5 7520 16GB 512GB W11+OHS 14.0FHD IPS COOL SILVER,,LAPTOP,ASUS,TIDAK,0
2956,2503000579,NEW NB ASUS VIVOBOOK GO 14 E1404GA FHD351M INTEL I3-N305 8GB 512GB 14″ FHD WIN 11 HOME + OHS 2021 + M365 (MIXED BLACK),,LAPTOP,ASUS,TIDAK,0
2957,2507000281,NEW NB ASUS VIVOBOOK GO 14 E1404GA FHD3821M INTEL I3-N305 8GB 256GB WIN 11 HOME + OHM 2021 + M365 (INDIE BLACK),4711636063166,LAPTOP,ASUS,TIDAK,6
2958,2507000274,"NEW NB ASUS VIVOBOOK GO 14 E1404GA FHD3851M INTEL I3-N305 8GB 512GB 14"" FHD WIN 11 HOME + OHM 2024 + M365 (INDIE BLACK)",4711636017329,LAPTOP,ASUS,TIDAK,6
2959,2503000271,NEW NB ASUS VIVOBOOK GO 14 E1404GA FHD351 INTEL I3-N305 8GB 512GB 14″ FHD WIN 11 HOME + OHS 2021 (MIXED BLACK),,LAPTOP,ASUS,TIDAK,0
2960,2503000270,NEW NB ASUS VIVOBOOK GO 14 E1404GA FHD352M INTEL I3-N305 8GB 512GB 14″ FHD WIN 11 HOME + OHS 2021 (GREEN GREY),,LAPTOP,ASUS,TIDAK,0
2961,2507000065,"NEW NB ASUS VIVOBOOK GO 14 E1404GA FHD3853M INTEL I3-N305 8GB 512GB 14"" FHD WIN 11 HOME + OHM 2024 + M365 (COOL SILVER)",,LAPTOP,ASUS,TIDAK,0
2962,2504000035,NEW NB ASUS VIVOBOOK GO 14 E410KA FHD426M INTEL CELERON N4500 8GB 256GB 14″ FHD WIN 11 HOME + OHS 2021 + M365 (PEACOCK BLUE),,LAPTOP,ASUS,TIDAK,1
2963,2504000036,NEW NB ASUS VIVOBOOK GO 14 E410KA FHD429M INTEL CELERON N4500 8GB 256GB 14″ FHD WIN 11 HOME + OHS 2021 + M365 (STAR BLACK),,LAPTOP,ASUS,TIDAK,1
2964,2511000230,NEW NB ASUS VIVOBOOK GO 14 E410KA FHD4821M N4500 8GB 256GB SSD 14″ FHD Win 11 Home+OHS 2021,,LAPTOP,ASUS,TIDAK,0
2965,2511000231,NEW NB ASUS VIVOBOOK GO 14 E410KA FHD4823M N4500 8GB 256GB SSD 14″ FHD Win 11 Home+OHS 2021,,LAPTOP,ASUS,TIDAK,0
2966,2510000129,NEW NB ASUS VIVOBOOK GO 14 E410KA FHD4851M N4500 8GB 512GB SSD 14″ FHD WIN 11 HOME + OHM 2024 + M365,,LAPTOP,ASUS,TIDAK,0
2967,2510000128,NEW NB ASUS VIVOBOOK GO 14 E410KA FHD4853M N4500 8GB 512GB SSD 14″ FHD WIN 11 HOME + OHM 2024 + M365,,LAPTOP,ASUS,TIDAK,0
2968,2504000050,NEW NB ASUS VIVOBOOK GO 14 E410KA FHD454 INTEL CELERON N4500 8GB 512GB 14″ FHD IPS WIN 11 HOME + OHS 2021 (STAR BLACK),,LAPTOP,ASUS,TIDAK,0
2969,2504000049,NEW NB ASUS VIVOBOOK GO 14 E410KA FHD455 INTEL CELERON N4500 8GB 512GB 14″ FHD IPS WIN 11 HOME + OHS 2021 (PEACOCK BLUE),,LAPTOP,ASUS,TIDAK,0
2970,2510000068,NEW NB ASUS VIVOBOOK GO 15 E1504FA VIPS3152M RYZEN 3-7320U 16GB 512GB 15.6″ FHD WIN 11 HOME + OHM 2024 + M365 (GREEN GREY),4711387860526,LAPTOP,ASUS,TIDAK,3
2971,2510000069,NEW NB ASUS VIVOBOOK GO 15 E1504FA VIPS3153M RYZEN 3-7320U 16GB 512GB 15.6″ FHD WIN 11 HOME + OHM 2024 + M365 (COOL SILVER),4711387860519,LAPTOP,ASUS,TIDAK,1
2972,2505000128,"NEW NB ASUS VIVOBOOK GO 15 E1504FA VIPS5151M RYZEN 5-7520U 16GB 512GB 15.6"" FHD WIN 11 HOME + OHM 2024 + M365 (MIXED BLACK)",,LAPTOP,ASUS,TIDAK,4
2973,2505000129,"NEW NB ASUS VIVOBOOK GO 15 E1504FA VIPS5153M RYZEN 5-7520U 16GB 512GB 15.6"" FHD WIN 11 HOME + OHM 2024 + M365 (COOL SILVER)",,LAPTOP,ASUS,TIDAK,0
2974,2505000016,NEW NB ASUS VIVOBOOK GO 15 E1504FA OLED351 RYZEN 3-7320U 8GB 512GB 15.6″ FHD WIN 11 HOME + OHS 2021 (COOL SILVER),,LAPTOP,ASUS,TIDAK,0
2975,2505000017,NEW NB ASUS VIVOBOOK GO 15 E1504FA OLED352 RYZEN 3-7320U 8GB 512GB 15.6″ FHD WIN 11 HOME + OHS 2021 (MIXED BLACK),,LAPTOP,ASUS,TIDAK,0
2976,2505000018,NEW NB ASUS VIVOBOOK GO 15 E1504FA OLED353 RYZEN 3-7320U 8GB 512GB 15.6″ FHD WIN 11 HOME + OHS 2021 (GREEN GREY),,LAPTOP,ASUS,TIDAK,0
2977,2507000111,NEW NB ASUS VIVOBOOK GO 15 E1504FA OLED353M RYZEN 3-7320U 8GB 512GB 15.6″ FHD WIN 11 HOME + OHS 2021 + M365 (GREEN GREY),4711387723944,LAPTOP,ASUS,TIDAK,1
2978,2506000331,NEW NB ASUS VIVOBOOK K16 K3605ZF VIPS551 INTEL I5-12500H 8GB 512GB RTX2050 4GB 16″ IPS WIN 11 HOME + OHS 2021 (INDIE BLACK),4711387731321,LAPTOP,ASUS,TIDAK,0
2979,2503000198,NEW NB ASUS VIVOBOOK K3605ZF-VIPS551 Intel® Core™ i5-12500H 8GB DDR4 512GB Windows 11 Home + Office Home & Student 2021,,LAPTOP,ASUS,YA,0
2980,2507000027,NEW NB ASUS VIVOBOOK S14 FLIP TN3402YA VIPS557 RYZEN 5-7430U 16GB 512GB 14″ IPS TOUCH WIN 11 HOME + OHS 2021 (TRANSPARENT SILVER),4711387630334,LAPTOP,ASUS,TIDAK,0
2981,2507000025,NEW NB ASUS VIVOBOOK S14 FLIP TN3402YA VIPS558M RYZEN 5-7430U 16GB 512GB 14″ IPS TOUCH WIN 11 HOME + OHS 2021 + M365 (QUIET BLUE),4711387730386,LAPTOP,ASUS,TIDAK,0
2982,2507000026,NEW NB ASUS VIVOBOOK S14 FLIP TN3402YA VIPS559M RYZEN 5-7430U 16GB 512GB 14″ IPS TOUCH WIN 11 HOME + OHS 2021 + M365 (TRANSPARANT SILVER),,LAPTOP,ASUS,TIDAK,0
2983,2510000065,NEW NB ASUS VIVOBOOK S14 M3407HA VIPS7112M RYZEN 7 260 16GB 1TB 14″ WIN 11 HOME + OHM 2024 + M365 (COOL SILVER),4711636047777,LAPTOP,ASUS,TIDAK,0
2984,2503000192,"NEW NB ASUS VIVOBOOK S14 M5406NA OLED552 R5 16GB 512GB 14"" WUXGA W11+OHS BLACK",,LAPTOP,ASUS,YA,0
2985,2506000316,NEW NB ASUS VIVOBOOK S14 M5406NA OLED552M RYZEN 5-7535HS 16GB 512GB 14″ OLED WIN 11 HOME + OHS 2021 + M365 (NEUTRAL BLACK),,LAPTOP,ASUS,TIDAK,0
2986,2505000079,NEW NB ASUS VIVOBOOK S14 S3407QA IPSP151M SNAPDRAGON X1 16GB 512GB 14″ 2.5K IPS WIN 11 HOME + OHM 2024 + M365 (MATTE GRAY),4711387973714,LAPTOP,ASUS,TIDAK,0
2987,2505000080,NEW NB ASUS VIVOBOOK S14 S3407QA IPSP152M SNAPDRAGON X1 16GB 512GB 14″ 2.5K IPS WIN 11 HOME + OHM 2024 + M365 (COOL SILVER),4711387973707,LAPTOP,ASUS,TIDAK,1
2988,2510000028,NEW NB ASUS VIVOBOOK S15 S5507QA OLEDSP11M SNAPDRAGON X1 PLUS 16GB 1TB 15.6″ 3K OLED WIN 11 HOME + OHS 2021 + M365 (COOL SILVER),,LAPTOP,ASUS,TIDAK,0
2989,2507000086,NEW NB ASUS VIVOBOOK GO 14 E1404GA FHD321 INTEL I3-N305 8GB 256GB 14″ FHD WIN 11 HOME + OHS 2021 (MIXED BLACK),,LAPTOP,ASUS,TIDAK,0
2990,2507000167,NEW NB ASUS VIVOBOOK GO 14 E1404GA FHD322M INTEL I3-N305 8GB 256GB 14″ FHD WIN 11 HOME + OHS 2021 + M365 (GREEN GREY),,LAPTOP,ASUS,TIDAK,0
2991,2506000313,NEW NB ASUS ZENBOOK 14 OLED TOUCH UX3405CA ULTRA 9 285H 32GB 1TB W11+OHS 14.0 3K 120HZ EVO SLV - OLEDS9312TM,,LAPTOP,ASUS,TIDAK,0
2992,2504000449,NEW NB ASUS ZENBOOK A14 UX3407QA IPSP151M SNAPDRAGON X X1 26 100 16GB 512GB 14″ WIN 11 HOME + OHS 2024 + M365 (ZABRISKIE BEIGE),4711387869307,LAPTOP,ASUS,TIDAK,0
2993,2503000595,NEW NB ASUS ZENBOOK A14 UX3407QA IPSP152M SNAPDRAGON X X1 26 100 16GB 512GB 14″ WIN 11 HOME + OHS 2024 + M365 (ICELAND GREY),4711387913338,LAPTOP,ASUS,TIDAK,0
2994,2507000079,"NEW NB AXIOO SLIMBOOK HYPE 10 INTEL CELERON N4020 8GB 256GB 14"" TN DOS (MIDNIGHT BLACK)",,LAPTOP,AXIOO,TIDAK,0
2995,2507000078,"NEW NB AXIOO SLIMBOOK HYPE 10 INTEL CELERON N4020 8GB 256GB 14"" TN DOS (TITANIUM BROWN)",,LAPTOP,AXIOO,TIDAK,0
2996,2506000010,"NEW NB AXIOO SLIMBOOK HYPE 10 INTEL CELERON N4020 8GB 256GB 14"" TN WIN 11 HOME (TITANIUM BROWN)",,LAPTOP,AXIOO,TIDAK,2
2997,2506000011,"NEW NB AXIOO SLIMBOOK HYPE 10 INTEL CELERON N4020 8GB 256GB 14"" TN WIN 11 HOME (MIDNIGHT BLACK)",,LAPTOP,AXIOO,TIDAK,1
2998,2506000012,"NEW NB AXIOO MYBOOK HYPE 5 X6 RYZEN 5-6600H 16GB 512GB 14"" FHD IPS WIN 11 HOME (GREY)",,LAPTOP,AXIOO,TIDAK,0
2999,2506000013,"NEW NB AXIOO MYBOOK HYPE 7 X7-2 RYZEN 7-5825 8GB 512GB 14"" FHD IPS WIN 11 HOME (GREY)",,LAPTOP,AXIOO,TIDAK,2
3000,2506000192,"NEW NB AXIOO MYBOOK HYPE 7 X8 RYZEN 7-6800H 16GB 512GB 14"" FHD IPS WIN 11 HOME (GREY)",,LAPTOP,AXIOO,TIDAK,0
3001,2506000248,"NEW NB AXIOO MYBOOK HYPE 1 (NBAX23SC04GNB1) BLUE : INTEL CELERON N4020,8GB,128GB SSD M.2,14"",WIN 11 HOME - BLUE",,LAPTOP,AXIOO,TIDAK,0
3002,2506000249,"NEW NB AXIOO MYBOOK HYPE 1 (NBAX23SC04GNR1) GREY : INTEL CELERON N4020,8GB,384GB SSD M.2,14"",WIN 11 HOME - GREY",,LAPTOP,AXIOO,TIDAK,0
3003,2506000014,"NEW NB AXIOO PONGO 725 INTEL I7-12650H 16GB 512GB RTX2050 4GB 15.6"" FHD IPS WIN 11 HOME (GREY)",,LAPTOP,AXIOO,TIDAK,0
3004,2507000155,"NEW NB AXIOO PONGO 735 INTEL I7-13620H 16GB 512GB RTX3050 6GB 15.6"" FHD IPS WIN 11 HOME (GREY)",2507000155,LAPTOP,AXIOO,TIDAK,3
3005,2506000015,"NEW NB AXIOO PONGO 750 INTEL I7-13620H 16GB 512GB RTX4050 6GB 15.6"" FHD IPS WIN 11 HOME (GREY)",2506000015,LAPTOP,AXIOO,TIDAK,4
3006,2507000156,NEW NB AXIOO PONGO 760 V2 INTEL I7-13620H 16GB 512GB RTX4060 8GB 15.6 FHD IPS WIN 11 HOME (GREY),,LAPTOP,AXIOO,TIDAK,1
3007,2503000590,NEW NB Acer Aspire Go 14 AG14-31P-34GM Core i3-N305 8GB 512GB SSD 14″ WUXGA Win 11 Home+OHS 2021+M365 Pure Silver,,LAPTOP,ACER,TIDAK,0
3008,2503000616,NEW NB ASUS VIVOBOOK GO 14 E1404GA FHD323M INTEL I3-N305 8GB 256GB 14″ FHD WIN 11 HOME + OHS 2021 + M365 (COOL SILVER),4711387723906,LAPTOP,ASUS,TIDAK,0
3009,2510000176,"NEW NB DELL LATITUDE 5340 INTEL CORE i5 1345U VPRO 8GB 512GB 13,3 FHD IPS W11 PRO",,LAPTOP,DELL,TIDAK,0
3010,2503000597,NEW NB HP 14 EM0167AU RYZEN 7-7730U 16GB 512GB 14″ FHD WIN 11 HOME + OHS 2021 (SILVER),198701070955,LAPTOP,HP,TIDAK,0
3011,2503000598,NEW NB HP 14 EM0168AU RYZEN 7-7730U 16GB 512GB 14″ FHD WIN 11 HOME + OHS 2021 (GOLD),198701070962,LAPTOP,HP,TIDAK,0
3012,2510000005,NEW NB HP 14 EM0320AU RYZEN 3-7320U 8GB 512GB 14″ FHD IPS WIN 11 HOME + OHM 2024 (SILVER),198990874838,LAPTOP,HP,TIDAK,3
3013,2510000006,NEW NB HP 14 EM0321AU RYZEN 3-7320U 8GB 512GB 14″ FHD IPS WIN 11 HOME + OHM 2024 (GOLD),198990874845,LAPTOP,HP,TIDAK,5
3014,2504000347,NEW NB HP 14 EM0333AU RYZEN 3 7320U 8GB 512GB 14″ FHD WIN 11 HOME + OHS 2021 (SILVER),,LAPTOP,HP,TIDAK,0
3015,2510000169,NEW NB HP 14 EM0530AU RYZEN 5-7530U 8GB 512GB 14″ FHD IPS WIN 11 HOME + OHM 2024 + M365,198990874852,LAPTOP,HP,TIDAK,1
3016,2510000170,NEW NB HP 14 EM0531AU RYZEN 5-7530U 8GB 512GB 14″ FHD IPS WIN 11 HOME + OHM 2024 + M365,198990874869,LAPTOP,HP,TIDAK,3
3017,2510000130,NEW NB HP 14 EP0260TU INTEL I3-1315U 8GB 512GB 14″ FHD WIN 11 HOME + OHS 2021 + M365 (SILVER),198990874876,LAPTOP,HP,TIDAK,3
3018,2508000085,NEW NB HP 14 EP0266TU INTEL I3-1315U 8GB 512GB 14″ FHD WIN 11 HOME + OHS 2021 (SILVER),,LAPTOP,HP,TIDAK,0
3019,2508000082,NEW NB HP 14 EP0555TU INTEL I3-1215U 8GB 512GB 14″ FHD WIN 11 HOME + OHS 2021 (SILVER),,LAPTOP,HP,TIDAK,0
3020,2508000083,NEW NB HP 14 EP0556TU INTEL I3-1215U 8GB 512GB 14″ FHD WIN 11 HOME + OHS 2021 (BLUE),,LAPTOP,HP,TIDAK,0
3021,2508000084,NEW NB HP 14 EP0557TU INTEL I3-1215U 8GB 512GB 14″ FHD WIN 11 HOME + OHS 2021 (GOLD),,LAPTOP,HP,TIDAK,0
3022,2509000067,NEW NB HP 14 EP0611TU INTEL I5-1334U 16GB 512GB 14″ FHD WIN 11 HOME + OHM 2024 + M365 (SILVER),,LAPTOP,HP,TIDAK,0
3023,2503000379,NEW NB HP 14S DQ5127TU INTEL I3-1215U 8GB 512GB 14″ FHD WIN 11 HOME + OHS 2021 (SILVER),,LAPTOP,HP,TIDAK,0
3024,2507000119,NEW NB HP 14 EM0018AU RYZEN 5-7530U 8GB 512GB 14″ FHD WIN 11 HOME + OHS 2021 (SILVER),197192650301,LAPTOP,HP,TIDAK,1
3025,2507000120,NEW NB HP 14 EM0019AU RYZEN 5-7530U 8GB 512GB 14″ FHD WIN 11 HOME + OHS 2021 (GOLD),197192650325,LAPTOP,HP,TIDAK,6
3026,2509000044,NEW NB HP 14 EP0261TU INTEL I3-1315U 8GB 512GB 14″ FHD WIN 11 HOME + OHS 2021 + M365 (GOLD),198990874890,LAPTOP,HP,TIDAK,3
3027,2507000192,NEW NB HP 14 EP0633TU INTEL I5-1334U 8GB 512GB 14″ FHD WIN 11 HOME + OH2024 + M365 (SILVER),,LAPTOP,HP,TIDAK,0
3028,2509000295,NEW NB HP 14S DQ3145TU N4500 8GB 512GB SSD 14″ FHD WIN 11 HOME+OHM 2024+M365,,LAPTOP,HP,TIDAK,0
3029,2509000294,NEW NB HP 14S DQ3146TU N4500 8GB 512GB SSD 14″ FHD WIN 11 HOME+OHM 2024+M365,,LAPTOP,HP,TIDAK,0
3030,2503000124,NEW NB HP 14S DQ3888TU INTEL CELERON N4500 8GB 512GB 14″ FHD WIN 11 HOME + OHS 2021 (SILVER),,LAPTOP,HP,TIDAK,0
3031,2507000194,NEW NB HP 14S DQ5155TU INTEL I7-1255U 8GB 512GB 14″ FHD IPS WIN 11 HOME + OHS 2021 (SILVER),198415402660,LAPTOP,HP,TIDAK,0
3032,2503000599,NEW NB HP 14S DQ5227TU INTEL I5-1235U 8GB 512GB 14″ FHD IPS WIN 11 HOME + OHS 2021 (SILVER),198828563866,LAPTOP,HP,TIDAK,0
3033,2504000051,NEW NB HP 14S DQ5568TU INTEL I3-1215U 8GB 512GB 14″ FHD WIN 11 HOME + OHS 2021 (SILVER),,LAPTOP,HP,TIDAK,0
3034,2503000655,NEW NB HP 14 EM0332AU RYZEN 3 7320U 8GB 512GB 14″ FHD WIN 11 HOME + OHS 2021 (GOLD),,LAPTOP,HP,TIDAK,0
3035,2503000596,NEW NB HP 14S DQ5154TU INTEL I7-1255U 16GB 512GB 14″ FHD IPS WIN 11 HOME + OHS 2021 (SILVER),,LAPTOP,HP,TIDAK,0
3036,2509000293,NEW NB HP 14 EP1733TU INTEL CORE 5 120U 8GB 512GB 14″ FHD WIN 11 HOME + OHM 2024 + M365 (SILVER),199485702353,LAPTOP,HP,TIDAK,1
3037,2507000064,NEW NB HP PAVILION X360 14 EK2051TU INTEL CORE 3 100U 8GB 512GB 14″ FHD IPS TOUCH WIN 11 HOME + OHS 2021 (BLUE),198415402974,LAPTOP,HP,TIDAK,3
3038,2505000127,NEW NB HP PAVILION X360 14 EK2111TU INTEL CORE 5 120U 16GB 512GB 14″ FHD IPS TOUCH WIN 11 HOME + OHS 2021 (SILVER),198122366255,LAPTOP,HP,TIDAK,0
3039,2507000061,NEW NB HP PAVILION X360 14 EK2123TU INTEL CORE 3 100U 8GB 512GB 14″ FHD IPS TOUCH WIN 11 HOME + OHS 2021 (SILVER),,LAPTOP,HP,TIDAK,2
3040,2503000600,NEW NB HP PAVILION X360 14 EK2666TU INTEL CORE 7 150U 16GB 512GB 14″ FHD IPS TOUCH WIN 11 HOME + OHS 2021 (ROSE GOLD),,LAPTOP,HP,TIDAK,0
3041,2505000272,NEW NB HP PAVILION X360 14 EK2777TU INTEL CORE 7 150U 16GB 512GB 14″ FHD IPS TOUCH WIN 11 HOME + OHS 2021 (SILVER),,LAPTOP,HP,TIDAK,0
3042,2507000063,NEW NB HP PAVILION X360 14 EK2333TU INTEL CORE 5 120U 16GB 512GB 14″ FHD IPS TOUCH WIN 11 HOME + OHS 2021 (SPACE BLUE),,LAPTOP,HP,TIDAK,1
3043,2507000062,NEW NB HP PAVILION X360 14 EK2555TU INTEL CORE 7 150U 16GB 512GB 14″ FHD IPS TOUCH WIN 11 HOME + OHS 2021 (SPACE BLUE),,LAPTOP,HP,TIDAK,0
3044,2505000034,"NEW NB HP VICTUS 15 FB2555AX RYZEN 7-8845HS 8GB 512GB RTX4050 15.6"" FHD WIN 11 HOME + OHS 2021 (MICA SILVER)",,LAPTOP,HP,TIDAK,0
3045,2507000052,NEW NB HP VICTUS 15 FB2777AX BLG RYZEN 5 8645HS 8GB 512GB RTX 3050 15.6″ FHD 144Hz W11+OHS 2021,,LAPTOP,HP,TIDAK,0
3046,2509000037,NEW NB HP VICTUS 15 FB3704AX RYZEN 5-8645HS 16GB 512GB RTX3050 6GB 15.6″ FHD IPS WIN 11 HOME + OHM 2024 + M365 (MICA SILVER),198990945354,LAPTOP,HP,TIDAK,0
3047,2510000252,NEW NB HP VICTUS 15 FB3777AX RYZEN 9-8945HS 16GB 1TB RTX4060 8GB 15.6″ FHD WIN 11 HOME + OHS 2021 (MICA SILVER),198990243702,LAPTOP,HP,TIDAK,1
3048,2508000151,NEW NB HP VICTUS 15 FB3778AX RYZEN 9-8945HS 16GB 1TB RTX4060 8GB 15.6″ FHD WIN 11 HOME + OHS 2021 (PERFORMANCE BLUE),198990243719,LAPTOP,HP,TIDAK,0
3049,2503000075,"NEW NB HP VICTUS 15 FA1788TX INTEL I5-13420H 8GB 512GB RTX3050 6GB 15.6"" FHD WIN 11 + OHS 2021 (MICA SILVER)2",,LAPTOP,HP,TIDAK,0
3050,2507000059,NEW NB HP VICTUS 15 FA2715TX INTEL I5-13420H 16GB 512GB RTX2050 4GB 15.6″ FHD WIN 11 HOME + OHM 2024 (MICA SILVER),,LAPTOP,HP,TIDAK,0
3051,2508000165,NEW NB HP VICTUS 15 FA2716TX INTEL I5-13420H 16GB 512GB RTX3050 4GB 15.6″ FHD IPS WIN 11 HOME + OHM 2024 + M365 (MICA SILVER),198990358918,LAPTOP,HP,TIDAK,3
3052,2508000163,NEW NB HP VICTUS 15 FA2717TX INTEL I5-13420H 16GB 512GB RTX4050 6GB 15.6″ FHD IPS WIN 11 HOME + OHM 2024 + M365 (MICA SILVER),198990358901,LAPTOP,HP,TIDAK,0
3053,2508000164,NEW NB HP VICTUS 15 FA2883TX INTEL I7-13620H 16GB 512GB RTX4050 6GB 15.6″ FHD IPS WIN 11 HOME + OHM 2024 + M365 (MICA SILVER),198990317151,LAPTOP,HP,TIDAK,0
3054,2508000152,NEW NB HP VICTUS 16 R1218TX INTEL I7-14650HX 16GB 1TB RTX4070 8GB 16.1″ FHD WIN 11 HOME + OHS 2021 (MICA SILVER),198415380159,LAPTOP,HP,TIDAK,0
3055,2507000060,NEW NB HP VICTUS 16 R0555TX INTEL I5-13500HX 16GB 512GB RTX4060 8GB 16.1″ FHD WIN 11 HOME + OHS 2021 (MICA SILVER),,LAPTOP,HP,TIDAK,0
3056,2503000617,NEW NB HP VICTUS 16 R0777TX INTEL I7-13700HX 16GB 1TB RTX4060 8GB 16.1″ FHD WIN 11 HOME + OHS 2021 (MICA SILVER),,LAPTOP,HP,TIDAK,0
3057,2503000618,NEW NB HP VICTUS 16 R0888TX INTEL I7-13700HX 16GB 1TB RTX4060 8GB 16.1″ FHD WIN 11 HOME + OHS 2021 (MICA SILVER),198701003335,LAPTOP,HP,TIDAK,0
3058,2505000036,NEW NB HP 14S DQ3133TU INTEL CELERON N4500 4GB 512GB 14″ FHD WIN 11 HOME + OHS 2021 + M365 (SILVER),,LAPTOP,HP,TIDAK,0
3059,2505000037,NEW NB HP 14S DQ3134TU INTEL CELERON N4500 4GB 512GB 14″ FHD WIN 11 HOME + OHS 2021 + M365 (GOLD),,LAPTOP,HP,TIDAK,0
3060,2503000082,"NEW NB LENOVO YOGA 2IN1 14AHP9 83DK000UID RYZEN 5-8640HS 16GB 512GB 14"" OLED WIN 11 HOME + OHS 2021 (ARTIC GREY)",,LAPTOP,LENOVO,TIDAK,0
3061,2503000083,"NEW NB LENOVO YOGA 2IN1 14AHP9 83DK000TID RYZEN 7-8840HS 16GB 1TB 14"" OLED WIN 11 HOME + OHS 2021 (ARTIC GREY)",,LAPTOP,LENOVO,TIDAK,0
3062,2503000071,NEW NB LENOVO IDEAPAD SLIM 3 14IAU7 82RJ00FNID INTEL I3-1215U 8GB 512GB 14″ FHD WIN 11 HOME + OHS 2021 (ARTIC GREY),198154444587,LAPTOP,LENOVO,TIDAK,0
3063,2510000002,NEW NB LENOVO IDEAPAD 3 SLIM 3 14IRU8 82X6005LID INTEL I3-1315U 8GB 256GB 14″ FHD W11 HOME + OHM 2024 + M365 (ABYSS BLUE)),,LAPTOP,LENOVO,TIDAK,2
3064,2510000001,NEW NB LENOVO IDEAPAD SLIM 3 14IRU8 82X6005NID INTEL I3-1315U 8GB 256GB 14″ WIN 11 HOME + OHM 2024 + M365 (ARTIC GREY),,LAPTOP,LENOVO,TIDAK,0
3065,2507000014,NEW NB LENOVO IDEAPAD 5 2IN1 14IRH9 83KX000YID INTEL I5-13420H 16GB 512GB 14″ IPS TOUCH WIN 11 HOME + OHS 2021 (COSMIC BLUE),,LAPTOP,LENOVO,TIDAK,0
3066,2510000003,NEW NB LENOVO IDEAPAD 5 2IN1 14IRH9 83KX0010ID INTEL I5-13420H 16GB 512GB 14″ IPS TOUCH WIN 11 HOME + OHS 2021 (LUNA GREY),198153984565,LAPTOP,LENOVO,TIDAK,0
3067,2507000152,NEW NB LENOVO IDEAPAD 5 2IN1 14IRH9 83KX0011ID INTEL I7-13620H 16GB 512GB 14″ OLED TOUCH WIN 11 HOME + OHS 2021 (COSMIC BLUE),198153984596,LAPTOP,LENOVO,TIDAK,1
3068,2507000154,NEW NB LENOVO IDEAPAD 5 2IN1 14IRH9 83KX0012ID INTEL I7-13620H 16GB 512GB 14″ OLED TOUCH WIN 11 HOME + OHS 2021 (LUNA GREY),198153984572,LAPTOP,LENOVO,TIDAK,0
3069,2505000248,NEW NB LENOVO IDEAPAD 5 2-in-1 14IRU9-83DT007NID/CORE 7 150U/16GB/512GB SSD/14″ WUXGA OLED TOUCH/WIN 11 HOME+OHS 2021,,LAPTOP,LENOVO,TIDAK,0
3070,2509000038,NEW NB LENOVO IDEAPAD DUET 5 12IRU8 83B3004NID INTEL I7-1355U 16GB 512GB 12.4″ 2.5K TOUCH WIN 11 HOME + OHS 2021 (STORM GREY),197532848306,LAPTOP,LENOVO,TIDAK,0
3071,2510000004,NEW NB LENOVO IDEAPAD DUET 5 12IRU8 83B3004MID INTEL I5-1335U 16GB 512GB 12.4″ IPS 2.5K TOUCH WIN 11 HOME + OHS 2021 (STORM GREY),197532848290,LAPTOP,LENOVO,TIDAK,0
3072,2507000050,NEW NB LENOVO IDEAPAD FLEX 5 14ABR8 82XX00EJID RYZEN 7-5825U 16GB 512GB 14″ IPS TOUCH WIN11 HOME + OHM 2024 (ABYSS BLUE),,LAPTOP,LENOVO,TIDAK,0
3073,2508000281,NEW NB LENOVO IDEAPAD FLEX 5 14ABR8 82XX00HTID RYZEN 5-5625U 8GB 512GB 14″ IPS TOUCH WIN 11 HOME + OHM 2024 + M365 (ABYSS BLUE),198158795210,LAPTOP,LENOVO,TIDAK,1
3074,2508000283,NEW NB LENOVO IDEAPAD FLEX 5 14ABR8 82XX00HUID RYZEN 5-5625U 8GB 512GB 14″ IPS TOUCH WIN 11 HOME + OHM 2024 + M365 (ARTIC GREY),,LAPTOP,LENOVO,TIDAK,0
3075,2508000284,"NEW NB LENOVO IDEAPAD FLEX 5 14ABR8 82XX00HWID RYZEN 7-5825U 16GB 512GB 14"" IPS TOUCH WIN 11 HOME + OHM 2024 + M365 (ARTIC GREY)",,LAPTOP,LENOVO,TIDAK,0
3076,2508000282,"NEW NB LENOVO IDEAPAD FLEX 5 14ABR8 82XX00HYID RYZEN 7-5825U 16GB 512GB 14"" IPS TOUCH WIN 11 HOME + OHM 2024 + M365 (ABYSS BLUE)",198158795265,LAPTOP,LENOVO,TIDAK,0
3077,2507000049,NEW NB LENOVO IDEAPAD FLEX 5 14ALC7 82R900HNID RYZEN 5-5500U 8GB 512GB 14″ IPS TOUCH WIN 11 HOME + OHS 2021 (STORM GREY),,LAPTOP,LENOVO,TIDAK,0
3078,2508000288,NEW NB LENOVO IDEAPAD FLEX 5 82XX00HVID RYZEN 5-5625U 16GB 512GB SSD 14″WUXGA TOUCH WIN 11 HOME + OHM 2024 + M365,,LAPTOP,LENOVO,TIDAK,0
3079,2504000302,NEW NB LENOVO IDEAPAD SLIM 1 14IGL7 82V6009PID N4020 8GB 256GB 14″ HD TN WIN 11 HOME + OHS 2021 (CLOUD GREY),,LAPTOP,LENOVO,TIDAK,0
3080,2507000118,NEW NB LENOVO IDEAPAD SLIM 1 14IJL7 82LV006BID INTEL CELERON N4500 8GB 512GB 14″ HD WIN 11 HOME + OHS 2021 (CLOUD GREY),198154033279,LAPTOP,LENOVO,TIDAK,0
3081,2511000063,"NEW NB LENOVO IDEAPAD SLIM 1 14IJL7 82LV007XID INTEL CELERON N4500 8GB 512GB 14"" WIN 11 HOME + OHS 2021",,LAPTOP,LENOVO,TIDAK,0
3082,2509000258,NEW NB LENOVO IDEAPAD SLIM 1 14IJL7-82LV007DID N4500 8GB 256GB 14″ HD TN WIN 11 HOME + OHS 2024,,LAPTOP,LENOVO,TIDAK,0
3083,2503000070,NEW NB LENOVO IDEAPAD SLIM 3 14IAU7 82RJ00FMID INTEL I3-1215U 8GB 512GB 14″ FHD WIN 11 HOME + OHS 2021 (ABYSS BLUE),,LAPTOP,LENOVO,TIDAK,0
3084,2503000068,NEW NB LENOVO IDEAPAD SLIM 3 14IAU7 82RJ00FPID INTEL I3-1215U 8GB 512GB 14″ FHD WIN 11 HOME + OHS 2021 (MISTY BLUE),,LAPTOP,LENOVO,TIDAK,0
3085,2506000247,NEW NB LENOVO IDEAPAD SLIM 3 14ABR8 82XL0005ID RYZEN 5-7530U 8GB 512GB 14″ FHD IPS WIN 11 HOME + OHS 2021 (ARTIC GREY),,LAPTOP,LENOVO,TIDAK,0
3086,2507000117,NEW NB LENOVO IDEAPAD SLIM 3 14ABR8 82XL007CID Ryzen 5-7530U 8GB 512GB 14″ FHD IPS Win 11 Home+OHS,,LAPTOP,LENOVO,TIDAK,0
3087,2506000244,NEW NB LENOVO IDEAPAD SLIM 3 14AMN8 82XN006RID RYZEN 3-7320U 8GB 512GB 14″ FHD TN WIN 11 HOME + OHS 2021 (ABYSS BLUE),,LAPTOP,LENOVO,TIDAK,0
3088,2503000577,NEW NB LENOVO IDEAPAD SLIM 3 14IAH8 83EQ0077ID INTEL I5-12450H 16GB 512GB 14″ FHD IPS WIN 11 HOME + OHS 2021 (ARTIC GREY),,LAPTOP,LENOVO,TIDAK,0
3089,2503000576,NEW NB LENOVO IDEAPAD SLIM 3 14IAH8 83EQ0078ID INTEL I5-12450H 16GB 512GB 14″ FHD IPS WIN 11 HOME + OHS 2021 (ABYSS BLUE),,LAPTOP,LENOVO,TIDAK,0
3090,2506000339,NEW NB LENOVO IDEAPAD SLIM 3 14IAH8-83EQ006GID CORE I5-12450H 16GB 512GB SSD 14″ FHD IPS WIN 11 HOME+OHS 2021,,LAPTOP,LENOVO,TIDAK,0
3091,2510000206,"NEW NB LENOVO IDEAPAD SLIM 3 14IAN8 82XA0062ID N100 8GB 512GB 14"" FHD W11 OHS 2024",,LAPTOP,LENOVO,TIDAK,0
3092,2508000058,NEW NB LENOVO IDEAPAD SLIM 3 14IAU7 82RJ00D0ID I3-1215U 8GB 512GB 14″ FHD Win 11 Home+OHS 2021,,LAPTOP,LENOVO,TIDAK,0
3093,2509000279,NEW NB LENOVO IDEAPAD SLIM 3 14IRH10 83K0007DID INTEL I5-13420H 8GB 512GB 14″ IPS WIN 11 HOME + OHM 2024 + M365 (COSMIC BLUE),,LAPTOP,LENOVO,TIDAK,1
3094,2509000268,NEW NB LENOVO IDEAPAD SLIM 3 14IRH10 83K0007EID INTEL I5-13420H 8GB 512GB 14″ IPS WIN 11 HOME + OHM 2024 + M365 (LUNA GREY),,LAPTOP,LENOVO,TIDAK,0
3095,2506000324,NEW NB LENOVO IDEAPAD SLIM 3 14IRH10 83K0007FID INTEL I7-13620H 16GB 512GB 14″ WIN 11 HOME + OHM 2024 + M365 (COSMIC BLUE),198158298520,LAPTOP,LENOVO,TIDAK,0
3096,2503000397,NEW NB LENOVO IDEAPAD SLIM 3 14IRH8 - 83EL0059ID CORE I7-13620H 16GB 512GB SSD 14″ FHD IPS WIN 11 HOME+OHS 2021,,LAPTOP,LENOVO,TIDAK,0
3097,2505000130,NEW NB LENOVO IDEAPAD SLIM 3 14IRH8 83EL002BID INTEL I7-13620H 16GB 512GB 14″ FHD IPS WIN 11 HOME + OHS 2021 (ARTIC GREY),,LAPTOP,LENOVO,TIDAK,0
3098,2509000068,NEW NB LENOVO IDEAPAD SLIM 3 14IRU8 82X6005MID INTEL I3-1315U 8GB 512GB 14″ FHD WIN 11 HOME + OHM 2024 + M365 (ABYSS BLUE),198158298483,LAPTOP,LENOVO,TIDAK,6
3099,2509000003,NEW NB LENOVO IDEAPAD SLIM 3 14IRU8 82X6005PID INTEL I3-1315U 8GB 512GB 14″FHD WIN 11 HOME + OHM 2024 + M365 (ARTIC GREY),198158298490,LAPTOP,LENOVO,TIDAK,0
3100,2511000105,NEW NB LENOVO IDEAPAD SLIM 3 14IRU8 82X6006FID INTEL I3-1315U 8GB 512GB 14″ FHD WIN 11 HOME + OHM 2024 + M365 (ARTIC GREY),,LAPTOP,LENOVO,TIDAK,3
3101,2507000012,LENOVO IDEAPAD SLIM 3 82XL008XID RYZEN 7-5825U 16GB 512GB 14″ FHD IPS W11 HOME + OHS 2024 + M365 (ABYSS BLUE),,LAPTOP,LENOVO,TIDAK,0
3102,2510000112,NEW NB LENOVO IDEAPAD SLIM 3 14ABR8 82XL008YID RYZEN 5-5625U 16GB 512GB 14″ FHD IPS WIN 11 HOME + OHS 2024 + M365 (ABYSS BLUE),198158298438,LAPTOP,LENOVO,TIDAK,0
3103,2510000113,NEW NB LENOVO IDEAPAD SLIM 3 14ABR8 82XL0090ID RYZEN 5-5625U 16GB 512GB 14″ FHD IPS WIN 11 HOME + OHS 2024 + M365 (ARTIC GREY),,LAPTOP,LENOVO,TIDAK,0
3104,2507000013,NEW NB LENOVO IDEAPAD SLIM 3 82XL0091ID RYZEN 7-5825U 16GB 512GB 14″ FHD IPS W11 HOME + OHS 2024 + M365 (ARTIC GREY),,LAPTOP,LENOVO,TIDAK,0
3105,2507000010,NEW NB LENOVO IDEAPAD SLIM 3 82XN008HID RYZEN 3-7320U 8GB 512GB 14″ FHD IPS WIN 11 HOME + OHS 2024 + M365 (ARTIC GREY),198157549104,LAPTOP,LENOVO,TIDAK,1
3106,2507000011,NEW NB LENOVO IDEAPAD SLIM 3 82XN008JID RYZEN 3-7320U 8GB 512GB 14″ FHD IPS WIN 11 HOME + OHS 2024 + M365 (ABYSS BLUE),198157549111,LAPTOP,LENOVO,TIDAK,0
3107,2510000115,NEW NB LENOVO IDEAPAD SLIM 3 14IRH10 83K0003NID INTEL I5-13420H 8GB 512GB 14″ WIN 11 HOME + OHM 2024 (COSMIC BLUE),198156585936,LAPTOP,LENOVO,TIDAK,0
3108,2510000114,NEW NB LENOVO IDEAPAD SLIM 3 14IRH10 83K0003PID INTEL I5-13420H 8GB 512GB 14″ WIN 11 HOME + OHM 2024 (LUNA GREY),198156585943,LAPTOP,LENOVO,TIDAK,4
3109,2508000181,NEW NB LENOVO IDEAPAD SLIM 5 2IN1 14IRH9 83KX006BID INTEL I5-13420H 16GB 512GB 14″ TOUCH WIN 11 HOME + OHM 2024 + M365 (LUNA GREY),198158298667,LAPTOP,LENOVO,TIDAK,0
3110,2507000016,NEW NB LENOVO IDEAPAD SLIM 5 2IN1 14IRH9 83KX006DID INTEL I5-13420H 16GB 512GB 14″ TOUCH WIN 11 HOME + OHM 2024 + M365 (COSMIC BLUE),198158298605,LAPTOP,LENOVO,TIDAK,0
3111,2503000157,NEW NB LENOVO IPS 3 14 I3 1215 8GB 256GB W11+OHS 14'' FHD PREM ABBYS BLUE GCID,,LAPTOP,LENOVO,YA,0
3112,2505000262,NEW NB LENEW NB LENOVO IDEAPAD SLIM 3 14IAU7 82RJ00G7ID INTEL I3-1215U 8GB 512GB 14″ FHD TN WIN 11 HOME + OHS 2021 (ARTIC GREY)NOVO IPS 3 14 I3 1215 8GB 512GB W11+OHS 14.0 FHD BLIT 2Y PREM GREY - G7ID,,LAPTOP,LENOVO,TIDAK,0
3113,2503000274,NEW NB LENOVO IPS 3 14 I5 12450H 16GB 512GB W11+OHS 14'' BLIT 2Y PREM BLUE,,LAPTOP,LENOVO,TIDAK,0
3114,2504000310,NEW NB LENOVO IPS 3 14IAU7-82RJ00CYID I3-1215U 8GB 512GB 14″ FHD/WIN 11 HOME+OHS - ARTIC GREY,,LAPTOP,LENOVO,TIDAK,0
3115,2503000666,NEW NB LENOVO IDEAPAD SLIM 3 14IAU7 82RJ00G8ID INTEL I3-1215U 8GB 512GB 14″ FHD TN WIN 11 HOME + OHS 2021 (ABYSS BLUE),,LAPTOP,LENOVO,TIDAK,0
3116,2503000375,NEW NB LENOVO IDEAPAD SLIM 3 14IAU7 82RJ00G9ID INTEL I3-1215U 8GB 512GB 14″ FHD TN WIN 11 HOME + OHS 2021 (MYSTY BLUE),198155382482,LAPTOP,LENOVO,TIDAK,0
3117,2506000326,NEW NB LENOVO IDEAPAD SLIM 3 14IAU7 82RJ00GAID INTEL I3-1215U 8GB 256GB 14″ FHD TN WIN 11 HOME + OHS 2021 (ARTIC GREY),198155382505,LAPTOP,LENOVO,TIDAK,0
3118,2506000325,NEW NB LENOVO IPS3 14IRH10 83K0007GID Intel Core i7-13620H/16GB/512GB SSD/14″WUXGA/Win 11 HOME + OHM 2024 + M365 LUNA GREY,198158298537,LAPTOP,LENOVO,TIDAK,0
3119,2503000303,NEW NB LENOVO IPS3-141AH8 83EQ006HID I5 12450H 16GB 512GB W11 ARTIC GREY,,LAPTOP,LENOVO,YA,0
3120,2503000272,"NEW NB LENOVO IDEAPAD SLIM 3 14IAH8 83EQ006HID INTEL I5-12450H 16GB 512GB 14"" FHD WIN 11 HOME + OHS 2021 (ARTIC GREY)",,LAPTOP,LENOVO,TIDAK,0
3121,2503000654,NEW NB LENOVO LEGION 5 -15IRX9 I7-13650HX 24GB 512GB RTX4060 W11+OHS2021 GRY 83JJ000BID,,LAPTOP,LENOVO,TIDAK,0
3122,2507000124,NEW NB LENOVO LEGION 5 15IRX10 83LY0043ID INTEL I7-14700HX 24GB 512GB RTX5060 8GB 15.1″ IPS WIN 11 HOME + OHM 2024 + M365 (ELIPSE BLACK),198158399401,LAPTOP,LENOVO,TIDAK,1
3123,2509000281,NEW NB LENOVO LEGION 5 15IRX10 83LY004RID INTEL I7-14700HX 24GB 512GB RTX5050 8GB 15.1″ OLED WIN 11 HOME + OHM 2024 + M365 (ELIPSE BLACK),198158523363,LAPTOP,LENOVO,TIDAK,0
3124,2508000290,NEW NB LENOVO LEGION 5 15IRX10 83LY00E9ID INTEL I7-13650HX 16GB 512GB RTX5050 8GB 15.3″ IPS WIN 11 HOME + OHS 2024 + M365B (ELIPSE BLACK),0199271812204,LAPTOP,LENOVO,TIDAK,4
3125,2506000137,NEW NB LENOVO LEGION 5 15IRX9 I7 13650HX RTX4060 8GB 24GB 512GB W11+OHS+M365 15.6FHD 144HZ 100SRGB 83JJ0016ID,,LAPTOP,LENOVO,TIDAK,0
3126,2503000592,NEW NB LENOVO LEGION 5-16IRX9-83DG00BWID I7-14650HX 16GB 512GB RTX4050 W11+OHS 2021 LUNA GREY + MOUSE M300S RGB,,LAPTOP,LENOVO,TIDAK,0
3127,2504000193,NEW NB LENOVO LEGION 7 16IRX9-83FD0007ID CORE I7-14700HX 16GB 1TB SSD RTX4060 8GB 16″ 3.2K 165HZ WIN 11 HOME+OHS 2021,,LAPTOP,LENOVO,TIDAK,0
3128,2507000126,NEW NB LENOVO LEGION PRO 5 16IAX10 83F30035ID INTEL ULTRA 7 255HX 16GB 1TB RTX5060 8GB 16″ OLED WIN 11 HOME + OHM 2024 + M365 (EPLISE BLACK),198158559898,LAPTOP,LENOVO,TIDAK,1
3129,2507000125,NEW NB LENOVO LEGION PRO 5 16IAX10 83F30039ID INTEL ULTRA 7 255HX 32GB 1TB RTX5070 8GB 16″ OLED WIN 11 HOME + OHM 2024 + M365 (ELIPSE BLACK),198158590365,LAPTOP,LENOVO,TIDAK,0
3130,2507000077,NEW NB LENOVO LEGION PRO 7 16IAX10H 83F5008YID / INTEL CORE ULTRA 9-275HX / 32GB / 1TB SSD / RTX5080 16GB / 16″ WQXGA 240HZ / WIN 11 HOME + OHM 2024 + M365 / ECLIPSE BLACK,,LAPTOP,LENOVO,TIDAK,0
3131,2504000041,NEW NB LENOVO LEGION PRO5 16IRX9 14650HX I7 RTX4060 8GB GDDR6 16GB 1TB W11 GREY 83DF003LID,,LAPTOP,LENOVO,TIDAK,0
3132,2503000255,NEW NB LENOVO LOQ 15IRX9 83DV00AHID INTEL I7-13650HX 12GB 512GB RTX4050 6GB 15.6″ FHD WIN 11 HOME + OHS 2021 (LUNA GREY),,LAPTOP,LENOVO,TIDAK,0
3133,2510000127,NEW NB LENOVO LOQ 15AHP10 83JG0073ID RYZEN 5 220 16GB 512GB RTX5050 8GB 15.6″ FHD WIN 11 HOME + OHS 2021 + M365 (LUNA GREY),199271573433,LAPTOP,LENOVO,TIDAK,0
3134,2510000126,NEW NB LENOVO LOQ 15AHP10 83JG0074ID RYZEN 7 250 16GB 512GB RTX5050 8GB 15.6″ FHD 144Hz WIN 11 HOME + OHS 2021,199271573440,LAPTOP,LENOVO,TIDAK,0
3135,2506000047,NEW NB LENOVO LOQ 15AHP9 83DX0037ID RYZEN 5-8645HS 8GB 512GB RTX4050 6GB 15.6″ FHD WIN 11 HOME + OHS 2021 (LUNA GREY),197531483607,LAPTOP,LENOVO,TIDAK,1
3136,2510000171,"NEW NB LENOVO LOQ 15AHP9 83DX0038ID RYZEN 7-8845HS 8GB 512GB RTX4050 6GB 15.6"" FHD WIN 11 HOME + OHS 2021 (LUNA GREY)",197531483614,LAPTOP,LENOVO,TIDAK,0
3137,2505000211,NEW NB LENOVO LOQ 15ARP9 83JC00J3ID RYZEN 7-7435HS 12GB 512GB RTX4060 8GB 15.6″ FHD WIN 11 HOME + OHM 2024 + M365B (LUNA GREY),,LAPTOP,LENOVO,TIDAK,0
3138,2507000238,NEW NB LENOVO LOQ 15ARP9 83JC00J5ID RYZEN 7-7435HS 12GB 512GB RTX4050 8GB 15.6″ FHD WIN 11 HOME + OHS 2024 + M365B (LUNA GREY),,LAPTOP,LENOVO,TIDAK,0
3139,2503000604,NEW NB LENOVO LOQ 15ARP9 83JC001YID RYZEN 7-7435HS 12GB 512GB RTX4060 8GB 15.6″ FHD WIN 11 HOME + OHS 2021 (LUNA GREY),,LAPTOP,LENOVO,TIDAK,0
3140,2503000373,NEW NB LENOVO LOQ 15IAX9 I5-12450HX RTX2050 4GB/ 12GB 512GB W11+OHS 15.6FHD 144HZ 100SRGB BLIT 2Y+ADP GRY,,LAPTOP,LENOVO,TIDAK,0
3141,2503000190,NEW NB LENOVO LOQ 15IAX9 83GS001HID INTEL I5-12450HX 12GB 512GB RTX2050 4GB 15.6″ FHD WIN 11 HOME + OHS 2021 (LUNA GREY),,LAPTOP,LENOVO,TIDAK,0
3142,2503000386,NEW NB LENOVO LOQ 15IAX9 83GS001JID INTEL I5-12450HX 12GB 512GB RTX3050 6GB 15.6″ FHD WIN 11 HOME + OHS 2021 (LUNA GREY),,LAPTOP,LENOVO,TIDAK,0
3143,2504000434,NEW NB LENOVO LOQ ESSENTIAL 15IAX9E 83LK002QID INTEL I5-12450HX 12GB 512GB RTX2050 4GB 15.6″ FHD WIN 11 HOME + OHS 2021 (LUNA GREY),,LAPTOP,LENOVO,TIDAK,0
3144,2508000087,NEW NB LENOVO LOQ 15IRX10 83JE00KAID INTEL I7-13700HX 12GB 512GB RTX5050 8GB 15.6″FHD WIN 11 HOME + OHM 2024 + M365 (LUNA GREY),199271704561,LAPTOP,LENOVO,TIDAK,0
3145,2504000046,"NEW NB LENOVO LOQ 15IRX9 83DV00AGID INTEL I7-13650HX 12GB 512GB RTX4060 8GB 15.6"" FHD WIN 11 HOME + OHS 2021 (LUNA GREY)",,LAPTOP,LENOVO,TIDAK,0
3146,2506000246,NEW NB LENOVO LOQ 15IRX9 83DV016NID INTEL I5-13450HX 12GB 512GB RTX3050 6GB 15.6″ FHD WIN 11 HOME + OHS 2024 + M365B (LUNA GREY),198158337489,LAPTOP,LENOVO,TIDAK,0
3147,2508000086,NEW NB LENOVO LOQ 15IRX9 83DV016PID INTEL I7-13650HX 12GB 512GB RTX4050 6GB 15.6″ FHD WIN 11 HOME + OHS 2024 + M365 (LUNA GREY),198158337496,LAPTOP,LENOVO,TIDAK,0
3148,2509000243,NEW NB LENOVO LOQ 15IRX9 83DV01ASID INTEL I5-13450HX 16GB 512GB RTX3050 6GB 15.6″ FHD WIN 11 HOME + OHM 2024 + M365 (LUNA GREY),199272287964,LAPTOP,LENOVO,TIDAK,2
3149,2510000172,NEW NB LENOVO LOQ 15IRX9 83DV01BFID INTEL I7-13650HX 16GB 512GB RTX4060 8GB 15.6″ FHD IPS WIN 11 HOME + OHM 2024 + M365 (LUNA GREY),199272549758,LAPTOP,LENOVO,TIDAK,0
3150,2503000593,NEW NB LENOVO LOQ 15IRX9 83DV00A8ID INTEL I5-13450HX 12GB 512GB RTX3050 6GB 15.6″ FHD WIN 11 HOME + OHS 2021 (LUNA GREY),,LAPTOP,LENOVO,TIDAK,0
3151,2507000009,NEW NB LENOVO LOQ 15IRX9 83DV016UID INTEL I7-13650HX 12GB 512GB RTX4060 8GB 15.6″ FHD WIN 11 HOME + OHM 2024 + M365 (LUNA GREY),,LAPTOP,LENOVO,TIDAK,0
3152,2507000131,NEW NB LENOVO LOQ ESSENTIAL 15IAX9E 83LK00B7ID INTEL I5-12450HX 12GB 512GB RTX3050 6GB 15.6″ FHD WIN 11 HOME + OHS 2021 + M365 (LUNA GREY),198158337472,LAPTOP,LENOVO,TIDAK,0
3153,2503000156,NEW NB LENOVO V14 G3 I3 1215 4GB 256GB W11 14.0 FHD GREY MEID,,LAPTOP,LENOVO,TIDAK,0
3154,2510000077,NEW NB LENOVO V14 G4 ABP 82YX005BID RYZEN 5-7430U 8GB 512GB 14″ FHD IPS WIN 11 HOME + OHS 2024 (IRON GREY),199272750925,LAPTOP,LENOVO,TIDAK,14
3155,2503000006,NEW NB LENOVO V14 G4-IRU I5-13420H 83A000CHID 512GB DDR4 8GB IRON GREY,,LAPTOP,LENOVO,TIDAK,0
3156,2507000273,NEW NB LENOVO YOGA 7 2IN1 14AHP9 83DK00ALID RYZEN 7-8840HS 16GB 1TB 14″ OLED WIN 11 HOME + OHS + M365 (ARTIC GREY),,LAPTOP,LENOVO,TIDAK,0
3157,2507000276,NEW NB LENOVO YOGA 7 2IN1 14AKP10 83JR003CID RYZEN AI 7 350 32GB 1TB 14″ OLED 2.8K WIN 11 HOME + OHS 2024 (TIDAL TEAL),198156960504,LAPTOP,LENOVO,TIDAK,0
3158,2507000277,NEW NB LENOVO YOGA 7 2IN1 14ILL10 83JQ007CID INTEL ULTRA 7 258V 32GB 1TB 14″ OLED 2.8K WIN 11 HOME + OHS 2024 + M365 (SEASHELL),,LAPTOP,LENOVO,TIDAK,0
3159,2507000278,"NEW NB LENOVO YOGA 7 2IN1 14IML9 83DJ00FEID INTEL ULTRA 7 155H 16GB 1TB 14"" OLED 2.8K WIN 11 HOME + OHS 2024 (TIDAL TEAL)",198157067646,LAPTOP,LENOVO,TIDAK,0
3160,2507000275,"NEW NB LENOVO YOGA 7 2IN1 14IML9 83DJ00GHID INTEL ULTRA 5 125H 16GB 512GB 14"" OLED WIN 11 HOME + OHS + M365 (TIDAL TEAL)",198157785380,LAPTOP,LENOVO,TIDAK,0
3161,2503000076,"NEW NB LENOVO YOGA PRO 7 14ASP9 83HN000NID RYZEN AI 9 365 32GB 1TB 14"" OLED WIN 11 HOME + OHS 2021 (LUNA GREY)",,LAPTOP,LENOVO,TIDAK,0
3162,2507000146,NEW NB LENOVO YOGA PRO 7 14IAH10 83KF0027ID AURA EDITION 14 TOUCH ULTRA 9 285H 32GB 1TB W11+OHS+M365B 14.5 3K OLED 120HZ 3Y PREM+3ADP,,LAPTOP,LENOVO,TIDAK,0
3163,2507000071,NEW NB LENOVO YOGA SLIM 7 14ILL10 83JX000TID INTEL ULTRA 7 258V 32GB 1TB 14″ OLED 2.8K TOUCH WIN 11 HOME + OHM 2024 (LUNA GREY),,LAPTOP,LENOVO,TIDAK,0
3164,2503000084,"NEW NB LENOVO YOGA SLIM 7 14IMH9 83CV0004ID INTEL ULTRA 7 155H 16GB 1TB 14"" OLED WIN 11 HOME + OHS 2021 (LUNA GREY)",197532907997,LAPTOP,LENOVO,TIDAK,0
3165,2510000246,MSI CYBORG 15 A13VFK (9S7-15K111-1434) INTEL I7-13620H 16GB 1TB RTX4060 8GB 15.6″ FHD WIN 11 HOME + OHS 2021 (BLACK),4711377246149,LAPTOP,MSI,TIDAK,0
3166,2503000394,"NEW NB MSI CYBORG 15 A13UDXK (9S7-15K111-1442) INTEL I7-13620H 16GB 512GB RTX3050 6GB 15,6"" FHD WIN 11 HOME + OHS 2021 (BLACK)",,LAPTOP,MSI,TIDAK,0
3167,2503000601,"NEW NB MSI CYBORG 15 A13VEK (9S7-15K111-872) INTEL I5-13420H 8GB 512GB RTX4050 6GB 15.6"" FHD WIN 11 HOME + OHS 2021 (BLACK)",,LAPTOP,MSI,TIDAK,0
3168,2503000390,NEW NB MSI KATANA A15 AI B8VE (9S7-158N31-412) RYZEN 7-8845HS 16GB 512GB RTX4050 6GB FHD WIN 11 HOME + OHS 2021 (BLACK),,LAPTOP,MSI,TIDAK,0
3169,2507000196,MSI THIN 15 B12UC (9S7-16R831-2405) INTEL I7-12650H 8GB 512GB RTX3050 4GB 15.6″ FHD WIN 11 HOME + (COSMOS GREY),,LAPTOP,MSI,TIDAK,0
3170,2503000602,"NEW NB MSI THIN 15 B12UC (9S7-16R831-2492) INTEL I7-12650H 8GB 512GB RTX 3050 4GB 15.6"" FHD WIN 11 HOME (COSMOS GREY)",,LAPTOP,MSI,TIDAK,0
3171,2503000387,"NEW NB MSI THIN 15 B12UCX (9S7-16R831-2299) INTEL I5-12450H 8GB 512GB RTX2050 4GB 15.6"" FHD WIN 11 HOME (COSMOS GREY)",4711377244572,LAPTOP,MSI,TIDAK,0
3172,2503000388,"MSI THIN 15 B12UCX (9S7-16R831-2413) INTEL I7-12650H 8GB 512GB RTX2050 4GB 15.6"" FHD WIN 11 HOME (COSMOS GREY)",,LAPTOP,MSI,TIDAK,0
3173,2503000395,"NEW NB MSI THIN 15 B12VE (9S7-16R831-2404) INTEL I7-12650H 8GB 512GB RTX4050 6GB 15.6"" FHD WIN 11 HOME (COSMOS GREY)",,LAPTOP,MSI,TIDAK,0
3174,2503000393,"NEW NB MSI THIN A15 B7UCX (9S7-16RK11-018) RYZEN 5-7535HS 8GB 512GB RTX2050 4GB 15.6"" WIN 11 HOME + OHS 2021 (COSMOS GREY)",,LAPTOP,MSI,TIDAK,0
3175,2503000389,"MSI THIN GF63 12UC (9S7-16R821-2648) INTEL I5-12450H 8GB 512GB RTX3050 4GB 15.6"" FHD WIN 11 HOME (BLACK)",,LAPTOP,MSI,TIDAK,0
3176,2509000194,NEW NETWORK CARD INTEL B200 WIFI 7 CARD NGW 802.11 BE BE200NGW BT 5.4 NGFF M.2 AX AC WLAN,,,,TIDAK,0
3177,2503000629,NEW MOUSE LOGITECH G309 910-007201 LIGHTSPEED - BLACK,097855192288,MOUSE GAMING WIRELESS,LOGITECH,TIDAK,1
3178,2506000004,NEW NOTALE DEHUMIDIFIER SUVO Q4 WHITE,,,,TIDAK,0
3179,2506000005,NEW NOTALE DUICO DEHUMIDIFIER WITH AIR PURIFIER NTL-DA099,,,,TIDAK,0
3180,2504000493,NEW NYK H5 ZEPHYR PHONE COOLER FAN WITH REMOVABLE MAGNETIC,2504000493,PHONE COOLER,NYK,TIDAK,0
3181,2510000173,NEW NZXT VERTICAL GPU MOUNTING KIT - WHITE,,,,TIDAK,0
3182,2503000380,NEW ORAIMO SMART WATCH OSW-804 BLACK,,,,TIDAK,0
3183,2504000500,NEW PC AIO HP 24-CB1888D I3 1215U 8GB 512GB 23.8″ FHD W11 HOME OHS 2021,,,HP,TIDAK,0
3184,2510000017,NEW PC ASUS EXPERTCENTER MINI TOWER P500MV-585018WS INTEL i5-13420H 8GB 512GB W11 + OFFICE HOME 2024 + M365,4711387951170,PC BRANDED,ASUS,TIDAK,0
3185,2509000161,NEW PC ASUS TUF T500MV I7N35CG2M HM / INTEL CORE I7-13620H/16GB/512GB SSD/RTX3050 6GB/WIN 11 HOME + OHM 2024-SOLAR ECLIPSE GRAY,,PC BRANDED,ASUS,TIDAK,0
3186,2510000244,NEW PC BUILD 1,,,,TIDAK,0
3187,2507000015,NEW PC DELL OPTIPLEX 7020 SFF i5-14500 8GB-DDR5 512GB-SSD W11 Pro (PC ONLY),,PC BRANDED,DELL,TIDAK,0
3188,2510000008,NEW PC DESKTOP ASUS P500MV-385018WS I3 1315 8GB 512GB W11 GRY,,PC BRANDED,ASUS,TIDAK,0
3189,2503000142,NEW PC HP AIO 22-DG0006D N100 WHT,,,HP,TIDAK,0
3190,2508000057,"NEW PC HP AIO M02-0146D INTEL I5-14400 W11 21,5""/8GB/DDR4/512GB/OHS (ONLY PC)",,,HP,TIDAK,0
3191,2509000286,NEW PC LENOVO IDEACENTER 14IRR9 90X2006HID CORE i7 16GB 1TB W11 HOME + MONITOR LENOVO L22E-40,,PC BRANDED,LENOVO,TIDAK,0
3192,2511000056,"NEW PC TOWER  ACER TCX i5 14400 8GB 512GB MONITOR 21.5"" WIN 11 HOME + OHS2021 (MOUSE + KEYBOARD)",,LAPTOP,ACER,TIDAK,0
3193,2505000085,NEW PEDAL NLR T300 RS GT (3 PEDAL),3362934110451,,,TIDAK,1
3194,2504000237,NEW PEGBOARD REXUS OMNI RXB-147 BLACK,6994006245012,PEGBOARD,REXUS,TIDAK,1
3195,2504000413,NEW PEGBOARD THERMALTAKE DESK LARGE - AC-066-OO1NAN-A1,4711475642362,PEGBOARD,THERMALTAKE,TIDAK,2
3196,2504000414,NEW PEGBOARD THERMALTAKE DESK MEDIUM - AC-067-OO1NAN-A1,4711475642355,PEGBOARD,THERMALTAKE,TIDAK,1
3197,2504000415,NEW PEGBOARD THERMALTAKE DESK SMALL - AC-068-OO1NAN-A1,4711475642348,PEGBOARD,THERMALTAKE,TIDAK,2
3198,2505000157,NEW STYLUS PEN OLIKE PN1 - BLACK,8990049004768,STYLUS,OLIKE,TIDAK,0
3199,2510000019,NEW PENARIK KERTAS L3110,2510000019,,,TIDAK,2
3200,2504000516,NEW PHONE COOLER FANTECH GLESTER PC10  - GREY,2504000516,PHONE COOLER,FANTECH,TIDAK,3
3201,2504000514,NEW PHONE COOLER FANTECH GLETSER MAX PCM10  - BLACK,6972661280883,PHONE COOLER,FANTECH,TIDAK,0
3202,2504000515,NEW PHONE COOLER FANTECH GLETSER MAX PCM10  - GREY,,PHONE COOLER,FANTECH,TIDAK,0
3203,2504000513,NEW PHONE COOLER FANTECH GLETSER MAX PCM10 & GLETSER PC10,,PHONE COOLER,FANTECH,TIDAK,0
3204,2510000157,NEW PHONE COOLER NYK NEMESIS TUNDRA H3 RGB,2510000157,PHONE COOLER,NYK,TIDAK,0
3205,2509000180,NEW POINTER LASER UGREEN GREEN 20470 - BLACK,6957303824700,POINTER,UGREEN,TIDAK,0
3206,2509000182,NEW POINTER LASER UGREEN RED 80136 - BLACK,6957303881369,POINTER,UGREEN,TIDAK,3
3207,2509000181,NEW POINTER LASER UGREEN WIRELESS 50654 - BLACK,6957303856541,POINTER,UGREEN,TIDAK,9
3208,2504000069,NEW POMPA PRINTER EPSON L3110,,SPAREPART PRINTER,EPSON,TIDAK,1
3209,2511000143,NEW POMPA PRINTER EPSON L3250,,SPAREPART PRINTER,EPSON,TIDAK,0
3210,2504000271,NEW POWER SUPPLY AEROCOOL LUX 550W RGB 80+ BRONZE - NON MODULAR - BLACK,4718009153868,PSU 550W,AEROCOOL,TIDAK,8
3211,2504000270,NEW POWER SUPPLY AEROCOOL LUX 650W RGB 80+ BRONZE - NON MODULAR - BLACK,4718009156210,PSU 650W,AEROCOOL,TIDAK,0
3212,2504000272,NEW POWER SUPPLY AEROCOOL LUX 750W 80+ BRONZE - NON MODULAR - BLACK,4718009156258,PSU 750W,AEROCOOL,TIDAK,0
3213,2504000273,NEW POWER SUPPLY AEROCOOL MIRAGE GOLD 650W 80+ GOLD - FULL MODULAR - BLACK,4711099472581,PSU 650W,AEROCOOL,TIDAK,3
3214,2504000274,NEW POWER SUPPLY AEROCOOL MIRAGE GOLD 750W 80+ GOLD - FULL MODULAR - BLACK,4711099472598,PSU 750W,AEROCOOL,TIDAK,1
3215,2510000262,NEW POWER SUPPLY ARMAGEDON VOLTRON 500W 80+ GOLD - NON MODULAR - BLACK,8886411980528,PSU 500W,ARMAGGEDDON,TIDAK,2
3216,2510000263,NEW POWER SUPPLY ARMAGEDON VOLTRON 600W 80+ GOLD - NON MODULAR - BLACK,8886411980535,PSU 600W,ARMAGGEDDON,TIDAK,10
3217,2508000296,NEW POWER SUPPLY COOLER MASTER MWE GOLD 650 V3 650W 80+ GOLD - NON MODULAR - BLACK,4719512157435,PSU 650W,COOLER MASTER,TIDAK,0
3218,2508000297,NEW POWER SUPPLY COOLER MASTER MWE GOLD 750 V3 750W 80+ GOLD - NON MODULAR - BLACK,4719512153284,PSU 750W,COOLER MASTER,TIDAK,0
3219,2508000298,NEW POWER SUPPLY COOLER MASTER MWE GOLD 850 V3 850W 80+ GOLD - NON MODULAR - BLACK,4719512153437,PSU 850W,COOLER MASTER,TIDAK,0
3220,2506000338,NEW POWER SUPPLY COOLER MASTER XG650 650W 80+ PLATINUM - FULL MODULAR - BLACK,,PSU 650W,COOLER MASTER,TIDAK,0
3221,2504000276,NEW POWER SUPPLY CORSAIR CX550 550W 80+ BRONZE - NON MODULAR - BLACK,840006670773,PSU 550W,CORSAIR,TIDAK,2
3222,2504000144,NEW POWER SUPPLY CORSAIR CX650 650W 80+ BRONZE - NON MODULAR - BLACK,840006670896,PSU 650W,CORSAIR,TIDAK,0
3223,2510000136,NEW POWER SUPPLY CORSAIR CX750 750W 80+ BRONZE - NON MODULAR - BLACK,840006671015,PSU 750W,CORSAIR,TIDAK,0
3224,2510000133,NEW POWER SUPPLY CORSAIR RM650E 650W 80+ GOLD - FULL MODULAR - BLACK,840440485735,PSU 650W,CORSAIR,TIDAK,3
3225,2510000134,NEW POWER SUPPLY CORSAIR RM750E 750W 80+ GOLD - FULL MODULAR - BLACK,840006691082,PSU 750W,CORSAIR,TIDAK,0
3226,2510000135,NEW POWER SUPPLY CORSAIR RM850E 850W 80+ GOLD - FULL MODULAR,840006691204,PSU 850W,CORSAIR,TIDAK,1
3227,2505000011,NEW POWER SUPPLY COUGAR ATLAS 650W 80+ BRONZE - NON MODULAR - BLACK,4710483774874,PSU 650W,COUGAR,TIDAK,1
3228,2507000268,NEW POWER SUPPLY COUGAR ATLAS 750W 80+ BRONZE - NON MODULAR - BLACK,,PSU 750W,COUGAR,TIDAK,3
3229,2503000288,NEW POWER SUPPLY COUGAR GEX PRO 750W 80+ GOLD - FULL MODULAR - BLACK,4710483778681,PSU 750W,COUGAR,TIDAK,1
3230,2505000009,NEW POWER SUPPLY COUGAR GEX SNOW 750W 80+ GOLD - FULL MODULAR - WHITE,4710483774508,PSU 750W,COUGAR,TIDAK,0
3231,2503000289,NEW POWER SUPPLY COUGAR GLE 1000W 80+ GOLD - FULL MODULAR - BLACK,4710483777646,PSU 1000W,COUGAR,TIDAK,0
3232,2503000292,NEW POWER SUPPLY COUGAR POLAR 1050W 80+ PLATINUM - FULL MODULAR - BLACK,,PSU 1050W,COUGAR,TIDAK,0
3233,2511000067,NEW POWER SUPPLY DEEPCOOL GAMERSTORM PF600X 600W 80+ BRONZE - NON MODULAR - BLACK,6933412743941,PSU 600W,DEEPCOOL,TIDAK,0
3234,2507000188,NEW POWER SUPPLY DEEPCOOL GAMERSTORM PF700X 700W 80+ BRONZE - NON MODULAR - BLACK,6933412744085,PSU 700W,DEEPCOOL,TIDAK,0
3235,2511000066,NEW POWER SUPPLY DEEPCOOL GAMERSTORM PQ750-GEU 750W 80+ GOLD - FULL MODULAR - BLACK,2511000066,PSU 750W,DEEPCOOL,YA,0
3236,2503000649,NEW POWER SUPPLY DEEPCOOL PN750D 750W 80+ GOLD - NON MODULAR - BLACK,6933412741893,PSU 750W,DEEPCOOL,TIDAK,0
3237,2503000650,NEW POWER SUPPLY DEEPCOOL PN750M 750W 80+ GOLD - FULL MODULAR - BLACK,6933412740889,PSU 750W,DEEPCOOL,TIDAK,0
3238,2503000651,NEW POWER SUPPLY DEEPCOOL PN850M 850W 80+ GOLD - FULL MODULAR - BLACK,6933412741053,PSU 850W,DEEPCOOL,TIDAK,1
3239,2503000295,NEW POWER SUPPLY DEEPCOOL PF550 550W 80+ BRONZE - NON MODULAR - BLACK,,PSU 550W,DEEPCOOL,TIDAK,0
3240,2505000139,NEW POWER SUPPLY DEEPCOOL PL650D 650W 80+ BRONZE - NON MODULAR - BLACK,6933412721154,PSU 650W,DEEPCOOL,TIDAK,0
3241,2504000067,NEW POWER SUPPLY DIGITAL ALLIANCE OASIS 450W 80+ BRONZE - NON MODULAR - BLACK,2504000067,PSU 450W,DIGITAL ALLIANCE,TIDAK,12
3242,2504000068,NEW POWER SUPPLY DIGITAL ALLIANCE OASIS 550W 80+ BRONZE - NON MODULAR - BLACK,2504000068,PSU 550W,DIGITAL ALLIANCE,TIDAK,2
3243,2504000052,NEW POWER SUPPLY DIGITAL ALLIANCE PBZ650 650W 80+ BRONZE - NON MODULAR - BLACK,,PSU 650W,DIGITAL ALLIANCE,TIDAK,0
3244,2505000191,NEW POWER SUPPLY DIGITAL ALLIANCE PBZ650 650W 80+ BRONZE - NON MODULAR - WHITE,,PSU 650W,DIGITAL ALLIANCE,TIDAK,0
3245,2505000196,NEW POWER SUPPLY DIGITAL ALLIANCE PBZ650RGB 650W 80+ BRONZE - NON MODULAR - BLACK,2505000196,PSU 650W,DIGITAL ALLIANCE,TIDAK,0
3246,2505000197,NEW POWER SUPPLY DIGITAL ALLIANCE PBZ650RGB 650W 80+ BRONZE - NON MODULAR - WHITE,,PSU 650W,DIGITAL ALLIANCE,TIDAK,1
3247,2504000194,NEW POWER SUPPLY FSP VITA GM 850W 80+ GOLD - FULL MODULAR - WHITE,,PSU 850W,FSP,TIDAK,0
3248,2504000201,NEW POWER SUPPLY FSP VITA BD 550W 80+ BRONZE - NON MODULAR - BLACK,4711498480231,PSU 550W,FSP,TIDAK,1
3249,2504000200,NEW POWER SUPPLY FSP VITA BD 650W 80+ BRONZE - NON MODULAR - BLACK,4711498480224,PSU 650W,FSP,TIDAK,1
3250,2504000198,NEW POWER SUPPLY FSP VITA GD 850W 80+ GOLD - FULL MODULAR - BLACK,,PSU 850W,FSP,TIDAK,0
3251,2504000197,NEW POWER SUPPLY FSP VITA GM 1000W 80+ GOLD - FULL MODULAR - WHITE,4713224529818,PSU 1000W,FSP,TIDAK,0
3252,2504000196,NEW POWER SUPPLY FSP VITA GM 750W 80+ GOLD - FULL MODULAR - BLACK,4713224529597,PSU 750W,FSP,TIDAK,1
3253,2504000199,NEW POWER SUPPLY FSP VITA GM 750W 80+ GOLD - FULL MODULAR - WHITE,,PSU 750W,FSP,TIDAK,0
3254,2504000195,NEW POWER SUPPLY FSP VITA GM 850W 80+ GOLD - FULL MODULAR - BLACK,,PSU 850W,FSP,TIDAK,0
3255,2504000308,NEW POWER SUPPLY GALAX OMEGA GL500S 500W 80+ BRONZE - NON MODULAR - BLACK,4895147155630,PSU 550W,GALAX,TIDAK,0
3256,2511000166,NEW POWER SUPPLY GALAX OMEGA GL550S 550W 80+ BRONZE - NON MODULAR - BLACK,4895147160412,PSU 550W,GALAX,TIDAK,4
3257,2504000033,NEW POWER SUPPLY GALAX OMEGA GLX850 850W 80+ GOLD - FULL MODULAR - BLACK,4895147155654,PSU 850W,GALAX,TIDAK,3
3258,2504000258,NEW POWER SUPPLY MSI MAG A750GL 750W 80+ GOLD - FULL MODULAR - BLACK,4711377084284,PSU 750W,MSI,TIDAK,3
3259,2509000048,NEW POWER SUPPLY MSI MAG A850GL 850W 80+ GOLD - FULL MODULAR - BLACK,,PSU 850W,MSI,TIDAK,2
3260,2507000212,NEW POWER SUPPLY MSI MAG A850GL 850W 80+ GOLD - FULL MODULAR - WHITE,4711377115391,PSU 850W,MSI,TIDAK,5
3261,2503000096,NEW POWER SUPPLY MSI MAG A1000GL 1000W 80+ GOLD - FULL MODULAR - BLACK,,PSU 1000W,MSI,TIDAK,0
3262,2503000176,NEW POWER SUPPLY MAG A1250GL 1250W 80+ GOLD PCIE5 - BLACK,4711377142229,PSU 1250W,MSI,TIDAK,0
3263,2505000133,NEW POWER SUPPLY MSI MAG A550BN 550W 80+ BRONZE - NON MODULAR - BLACK,4719072849603,PSU 550W,MSI,TIDAK,4
3264,2504000259,NEW POWER SUPPLY MSI MAG A650BN 650W 80+ BRONZE - NON MODULAR - BLACK,4719072849627,PSU 650W,MSI,TIDAK,2
3265,2507000213,NEW POWER SUPPLY MSI MAG A650BNL 650W 80+ BRONZE - NON MODULAR - WHITE,4711377252300,PSU 650W,MSI,TIDAK,0
3266,2509000256,NEW POWER SUPPLY MSI MAG A750BN 750W 80+ BRONZE - NON MODULAR - BLACK,4711377364317,PSU 750W,MSI,TIDAK,2
3267,2510000140,NEW POWER SUPPLY NZXT C750 2023 750W 80+ BRONZE - NON MODULAR - BLACK,5056547203591,PSU 750W,NZXT,TIDAK,8
3268,2510000139,NEW POWER SUPPLY NZXT C750 2025 750W 80 + BRONZE - NON MODULAR - BLACK,5056547207544,PSU 750W,NZXT,TIDAK,2
3269,2511000227,NEW POWER SUPPLY PARADOX GALACTIC 850W 80+ GOLD - FULL MODULAR - BLACK,,PSU 850W,,TIDAK,0
3270,2508000072,NEW POWER SUPPLY SILVERSTONE SX700-LPT 700W 80+ PLATINUM - FULL MODULAR - BLACK,,PSU 700W,,TIDAK,0
3271,2504000416,NEW POWER SUPPLY TESTER THERMALTAKE DR. POWER III - AC-005-BN00BL-A1,,POWER SUPPLY TESTER,THERMALTAKE,TIDAK,0
3272,2504000360,NEW POWER SUPPLY THERMALTAKE SMART BX1 550W (DC TO DC VERSION) - NON MODULAR - PS-SPD-0550NNSABA-1,4711475642027,PSU 550W,THERMALTAKE,TIDAK,1
3273,2504000361,NEW POWER SUPPLY THERMALTAKE SMART BX1 650W (DC TO DC VERSION) - NON MODULAR - PS-SPD-0650NNSABA-1,4711475642126,PSU 650W,THERMALTAKE,TIDAK,7
3274,2504000362,NEW POWER SUPPLY THERMALTAKE SMART BX1 750W (DC TO DC VERSION) - NON MODULAR - PS-SPD-0750NNSABA-1,4711475642225,PSU 750W,THERMALTAKE,TIDAK,2
3275,2511000167,NEW POWER SUPPLY THERMALTAKE SMART BX3 650W 80+ BRONZE - NON MODULAR PS-SPD-0650NNFABE-3,4711475643048,PSU 650W,THERMALTAKE,TIDAK,10
3276,2511000168,NEW POWER SUPPLY THERMALTAKE SMART BX3 750W 80+ BRONZE - NON MODULAR PS-SPD-0750NNFABE-3,4711475643147,PSU 750W,THERMALTAKE,TIDAK,8
3277,2511000173,NEW POWER SUPPLY THERMALTAKE TOUGHPOWER GF A3 750W 80+ GOLD - FULL MODULAR,4713227537414,PSU 750W,THERMALTAKE,TIDAK,3
3278,2511000171,NEW POWER SUPPLY THERMALTAKE TOUGHPOWER GT 1000W 80+ GOLD - FULL MODULAR,,PSU 1000W,THERMALTAKE,TIDAK,0
3279,2511000172,NEW POWER SUPPLY THERMALTAKE TOUGHPOWER GT 1000W SNOW 80+ GOLD - FULL MODULAR,4711658544186,PSU 1000W,THERMALTAKE,TIDAK,0
3280,2511000175,NEW POWER SUPPLY THERMALTAKE TOUGHPOWER GT 1200W 80+ GOLD - FULL MODULAR,,PSU 1200W,THERMALTAKE,TIDAK,0
3281,2511000174,NEW POWER SUPPLY THERMALTAKE TOUGHPOWER GT 1200W SNOW 80+ GOLD - FULL MODULAR,4711658544285,PSU 1200W,THERMALTAKE,TIDAK,0
3282,2504000363,NEW POWER SUPPLY THERMALTAKE TOUGHPOWER GT 750W - FULL MODULAR - PS-TPD-0750FNFAGx-2,,PSU 750W,THERMALTAKE,TIDAK,0
3283,2511000169,NEW POWER SUPPLY THERMALTAKE TOUGHPOWER GT 750W SNOW 80+ GOLD – FULL MODULAR,4711475648104,PSU 750W,THERMALTAKE,TIDAK,0
3284,2504000364,NEW POWER SUPPLY THERMALTAKE TOUGHPOWER GT 850W 80+ GOLD - FULL MODULAR,,PSU 850W,THERMALTAKE,TIDAK,0
3285,2511000170,NEW POWER SUPPLY THERMALTAKE TOUGHPOWER GT 850W SNOW 80+ GOLD - FULL MODULAR,4711475648203,PSU 850W,THERMALTAKE,TIDAK,0
3286,2504000365,NEW POWER SUPPLY THERMALTAKE TOUGHPOWER SFX 750W GOLD - TT PREMIUM EDITION - FULL MODULAR - PS-STP-0750FNFAGU-1,4713227534994,PSU 750W,THERMALTAKE,TIDAK,2
3287,2503000148,NEW POWER SUPPLY ZALMAN TERAMAX II ZM850-TMX2 850W 80+ GOLD - NON MODULAR - BLACK,,PSU 850W,ZALMAN,TIDAK,0
3288,2506000136,NEW POWERBANK FANTECH POWERPACK S3 10.000mAH - WHITE,6977052251060,POWERBANK,FANTECH,TIDAK,3
3289,2503000220,NEW POWERBANK FANTECH POWERPACK S2 10.000mAh - BLACK,6977052251435,POWERBANK,FANTECH,TIDAK,1
3290,2504000517,NEW POWERBANK FANTECH POWERPACK S2 10.000mAh - WHITE,6977052251572,POWERBANK,FANTECH,TIDAK,6
3291,2505000159,NEW POWERBANK OLIKE P102 10.000 MAH - BLACK,8990049009473,POWERBANK,OLIKE,TIDAK,0
3292,2505000156,NEW POWERBANK OLIKE P200 10.000 MAH 22.5W - BLACK,8990049009480,POWERBANK,OLIKE,TIDAK,0
3293,2504000164,NEW POWERBANK ROBOT RT12 BLACK,6936678414570,POWERBANK,ROBOT,TIDAK,1
3294,2504000165,NEW POWERBANK ROBOT RT12 BLUE,,POWERBANK,ROBOT,TIDAK,0
3295,2509000120,NEW POWERBANK UGREEN 35526B 100W 12000MAH - GRAY,6941876242948,POWERBANK,UGREEN,TIDAK,0
3296,2509000121,NEW POWERBANK UGREEN 35525B 200W 25000MAH - GRAY,6941876242931,POWERBANK,UGREEN,TIDAK,0
3297,2509000115,NEW POWERBANK UGREEN BUILT-IN CONNECTOR 35338 22.5W 5000MAH - GRAY,6941876233380,POWERBANK,UGREEN,TIDAK,2
3298,2509000116,NEW POWERBANK UGREEN UNO BUILT-IN CABLE 35603B 30W 10000MAH - GRAY,6941876246830,POWERBANK,UGREEN,TIDAK,9
3299,2509000117,NEW POWERBANK UGREEN UNO BUILT-IN CABLE 35604B 30W 10000MAH - PURPLE,6941876246854,POWERBANK,UGREEN,TIDAK,10
3300,2509000118,NEW POWERBANK UGREEN UNO MAGSAFE QI2 45329 15W 10000MAH - GRAY,6941876243297,POWERBANK,UGREEN,TIDAK,0
3301,2509000119,NEW POWERBANK UGREEN UNO MAGSAFE QI2 45337 15W 10000MAH - PURPLE,6941876243372,POWERBANK,UGREEN,TIDAK,1
3302,2503000463,NEW POWERBANK VENTION FHKB0 22.5W 10000MAH - BLACK,6922794781559,POWERBANK,VENTION,TIDAK,0
3303,2506000064,NEW POWERBANK VENTION MAGNETIC WIRELESS FHTB0 22.5W 10000MAH - BLACK,6922794785502,POWERBANK,VENTION,TIDAK,0
3304,2503000439,NEW POWERBANK VENTION MAGNETIC WIRELESS FHTW0 22.5W 10000MAH - WHITE,6922794785519,POWERBANK,VENTION,TIDAK,0
3305,2506000058,NEW POWERBANK VENTION 22.5W 10000MAH - WHITE,,POWERBANK,VENTION,TIDAK,0
3306,2506000059,NEW POWERBANK VENTION FHKW0 22.5W 10000MAH - WHITE,6922794781566,POWERBANK,VENTION,TIDAK,0
3307,2506000060,NEW POWERBANK VENTION FHLB0 22.5W 20000MAH - BLACK,6922794781573,POWERBANK,VENTION,TIDAK,0
3308,2506000061,NEW POWERBANK VENTION FHLW0 22.5W 20000MAH - WHITE,6922794781580,POWERBANK,VENTION,TIDAK,0
3309,2506000062,NEW POWERBANK VENTION FHMB0 22.5W 30000MAH - BLACK,6922794785625,POWERBANK,VENTION,TIDAK,0
3310,2506000063,NEW POWERBANK VENTION FHMW0 22.5W 30000MAH - WHITE,6922794785632,POWERBANK,VENTION,TIDAK,0
3311,2505000061,NEW POWERBANK VIVAN VPB-W05 DARK 5000mAH,2505000061,POWERBANK,VIVAN,TIDAK,0
3312,2505000060,NEW POWERBANK VIVAN VPB-W05 SILVER 5000mAH,6936678443808,,,TIDAK,1
3313,2509000240,NEW PRINTER BLUEPRINT ECO80D USB + Bluetooth,,THERMAL PRINTER,BLUEPRINT,TIDAK,0
3314,2509000040,NEW PRINTER BLUEPRINT KASIR MOBILE POINT MPOS332,,THERMAL PRINTER,BLUEPRINT,TIDAK,0
3315,2508000280,NEW PRINTER THERMAL BLUEPRINT LITE80D1 USB + BLUETOTH + RJ11,2508000280,THERMAL PRINTER,BLUEPRINT,TIDAK,0
3316,2503000358,NEW PRINTER BROTHER DCP-T220 - AIO,4977766807142,PRINTER,BROTHER,TIDAK,3
3317,2503000355,NEW PRINTER BROTHER DCP-T420W WIFI - AIO,4977766807180,PRINTER,BROTHER,TIDAK,1
3318,2504000249,NEW PRINTER BROTHER DCP-T426W WIFI - AIO,2504000249,PRINTER,BROTHER,TIDAK,2
3319,2503000356,NEW PRINTER BROTHER DCP-T520W WIFI - AIO,2503000356,PRINTER,BROTHER,TIDAK,0
3320,2503000357,NEW PRINTER BROTHER DCP-T720DW WIFI - AIO,4977766807265,PRINTER,BROTHER,TIDAK,1
3321,2504000248,NEW PRINTER BROTHER DCP-T820DW WIFI - AIO,2504000248,PRINTER,BROTHER,TIDAK,0
3322,2507000157,NEW PRINTER BROTHER HL-T4000DW WIFI - AIO,2507000157,PRINTER,BROTHER,TIDAK,1
3323,2507000158,NEW PRINTER BROTHER MFC-J3540DW WIFI - AIO,,PRINTER,BROTHER,TIDAK,0
3324,2507000160,NEW PRINTER CANON E410 - AIO,2507000160,PRINTER,CANON,TIDAK,0
3325,2506000085,NEW PRINTER CANON G3010 WIFI - AIO,4549292159837,PRINTER,CANON,TIDAK,3
3326,2506000127,NEW PRINTER CANON PIXMA G1010 - PRINT ONLY,4549292095418,PRINTER,CANON,TIDAK,7
3327,2505000185,NEW PRINTER CANON PIXMA G2730 - AIO,,PRINTER,CANON,TIDAK,0
3328,2503000383,NEW PRINTER CANON PIXMA MG2570S - AIO,4549292043877,PRINTER,CANON,TIDAK,1
3329,2503000149,NEW PRINTER DNP RX-1,,PRINTER,DNP,TIDAK,0
3330,2505000092,NEW PRINTER EPSON ECOTANK L121 - PRINT ONLY,2505000092,PRINTER,EPSON,TIDAK,10
3331,2505000091,NEW PRINTER EPSON ECOTANK L15150 WIFI - AIO,,PRINTER,EPSON,TIDAK,0
3332,2510000124,NEW PRINTER EPSON ECOTANK L18050 WI-FI - PRINT ONLY,,PRINTER,EPSON,TIDAK,2
3333,2510000018,NEW PRINTER EPSON ECOTANK L3211 - AIO,8886482303103,PRINTER,EPSON,TIDAK,5
3334,2503000382,NEW PRINTER EPSON ECOTANK L5290 WIFI - AIO,8886482303059,PRINTER,EPSON,TIDAK,2
3335,2506000037,NEW PRINTER EPSON ECOTANK M3170 WIFI - AIO FAX,2506000037,PRINTER,EPSON,TIDAK,1
3336,2510000012,NEW PRINTER EPSON L11050 ECOTANK WIFI - PRINT ONLY,,PRINTER,EPSON,TIDAK,0
3337,2507000114,NEW PRINTER EPSON L1210 INK TANK - PRINT ONLY,8886482303202,PRINTER,EPSON,TIDAK,0
3338,2504000292,NEW PRINTER EPSON L14150 WIFI - AIO,8886482300799,PRINTER,EPSON,TIDAK,3
3339,2505000184,NEW PRINTER EPSON L3210 - AIO,8886482303097,PRINTER,EPSON,TIDAK,6
3340,2504000442,NEW PRINTER EPSON L3250 WIFI - AIO,8886482303141,PRINTER,EPSON,TIDAK,0
3341,2509000055,NEW PRINTER EPSON L3251 WIFI - AIO,8886482303158,PRINTER,EPSON,TIDAK,3
3342,2510000125,NEW PRINTER EPSON L5590 WIFI - AIO,2510000125,PRINTER,EPSON,TIDAK,2
3343,2503000360,NEW PRINTER EPSON L6270 WIFI - AIO WITH ADF,2503000360,PRINTER,EPSON,TIDAK,3
3344,2503000359,NEW PRINTER EPSON L6490 WIFI - AIO FAX WITH ADF,8886482303462,PRINTER,EPSON,TIDAK,1
3345,2503000353,NEW PRINTER EPSON L8050 - PRINT ONLY,8886482304469,PRINTER,EPSON,TIDAK,2
3346,2506000038,NEW PRINTER EPSON LQ-2190 - DOT MATRIX PRINTER,,PRINTER,EPSON,TIDAK,0
3347,2504000343,NEW PRINTER EPSON LQ-310 - DOT MATRIX PRINTER,,PRINTER,EPSON,TIDAK,4
3348,2508000051,NEW PRINTER EPSON LX-310 - DOT MATRIX PRINTER,,PRINTER,EPSON,TIDAK,4
3349,2503000354,NEW PRINTER EPSON M1120 WIFI - PRINT ONLY,,PRINTER,EPSON,TIDAK,2
3350,2504000027,NEW PRINTER THERMAL EPSON TM-T82,,PRINTER,EPSON,TIDAK,0
3351,2507000159,NEW PRINTER HP DESKJET INK ADVANTAGE 2335 LAVENDER - AIO,,PRINTER,HP,TIDAK,0
3352,2510000036,NEW PRINTER HP DESKJET INK ADVANTAGE 2337 PALM - AIO,2510000036,PRINTER,HP,TIDAK,1
3353,2511000159,NEW PRINTER HP DESKJET INK ADVANTAGE 2875 WIFI - AIO,,PRINTER,HP,TIDAK,2
3354,2509000193,NEW PRINTER HP SMART TANK 520 - AIO,196548866694,PRINTER,HP,TIDAK,2
3355,2506000086,NEW PRINTER HP SMART TANK 580 WIFI - AIO,2506000086,PRINTER,HP,TIDAK,1
3356,2505000261,NEW PRINTER THERMAL EPSON TM-T82X,,THERMAL PRINTER,EPSON,TIDAK,0
3357,2503000044,NEW PROCESSOR AMD RYZEN 3 3200G 3.6GHz AM4 BOX,730143309851,PROCESSOR RYZEN 3,AMD,TIDAK,2
3358,2508000308,NEW PROCESSOR AMD RYZEN 3 3200G 3.6GHz AM4 TRAY,,PROCESSOR RYZEN 3,AMD,TIDAK,5
3359,2503000045,NEW PROCESSOR AMD RYZEN 5 3400G 3.7GHz AM4 BOX,,PROCESSOR RYZEN 5,AMD,TIDAK,0
3360,2510000275,NEW PROCESSOR AMD RYZEN 5 3400G 3.7GHz AM4 TRAY,,PROCESSOR RYZEN 5,AMD,TIDAK,6
3361,2505000188,NEW PROCESSOR AMD RYZEN 5 5500 3.6GHz AM4 TRAY,,PROCESSOR RYZEN 5,AMD,TIDAK,1
3362,2509000008,NEW PROCESSOR AMD RYZEN 5 5500GT 3.6GHz AM4 BOX,730143316040,PROCESSOR RYZEN 5,AMD,TIDAK,2
3363,2503000352,NEW PROCESSOR AMD RYZEN 5 5600 3.5GHz AM4 BOX,730143314190,PROCESSOR RYZEN 5,AMD,TIDAK,0
3364,2505000242,NEW PROCESSOR AMD RYZEN 5 5600 3.5GHz AM4 TRAY,,PROCESSOR RYZEN 5,AMD,TIDAK,9
3365,2503000049,NEW PROCESSOR AMD RYZEN 5 5600G 3.9GHz AM4 BOX,730143313414,PROCESSOR RYZEN 5,AMD,TIDAK,4
3366,2504000202,NEW PROCESSOR AMD RYZEN 5 5600GT 3.6GHz AM4 BOX,730143316002,PROCESSOR RYZEN 5,AMD,TIDAK,2
3367,2505000263,NEW PROCESSOR AMD RYZEN 5 7500F 3.7GHz AM5 TRAY,,PROCESSOR RYZEN 5,AMD,TIDAK,5
3368,2504000218,NEW PROCESSOR AMD RYZEN 5 7500F TRaY NON FAN,,PROCESSOR RYZEN 5,AMD,YA,0
3369,2504000203,NEW PROCESSOR AMD RYZEN 5 7600 3.8GHz AM5 BOX,730143314572,PROCESSOR RYZEN 5,AMD,TIDAK,0
3370,2503000023,NEW PROCESSOR AMD RYZEN 5 7600X 4.7GHz AM5 BOX,730143314442,PROCESSOR RYZEN 5,AMD,TIDAK,1
3371,2504000204,NEW PROCESSOR AMD RYZEN 5 7600X WITHOUT WRAITH STEALTH COOLER,,PROCESSOR RYZEN 5,AMD,YA,0
3372,2503000024,NEW PROCESSOR AMD RYZEN 5 8400F 4.2GHz AM5 BOX,730143316736,PROCESSOR RYZEN 5,AMD,TIDAK,8
3373,2505000265,NEW PROCESSOR AMD RYZEN 5 8400F 4.2GHz AM5 TRAY,2505000265,PROCESSOR RYZEN 5,AMD,TIDAK,6
3374,2510000022,NEW PROCESSOR AMD RYZEN 5 8500G 3.5GHz AM5 BOX,730143316439,PROCESSOR RYZEN 5,AMD,TIDAK,0
3375,2503000021,NEW PROCESSOR AMD RYZEN 5 8600G 4.3GHz AM5 BOX,730143316163,PROCESSOR RYZEN 5,AMD,TIDAK,7
3376,2503000026,NEW PROCESSOR AMD RYZEN 5 9600X 3.9GHz AM5 BOX,730143315609,PROCESSOR RYZEN 5,AMD,TIDAK,1
3377,2503000022,NEW PROCESSOR AMD RYZEN 5 5500 3.6GHz AM4 BOX,730143314121,PROCESSOR RYZEN 5,AMD,TIDAK,4
3378,2503000263,NEW PROCESSOR AMD RYZEN 5 5600X 3.7GHz AM4 BOX,730143312042,PROCESSOR RYZEN 5,AMD,TIDAK,0
3379,2504000205,NEW PROCESSOR AMD RYZEN 7 5700 3.7GHz AM4 BOX,730143316309,PROCESSOR RYZEN 7,AMD,TIDAK,0
3380,2505000264,NEW PROCESSOR AMD RYZEN 7 5700X 3.4GHz AM4 BOX,730143314275,PROCESSOR RYZEN 7,AMD,TIDAK,0
3381,2505000189,NEW PROCESSOR AMD RYZEN 7 5700X 3.4GHz AM4 TRAY,,PROCESSOR RYZEN 7,AMD,TIDAK,6
3382,2503000351,NEW PROCESSOR AMD RYZEN 7 5800XT 3.8GHz AM4 BOX,730143316576,PROCESSOR RYZEN 7,AMD,TIDAK,1
3383,2503000260,NEW PROCESSOR AMD RYZEN 7 7700 3.8GHz AM5 BOX,,PROCESSOR RYZEN 7,AMD,TIDAK,0
3384,2503000015,NEW PROCESSOR AMD RYZEN 7 7800X3D 4.2GHz AM5 BOX,,PROCESSOR RYZEN 7,AMD,TIDAK,0
3385,2503000025,NEW PROCESSOR AMD RYZEN 7 8700F 4.1GHz AM5 BOX,,PROCESSOR RYZEN 7,AMD,TIDAK,0
3386,2511000089,NEW KABEL TECWARE EXTENSION SET POWER SUPPLY FLEX PLUS WHITE - TWAC-FLEXPL-WH,,PROCESSOR RYZEN 7,AMD,TIDAK,6
3387,2503000347,NEW PROCESSOR AMD RYZEN 7 8700F 4.1GHz AM5 MPK (TRAY+FAN),730143316699,PROCESSOR RYZEN 7,AMD,TIDAK,15
3388,2508000307,NEW PROCESSOR AMD RYZEN 7 9700X 3.8GHz AM5 TRAY,,PROCESSOR RYZEN 7,AMD,TIDAK,1
3389,2503000348,NEW PROCESSOR AMD RYZEN 7 9700X 3.8GHz AM5 BOX,730143315593,PROCESSOR RYZEN 7,AMD,TIDAK,0
3390,2510000110,NEW PROCESSOR AMD RYZEN 7 9800X3D 4.7GHz AM5 BOX,730143315289,PROCESSOR RYZEN 7,AMD,TIDAK,0
3391,2505000271,NEW PROCESSOR AMD RYZEN 7 5700G 3.8GHz AM4 BOX,730143313377,PROCESSOR RYZEN 7,AMD,TIDAK,5
3392,2503000264,NEW PROCESSOR AMD RYZEN 9 7900 3.7GHz AM5 BOX,,PROCESSOR RYZEN 9,AMD,TIDAK,0
3393,2508000317,NEW PROCESSOR AMD RYZEN 9 7900X 4.7GHz AM5 BOX,730143314558,PROCESSOR RYZEN 9,AMD,TIDAK,2
3394,2503000261,NEW PROCESSOR AMD RYZEN 9 9900X 4.4GHz AM5 BOX,,PROCESSOR RYZEN 9,AMD,TIDAK,0
3395,2503000013,NEW PROCESSOR AMD RYZEN 9 9950X 4.3GHz AM5 BOX,730143315272,PROCESSOR RYZEN 9,AMD,TIDAK,1
3396,2504000059,NEW PROCESSOR INTEL I7-14700F 2.1GHZ LGA1700 BOX,5032037279246,PROCESSOR INTEL I7,INTEL,TIDAK,6
3397,2507000233,NEW PROCESSOR INTEL I3-8100 3.6GHz LGA1151 TRAY,2507000233,PROCESSOR INTEL I3,INTEL,TIDAK,6
3398,2503000057,NEW PROCESSOR INTEL CORE I5-12400 2.5GHz LGA1700 BOX,5032037237741,PROCESSOR INTEL I5,INTEL,TIDAK,15
3399,2508000295,NEW PROCESSOR INTEL I5-14600K 3.5GHz LGA1700 BOX,,PROCESSOR INTEL I5,INTEL,TIDAK,0
3400,2507000234,NEW PROCESSOR INTEL I5-8400 2.8GHz LGA1151 TRAY,,PROCESSOR INTEL I5,INTEL,TIDAK,0
3401,2507000235,NEW PROCESSOR INTEL I5-8600 3.1GHz LGA1151 TRAY,2507000235,PROCESSOR INTEL I5,INTEL,TIDAK,1
3402,2510000245,NEW PROCESSOR INTEL XEON E5-2690 V3 2.6GHz LGA2011 TRAY,2510000245,PROCESSOR INTEL XEON,INTEL,TIDAK,2
3403,2504000047,NEW PROCESSOR INTEL G6405 4.1GHz LGA1200 BOX,5032037215497,PROCESSOR INTEL PENTIUM GOLD,INTEL,TIDAK,22
3404,2503000086,NEW PROCESSOR INTEL I3-10105 3.70GHz LGA1200 BOX,5032037214841,PROCESSOR INTEL I3,INTEL,TIDAK,10
3405,2507000051,NEW PROCESSOR INTEL I3-12100 3.3GHz LGA1700 BOX,5032037238458,PROCESSOR INTEL I3,INTEL,TIDAK,2
3406,2508000043,NEW PROCESSOR INTEL I3-12100F 3.3GHz LGA1700 BOX,5032037238731,PROCESSOR INTEL I3,INTEL,TIDAK,4
3407,2505000246,NEW PROCESSOR INTEL I3-14100 3.5GHz LGA1700 BOX,5032037279079,PROCESSOR INTEL I3,INTEL,TIDAK,7
3408,2508000046,NEW PROCESSOR INTEL I3-14100F 3.5GHz LGA1700 BOX,5032037279093,PROCESSOR INTEL I3,INTEL,TIDAK,4
3409,2505000273,NEW PROCESSOR INTEL I3-4170 3.7GHz LGA1150 TRAY,,PROCESSOR INTEL I3,INTEL,TIDAK,5
3410,2505000143,"NEW SSD SATA ADATA SU650 2.5"" 256GB",4711085931511,PROCESSOR INTEL I3,INTEL,TIDAK,3
3411,2505000274,NEW PROCESSOR INTEL I3-6100 3.7GHz LGA1151 TRAY,2505000274,PROCESSOR INTEL I3,INTEL,TIDAK,4
3412,2505000112,NEW PROCESSOR INTEL I5-12400F 2.5GHz LGA1700 BOX,5032037237758,PROCESSOR INTEL I5,INTEL,TIDAK,4
3413,2507000231,NEW PROCESSOR INTEL I5-12400F 2.5GHz LGA1700 TRAY,2507000231,PROCESSOR INTEL I5,INTEL,TIDAK,1
3414,2507000230,NEW PROCESSOR INTEL I5-12400 2.5GHz LGA1700 TRAY,,PROCESSOR INTEL I5,INTEL,TIDAK,0
3415,2507000076,NEW PROCESSOR INTEL I5-10400 2.9GHz LGA1200 BOX,5032037187138,PROCESSOR INTEL I5,INTEL,TIDAK,8
3416,2507000229,NEW PROCESSOR INTEL I5-10400 2.90 GHz LGA1200 TRAY,,PROCESSOR INTEL I5,INTEL,TIDAK,0
3417,2503000078,NEW PROCESSOR INTEL I5-11400 2.6GHz LGA1200 BOX,,PROCESSOR INTEL I5,INTEL,TIDAK,0
3418,2507000139,NEW PROCESSOR INTEL I5-13400 2.5GHz LGA1700 BOX,,PROCESSOR INTEL I5,INTEL,TIDAK,0
3419,2506000032,NEW PROCESSOR INTEL I5-14400 2.5GHz LGA1700 BOX,5032037279130,PROCESSOR INTEL I5,INTEL,TIDAK,16
3420,2503000087,NEW PROCESSOR INTEL I5-14400F 2.5GHz LGA1700 BOX,5032037279147,PROCESSOR INTEL I5,INTEL,TIDAK,7
3421,2508000045,NEW PROCESSOR INTEL I7-12700K 3.6GHz LGA1700 BOX,5032037233989,PROCESSOR INTEL I7,INTEL,TIDAK,0
3422,2507000007,NEW PROCESSOR INTEL I7-14700KF 3.4GHz LGA1700 BOX,5032037278508,PROCESSOR INTEL I7,INTEL,TIDAK,2
3423,2503000088,NEW PROCESSOR INTEL I7-12700 2.1GHz LGA1700 BOX,5032037237840,PROCESSOR INTEL I7,INTEL,TIDAK,5
3424,2507000232,NEW PROCESSOR INTEL I7-12700 2.10 GHz LGA1700 TRAY,,PROCESSOR INTEL I7,INTEL,TIDAK,1
3425,2508000044,NEW PROCESSOR INTEL I7-12700F 2.1GHz LGA1700 BOX,5032037237826,PROCESSOR INTEL I7,INTEL,TIDAK,0
3426,2504000236,NEW PROCESSOR INTEL I7-14700 2.1GHz LGA1700 BOX,5032037279239,PROCESSOR INTEL I7,INTEL,TIDAK,5
3427,2509000284,NEW PROCESSOR INTEL CORE I7-4770 3.4GHz LGA1150 TRAY,,PROCESSOR INTEL I7,INTEL,TIDAK,0
3428,2504000254,NEW PROCESSOR INTEL I9-12900F 2.4GHz LGA1700 BOX,5032037237901,PROCESSOR INTEL I9,INTEL,TIDAK,1
3429,2504000481,NEW PROCESSOR INTEL I9-12900K 3.2GHz LGA1700 BOX,5032037234641,PROCESSOR INTEL I9,INTEL,TIDAK,1
3430,2508000320,NEW PROCESSOR INTEL ULTRA 5 225F 3.3GHz LGA1851 BOX,5032037282376,PROCESSOR INTEL ULTRA 5,INTEL,TIDAK,8
3431,2508000319,NEW PROCESSOR INTEL ULTRA 7 265F 2.4GHz LGA1851 BOX,5032037282734,PROCESSOR INTEL ULTRA 7,INTEL,TIDAK,1
3432,2508000321,NEW PROCESSOR INTEL ULTRA 7 265KF 3.9GHz LGA1851 BOX,5032037281980,PROCESSOR INTEL ULTRA 7,INTEL,TIDAK,1
3433,2504000238,NEW PROCESSOR INTEL I5-13400F 2.5GHz LGA1700 BOX,,PROCESSOR INTEL I5,INTEL,TIDAK,0
3434,2504000060,NEW PROCESSOR INTEL I7-12700KF 3.6GHz LGA1700 BOX,5032037234047,PROCESSOR INTEL I7,INTEL,TIDAK,1
3435,2503000053,NEW PROCESSOR INTEL i9-14900K 3.2GHz LGA1700 BOX,5032037278522,PROCESSOR INTEL I9,INTEL,TIDAK,1
3436,2503000365,NEW PROJECTOR ACER X1 DLP XGA 4000 LUMEN,4711121069765,PROJECTOR,ACER,TIDAK,0
3437,2503000364,NEW PROJECTOR ACER BS 021A SVGA 4800 LUMEN,,PROJECTOR,ACER,TIDAK,0
3438,2505000090,NEW PROJECTOR ACER BS-021 DLP SVGA 4800 LUMEN,,PROJECTOR,ACER,TIDAK,0
3439,2509000004,NEW PROJECTOR ACER BS-021A SVGA 4800 ANSI HDMI,,,ACER,YA,0
3440,2505000089,NEW PROJECTOR ACER X1 DLP,,PROJECTOR,ACER,YA,0
3441,2505000119,NEW PROJECTOR AUKEY RD-870S CINEX FHD 320 ANSI LUMENS,689323784547,PROJECTOR,AUKEY,TIDAK,0
3442,2508000004,NEW PROJECTOR AUKEY RD-880 FHD 160 ANSI LUMEN,689323789474,PROJECTOR,AUKEY,TIDAK,10
3443,2506000129,NEW PROJECTOR BENQ MS550 DLP SVGA 3600 LUMEN,4718755074189,PROJECTOR,BENQ,TIDAK,2
3444,2506000130,NEW PROJECTOR BENQ MS560 DLP SVGA 4000 ANSI LUMENS,4718755084195,PROJECTOR,BENQ,TIDAK,0
3445,2506000131,NEW PROJECTOR BENQ MX560 DLP XGA 4000 ANSI LUMEN,,PROJECTOR,BENQ,TIDAK,1
3446,2503000363,NEW PROJECTOR EPSON EB-X51 XGA 3800 LUMEN,8886482301031,PROJECTOR,EPSON,TIDAK,1
3447,2504000048,NEW PROJECTOR EPSON EB-972 XGA 4100 LUMEN,2504000048,PROJECTOR,EPSON,TIDAK,0
3448,2506000132,NEW PROJECTOR EPSON EB-E01 XGA 3300 LUMEN,8886482300997,PROJECTOR,EPSON,TIDAK,3
3449,2503000362,NEW PROJECTOR EPSON EB-E600 XGA 3400 LUMEN,8886482306043,PROJECTOR,EPSON,TIDAK,2
3450,2510000272,NEW PROJECTOR EPSON EB-W53 WXGA 4000 LUMEN,,PROJECTOR,EPSON,TIDAK,0
3451,2506000133,NEW PROJECTOR EPSON EB-X06 XGA 3600 LUMEN,,PROJECTOR,EPSON,TIDAK,1
3452,2510000273,NEW PROJECTOR EPSON EB-X52 XGA 3800 LUMEN,,PROJECTOR,EPSON,TIDAK,0
3453,2503000361,NEW PROJECTOR EPSON EB-X600 XGA 3600 LUMEN,2503000361,PROJECTOR,EPSON,TIDAK,7
3454,2506000250,NEW PROJECTOR INFOCUS IN0012SL SVGA 4000 LUMEN,,PROJECTOR,INFOCUS,TIDAK,0
3455,2506000251,NEW PROJECTOR INFOCUS IN114AA,,,,YA,0
3456,2504000342,NEW PROJECTOR INFOCUS IN114AA XGA 3800 LUMEN,850031865907,PROJECTOR,INFOCUS,TIDAK,4
3457,2503000215,NEW RAM LONGDIMM DDR5 ACER PREDATOR VESTA II 32GB (2X16GB) 6000MHZ RGB WHITE,6955914619548,LONGDIMM DDR5,ACER,TIDAK,0
3458,2507000001,NEW RAM SODIMM DDR5 ACER 16GB 4800MHZ - CL40-39-39 Single,6955914620629,SODIMM DDR5,ACER,TIDAK,1
3459,2507000003,NEW RAM SODIMM DDR5 ACER 16GB 5600MHZ - CL46-45-45 Single,6955914620643,SODIMM DDR5,ACER,TIDAK,8
3460,2507000002,NEW RAM SODIMM DDR5 ACER 32GB 4800MHZ - CL40-39-39 Single,6955914620674,SODIMM DDR5,ACER,TIDAK,1
3461,2504000447,NEW RAM LONGDIMM DDR5 ADATA 16GB (1X16GB) 4800MHZ,,LONGDIMM DDR5,ADATA,TIDAK,0
3462,2511000077,NEW RAM LONGDIMM DDR5 ADATA 8GB (1X8GB) 4800MHZ,2511000077,LONGDIMM DDR5,ADATA,TIDAK,9
3463,2508000318,NEW RAM LONGDIMM DDR4 ADATA XPG GAMMIX D35 32GB (2x16GB) 3200MHZ BLACK,4711085942845,LONGDIMM DDR4,ADATA,TIDAK,3
3464,2504000448,NEW RAM SODIMM DDR5 ADATA 16GB 4800MHZ,4711085936592,SODIMM DDR5,ADATA,TIDAK,0
3465,2505000123,NEW RAM SODIMM DDR4 ADATA 16GB 3200MHZ,,SODIMM DDR4,ADATA,TIDAK,3
3466,2504000432,NEW RAM SODIMM DDR5 ADATA 16GB 5600MHZ,4711085941107,SODIMM DDR5,ADATA,TIDAK,1
3467,2507000039,NEW RAM SODIMM DDR5 ADATA 8GB 4800MHZ,4711085936561,SODIMM DDR5,ADATA,TIDAK,0
3468,2507000006,NEW RAM SODIMM DDR5 ADATA 8GB 5600MHZ,4711085941091,SODIMM DDR5,ADATA,TIDAK,10
3469,2504000071,NEW RAM LONGDIMM DDR4 ADATA XPG SPECTRIX D35G 16GB (2X8GB) 3200MHZ RGB BLACK,4711085943286,LONGDIMM DDR4,ADATA,TIDAK,13
3470,2504000072,NEW RAM LONGDIMM DDR4 ADATA XPG SPECTRIX D35G 16GB (2X8GB) 3200MHZ RGB WHITE,4711085943309,LONGDIMM DDR4,ADATA,TIDAK,43
3471,2504000073,NEW RAM LONGDIMM DDR4 ADATA XPG SPECTRIX D50 16GB (2X8GB) 3600MHZ RGB GREY,4711085934598,LONGDIMM DDR4,ADATA,TIDAK,4
3472,2510000021,NEW RAM LONGDIMM DDR4 ADATA XPG SPECTRIX D35G 32GB (2X16GB) 3600MHZ RGB WHITE,4711085943460,LONGDIMM DDR4,ADATA,TIDAK,0
3473,2504000074,NEW RAM LONGDIMM DDR4 ADATA XPG SPECTRIX D50 32GB (2X16GB) 3600MHZ RGB WHITE,4711085934475,LONGDIMM DDR4,ADATA,TIDAK,0
3474,2507000034,NEW RAM LONGDIMM DDR4 ADATA XPG SPECTRIX D35G 64GB (2x32GB) 3200MHZ RGB BLACK,4711085943361,LONGDIMM DDR4,ADATA,TIDAK,0
3475,2507000035,NEW RAM LONGDIMM DDR4 ADATA XPG SPECTRIX D35G 64GB (2X32GB) 3200MHZ RGB WHITE,,LONGDIMM DDR4,ADATA,TIDAK,0
3476,2507000036,NEW RAM LONGDIMM DDR4 ADATA XPG SPECTRIX D35G 64GB (2X32GB) 3600MHZ RGB WHITE,4711085943507,LONGDIMM DDR4,ADATA,TIDAK,1
3477,2505000038,NEW RAM LONGDIMM DDR5 ADATA XPG LANCER BLADE 16GB (2X8GB) 6000MHZ RGB BLACK,4711085947659,LONGDIMM DDR5,ADATA,TIDAK,0
3478,2505000039,NEW RAM LONGDIMM DDR5 ADATA XPG LANCER BLADE 16GB (2X8GB) 6000MHZ RGB WHITE,,LONGDIMM DDR5,ADATA,TIDAK,0
3479,2505000040,NEW RAM LONGDIMM DDR5 ADATA XPG LANCER BLADE 32GB (2X16GB) 6000MHZ RGB BLACK,4711658152329,LONGDIMM DDR5,ADATA,TIDAK,1
3480,2505000041,NEW RAM LONGDIMM DDR5 ADATA XPG LANCER BLADE 32GB (2X16GB) 6000MHZ RGB WHITE,4711658152305,LONGDIMM DDR5,ADATA,TIDAK,0
3481,2504000056,NEW RAM LONGDIMM DDR5 ADATA XPG LANCER BLADE 32GB (2X16GB) 6400MHZ RGB WHITE,,LONGDIMM DDR5,ADATA,TIDAK,0
3482,2505000042,NEW RAM LONGDIMM DDR5 ADATA XPG LANCER BLADE 64GB (2X32GB) 6000MHZ RGB WHITE,4711085944948,LONGDIMM DDR5,ADATA,TIDAK,2
3483,2505000043,NEW RAM LONGDIMM DDR5 ADATA XPG LANCER BLADE 64GB (2X32GB) 6000MHZ RGB BLACK,4711085944924,LONGDIMM DDR5,ADATA,TIDAK,0
3484,2508000322,NEW RAM LONGDIMM DDR4 ADATA XPG SPECTRIX D35G 32GB (2x16GB) 3200MHZ RGB BLACK,4711085943323,LONGDIMM DDR4,ADATA,TIDAK,1
3485,2508000323,NEW RAM LONGDIMM DDR4 ADATA XPG SPECTRIX D35G 32GB (2x16GB) 3200MHZ RGB WHITE,4711085943347,LONGDIMM DDR4,ADATA,TIDAK,1
3486,2504000436,NEW RAM LONGDIMM DDR5 ADATA XPG LANCER BLADE 32GB (2X16GB) 5600MHZ BLACK - AX5U5600C4632G-DTLABBK,4711085945457,LONGDIMM DDR5,ADATA,TIDAK,0
3487,2504000437,NEW RAM LONGDIMM DDR5 ADATA XPG LANCER BLADE 32GB (2X16GB) 5600MHZ WHITE - AX5U5600C4632G-DTLABWH,4711085945433,LONGDIMM DDR5,ADATA,TIDAK,0
3488,2505000190,NEW RAM SODIMM DDR4 AGI 16GB 3200MHZ,4718009611504,SODIMM DDR4,AGI,TIDAK,0
3489,2508000037,NEW RAM LONGDIMM DDR4 APACER NOX 32GB (2X16GB) 3200MHZ - AH4U32G32C28YMBAA2,,LONGDIMM DDR4,ACE POWER,TIDAK,0
3490,2508000039,NEW RAM LONGDIMM DDR5 APACER NOX 32GB (2X16GB) 6000MHZ RGB BLACK - AH5U32G60C622NBAA2,,LONGDIMM DDR5,ACE POWER,TIDAK,0
3491,2508000040,NEW RAM LONGDIMM DDR5 APACER NOX RGB 32GB (2X16GB) 6000MHZ RGB WHITE - AH5U32G60C622NWAA,,LONGDIMM DDR5,ACE POWER,TIDAK,0
3492,2508000038,NEW RAM LONGDIMM DDR5 APACER NOX 64GB (2X32GB) 6000MHZ - AH5U64G60C622MBAA2,,LONGDIMM DDR5,ACE POWER,TIDAK,0
3493,2508000036,NEW RAM LONGDIMM DDR4 APACER NOX 16GB (2X8GB) 3200MHZ - AH4U16G32C28YMBAA2,,LONGDIMM DDR4,ACE POWER,TIDAK,0
3494,2504000282,NEW RAM LONGDIMM DDR4 CORSAIR VENGEANCE PRO SL 16GB (2x8GB) 3600MHZ RGB BLACK - CMH16GX4M2D-3600C18,,LONGDIMM DDR4,CORSAIR,TIDAK,0
3495,2504000280,NEW RAM LONGDIMM DDR5 CORSAIR DOMINATOR PLATINUM RGB 64GB (2x32GB) 5600MHZ - CMT64GX5M2B5600Z40K,840006600176,LONGDIMM DDR5,CORSAIR,TIDAK,0
3496,2504000283,NEW RAM LONGDIMM DDR5 CORSAIR VENGEANCE 16GB (2x8GB) 5200MHZ CL40 GREY - CMK16GX5M2B5200Z40,,LONGDIMM DDR5,CORSAIR,TIDAK,4
3497,2504000278,NEW RAM LONGDIMM DDR5 CORSAIR VENGEANCE 32GB (2x16GB) 6000MHZ RGB BLACK - CMH32GX5M2E6000Z36,840006679653,LONGDIMM DDR5,CORSAIR,TIDAK,1
3498,2504000279,NEW RAM LONGDIMM DDR5 CORSAIR VENGEANCE 32GB (2x16GB) 6000MHZ RGB WHITE - CMH32GX5M2E6000Z36W,840440496076,LONGDIMM DDR5,CORSAIR,TIDAK,1
3499,2504000281,NEW RAM LONGDIMM DDR5 CORSAIR VENGEANCE 64GB (2x32GB) 6000MHZ RGB BLACK - CMH64GX5M2B6000C38,840006680635,LONGDIMM DDR5,CORSAIR,TIDAK,1
3500,2504000055,NEW RAM LONGDIMM DDR4 DIGITAL ALLIANCE 16GB (1X16GB) 3200MHZ,6923172573377,LONGDIMM DDR4,DIGITAL ALLIANCE,TIDAK,0
3501,2504000054,NEW RAM LONGDIMM DDR4 DIGITAL ALLIANCE 8GB (1X8GB) 3200MHZ,6923172570031,LONGDIMM DDR4,DIGITAL ALLIANCE,TIDAK,0
3502,2507000148,NEW RAM LONGDIMM DDR4 GSKILL RIPJAWS V 8GB (1X8GB) 3200MHZ - F4-3200C16S-8GVKB,4719692008428,LONGDIMM DDR4,G SKILL,TIDAK,0
3503,2509000275,NEW RAM LONGDIMM DDR4 GSKILL TRIDENT Z RGB 32GB (2x16GB) 3600MHZ - F4-3600C18D-32GTZR,4713294223081,LONGDIMM DDR4,G SKILL,TIDAK,0
3504,2503000366,NEW RAM LONGDIMM DDR5 GSKILL TRIDENT Z5 RGB 32GB (2X16GB) 6000MHZ - F5-6000J3636F16GX2-TZ5RK,4713294230720,LONGDIMM DDR5,G SKILL,TIDAK,0
3505,2511000214,NEW RAM LONGDIMM DDR5 KINGSTON FURY BEAST 16GB (2x8GB) 5600MHZ BLACK - KE556C36BBEK2-16,740617331769,LONGDIMM DDR5,KINGSTON,TIDAK,0
3506,2511000062,NEW RAM LONGDIMM DDR5 KINGSTON FURY BEAST 16GB (2x8GB) 6000MHZ RGB BLACK - KF560C40BBAK2-16,740617328530,LONGDIMM DDR5,KINGSTON,TIDAK,1
3507,2504000296,NEW RAM LONGDIMM DDR4 KINGSTON FURY BEAST 16GB (2x8GB) 3600MHZ RGB BLACK - KF436C17BB2AK2/16,740617337440,LONGDIMM DDR4,KINGSTON,TIDAK,2
3508,2504000295,NEW RAM LONGDIMM DDR4 KINGSTON FURY 16GB (2x8GB) 3200MHZ - KF432C16BBK2/16,740617351897,LONGDIMM DDR4,KINGSTON,TIDAK,5
3509,2511000127,NEW RAM LONGDIMM DDR5 KINGSTON FURY BEAST 8GB (1X8GB) 5600MHZ BLACK - KF556C36BBE-8,740617331776,LONGDIMM DDR5,KINGSTON,TIDAK,0
3510,2511000057,NEW RAM LONGDIMM DDR4 KINGSTON VALUE 16GB (1X16GB) 3200MHZ - KVR32N22D8/16,740617351941,LONGDIMM DDR4,KINGSTON,TIDAK,2
3511,2509000274,NEW RAM LONGDIMM DDR5 KLEVV FIT V 32GB (2x16GB) 6000MHZ JET BLACK,,LONGDIMM DDR5,KLEVV,TIDAK,0
3512,2510000271,NEW RAM LONGDIMM DDR4 SKHYNIX-MICRON 8GB (1X8GB) 3200MHZ,,LONGDIMM DDR4,,TIDAK,2
3513,2504000042,NEW RAM LONGDIMM DDR4 COLORFUL BATTLE AX 16GB (1X16GB) 3200MHZ,6971043076748,LONGDIMM DDR4,COLORFUL,TIDAK,0
3514,2508000208,NEW RAM LONGDIMM DDR4 NETAC SHADOW II 16GB(2X8GB) 3200MHZ BLACK,6926337235509,LONGDIMM DDR4,NETAC,TIDAK,0
3515,2508000210,NEW RAM LONGDIMM DDR4 NETAC SHADOW II 32GB (2X16GB) 3200MHZ BLACK,6926337235493,LONGDIMM DDR4,NETAC,TIDAK,0
3516,2508000209,NEW RAM LONGDIMM DDR4 NETAC SHADOW II 16GB(2X8GB) 3200MHZ WHITE,6926337235905,LONGDIMM DDR4,NETAC,TIDAK,1
3517,2508000211,NEW RAM LONGDIMM DDR4 NETAC SHADOW II 32GB (2X16GB) 3200MHZ WHITE,6926337235899,LONGDIMM DDR4,NETAC,TIDAK,0
3518,2508000207,NEW RAM LONGDIMM DDR4 NETAC SHADOW S 16GB (1X16GB) 3200MHZ WHITE,6926337238906,LONGDIMM DDR4,NETAC,TIDAK,0
3519,2508000206,NEW RAM LONGDIMM DDR4 NETAC SHADOW S 8GB (1X8GB) 3200MHZ WHITE,6926337238913,LONGDIMM DDR4,NETAC,TIDAK,0
3520,2508000213,NEW RAM LONGDIMM DDR4 OSCOO M200 WARRIOR HEATSINK 16GB (1X16GB) 3200MHZ BLACK,6970823624278,LONGDIMM DDR4,OSCOO,TIDAK,0
3521,2508000212,NEW RAM LONGDIMM DDR4 OSCOO M200 WARRIOR HEATSINK 8GB (1X8GB) 3200MHZ BLACK,6970823623660,LONGDIMM DDR4,OSCOO,TIDAK,0
3522,2507000149,NEW RAM LONGDIMM DDR4 PATRIOT PREMIUM D4 8GB (1X8GB) 3200MHZ - PSP48G320081H1,814914027110,LONGDIMM DDR4,PATRIOT,TIDAK,0
3523,2503000173,NEW RAM LONGDIMM DDR4 PATRIOT PREMIUM D4 32GB (2X16GB) 3200MHZ - PSP432G3200KH1,,LONGDIMM DDR4,PATRIOT,TIDAK,0
3524,2504000505,NEW RAM LONGDIMM DDR4 PATRIOT VIPER STEEL 16GB (2x8GB) 3600MHZ RGB BLACK - PVSR416G360C8K,814914029848,LONGDIMM DDR4,PATRIOT,TIDAK,0
3525,2503000367,NEW RAM LONGDIMM DDR5 PATRIOT VIPER VENOM RGB 32GB (2x16GB) 6000MHZ - PVVR532G600C36K,814914029589,LONGDIMM DDR5,PATRIOT,TIDAK,1
3526,2506000335,NEW RAM SODIMM DDR4 PNY XLR8 8GB 3200MHZ - MN8GSD43200XR-RB,,SODIMM DDR4,PNY,TIDAK,0
3527,2503000188,NEW RAM LONGDIMM DDR5 ACER PREDATOR VESTA II 32GB (2X16GB) 6000MHZ RGB BLACK,,LONGDIMM DDR5,ACER,TIDAK,0
3528,2503000183,NEW KABEL TECWARE EXTENSION SET FLEX ARGB WHITE - TWAC-FLEX-WHAR,,LONGDIMM DDR5,ACER,TIDAK,2
3529,2506000026,NEW RAM LONGDIMM DDR4 SKHYNIX 8GB (1X8GB) 3200MHZ - UA3-13 HMAG68EXNUA076N,,LONGDIMM DDR4,SKYHNIX,TIDAK,2
3530,2507000075,NEW RAM LONGDIMM DDR4 TEAM GROUP ELITE 8GB (1X8GB) 3200MHZ - TED48G3200C22016,765441647787,LONGDIMM DDR4,TEAM GROUP,TIDAK,0
3531,2507000038,NEW RAM LONGDIMM DDR5 TEAM GROUP ELITE 16GB (1X16GB) 5600MHZ,765441661837,LONGDIMM DDR5,TEAM GROUP,TIDAK,3
3532,2505000122,NEW RAM SODIMM DDR4 TEAM GROUP ELITE 16GB 3200MHZ,765441651715,SODIMM DDR4,TEAM GROUP,TIDAK,8
3533,2503000008,NEW RAM SODIMM DDR4 TEAM GROUP ELITE 32GB 3200MHZ,765441651708,SODIMM DDR4,TEAM GROUP,TIDAK,5
3534,2503000007,NEW RAM SODIMM DDR4 TEAM GROUP ELITE 8GB 3200MHZ,765441651722,SODIMM DDR4,TEAM GROUP,TIDAK,5
3535,2503000107,NEW RAM SODIMM DDR5 TEAM GROUP ELITE 16GB 5600MHZ,,SODIMM DDR5,TEAM GROUP,TIDAK,3
3536,2504000438,NEW RAM SODIMM DDR5 TEAM GROUP ELITE 32GB 5600MHZ,,SODIMM DDR5,TEAM GROUP,TIDAK,0
3537,2503000120,NEW RAM SODIMM DDR5 TEAM GROUP ELITE 8GB 5600MHZ,,SODIMM DDR5,TEAM GROUP,TIDAK,0
3538,2511000224,NEW RAM LONGDIMM DDR5 TEAM GROUP TCREATE CLASSIC 32GB (2x16GB) 5600MHZ BLACK - CL.46.46.46.90,,LONGDIMM DDR5,TEAM GROUP,TIDAK,0
3539,2508000285,NEW RAM LONGDIMM DDR4 TEAM GROUP TCREATE CLASSIC 16GB (2X8GB) 3200MHZ SILVER,765441652927,LONGDIMM DDR4,TEAM GROUP,TIDAK,12
3540,2508000286,NEW RAM LONGDIMM DDR4 TEAM GROUP TCREATE CLASSIC 32GB (2X16GB) 3200MHZ SILVER,765441652934,LONGDIMM DDR4,TEAM GROUP,TIDAK,9
3541,2505000047,NEW RAM LONGDIMM DDR4 TEAM GROUP TFORCE DELTA 16GB (2X8GB) 3200MHZ RGB BLACK - TF3D416G3200HC16CDC01,,LONGDIMM DDR4,TEAM GROUP,TIDAK,1
3542,2505000048,NEW RAM LONGDIMM DDR4 TEAM GROUP TFORCE DELTA 16GB (2X8GB) 3200MHZ RGB WHITE - TF3D416G3200HC16CDC01,765441654587,LONGDIMM DDR4,TEAM GROUP,TIDAK,0
3543,2505000045,NEW RAM LONGDIMM DDR4 TEAM GROUP TFORCE DELTA 16GB (2X8GB) 3600MHZ RGB BLACK - TF3D416G3600HC18JDC01,765441651777,LONGDIMM DDR4,TEAM GROUP,TIDAK,5
3544,2505000046,NEW RAM LONGDIMM DDR4 TEAM GROUP TFORCE DELTA 16GB (2X8GB) 3600MHZ RGB WHITE - TF3D416G3600HC18JDC01,765441651760,LONGDIMM DDR4,TEAM GROUP,TIDAK,1
3545,2503000115,NEW RAM LONGDIMM DDR5 TEAM GROUP TFORCE DELTA 16GB (2X8GB) 6000MHZ RGB BLACK,,LONGDIMM DDR5,TEAM GROUP,TIDAK,0
3546,2503000116,NEW RAM LONGDIMM DDR5 TEAM GROUP TFORCE DELTA 16GB (2X8GB) 6000MHZ RGB WHITE,,LONGDIMM DDR5,TEAM GROUP,TIDAK,0
3547,2503000113,NEW RAM LONGDIMM DDR5 TEAM GROUP TFORCE DELTA 32GB (2X16GB) 6000MHZ RGB BLACK,765441773059,LONGDIMM DDR5,TEAM GROUP,TIDAK,0
3548,2503000114,NEW RAM LONGDIMM DDR5 TEAM GROUP TFORCE DELTA 32GB (2X16GB) 6000MHZ RGB WHITE,765441773042,LONGDIMM DDR5,TEAM GROUP,TIDAK,0
3549,2505000052,NEW RAM LONGDIMM DDR5 TEAM GROUP TFORCE DELTA 64GB (2X32GB) 6400MHZ BLACK,765441777316,LONGDIMM DDR5,TEAM GROUP,TIDAK,2
3550,2505000053,NEW RAM LONGDIMM DDR5 TEAM GROUP TFORCE DELTA 64GB (2X32GB) 6400MHZ WHITE,765441777279,LONGDIMM DDR5,TEAM GROUP,TIDAK,3
3551,2505000050,NEW RAM LONGDIMM DDR5 TEAM GROUP TFORCE DELTA 64GB (2X32GB) 6000MHZ BLACK,765441664173,LONGDIMM DDR5,TEAM GROUP,TIDAK,3
3552,2505000051,NEW RAM LONGDIMM DDR5 TEAM GROUP TFORCE DELTA 64GB (2X32GB) 6000MHZ WHITE,765441664142,LONGDIMM DDR5,TEAM GROUP,TIDAK,1
3553,2504000061,NEW RAM LONGDIMM DDR5 TEAM GROUP TFORCE DELTA 32GB (2X16GB) 6400MHZ RGB BLACK,765441659582,LONGDIMM DDR5,TEAM GROUP,TIDAK,2
3554,2504000063,NEW RAM LONGDIMM DDR5 TEAM GROUP TFORCE DELTA 32GB (2X16GB) 6400MHZ RGB WHITE,765441659605,LONGDIMM DDR5,TEAM GROUP,TIDAK,0
3555,2505000044,NEW RAM LONGDIMM DDR5 TEAM GROUP TCREATE EXPERT CL34 64GB (2x32GB) 6400MHZ BLACK,765441664432,LONGDIMM DDR5,TEAM GROUP,TIDAK,4
3556,2511000129,NEW RAM LONGDIMM DDR5 TOROSUS HEATSINK RH53 32GB (2x16GB) 5600MHZ RGB WHITE,6935515152019,LONGDIMM DDR5,TOROSUS,TIDAK,6
3557,2511000130,NEW RAM LONGDIMM DDR5 TOROSUS HEATSINK RH54 16GB (1x16GB) 6000MHZ RGB WHITE,6935515151906,LONGDIMM DDR5,TOROSUS,TIDAK,6
3558,2503000283,NEW RAM SODIMM DDR5 TRANSCEND 16GB 4800MHZ,,SODIMM DDR5,TRANSCEND,TIDAK,0
3559,2503000372,NEW RAM LONGDIMM DDR3L VENOMRX 8GB (1X8GB) 1600MHZ,2503000372,LONGDIMM DDR3,VENOMRX,TIDAK,0
3560,2506000003,NEW RAM SODIMM DDR4 VENOMRX 8GB 3200MHZ,,SODIMM DDR4,VENOMRX,TIDAK,0
3561,2509000250,NEW RDA LQ310 LX310 FOR SERVICE,,,,TIDAK,0
3562,2509000142,NEW REMOTE INFOCUS IN144,,,,TIDAK,-1
3563,2504000003,NEW REXUS DUAL CHARGING DOCK FOR PS5 GCD-01,6991018313029,DOCKING CHARGER,REXUS,TIDAK,0
3564,2506000205,NEW REXUS THUNDERVOX STREAM HX25 3.5mm WIRED - WHITE,6991006270020,HEADSET GAMING WIRED,REXUS,TIDAK,0
3565,2503000301,NEW RIBBON CATRIDGE EPSON LQ-310,4895093306278,,EPSON,TIDAK,63
3566,2506000084,NEW RIBBON EPSON CATRIDGE LQ2190 ORIGINAL - RUMAH + PITA,010343601802,,EPSON,TIDAK,0
3567,2506000046,NEW ROUTER INDOSAT HIFI AIR HOME MODEM HKM0127+ 4G,,,,TIDAK,0
3568,2510000030,NEW ROUTER RUIJIE RG-EG105GW(T) AC1300 5 PORT,,,,TIDAK,0
3569,2511000148,NEW ROUTER TENDA TX2 PRO WIFI6,6932849425215,,,TIDAK,0
3570,2505000204,NEW Rexus Headset Stand Speaker Astro RX-J4,6991008298022,HEADSET STAND,REXUS,TIDAK,8
3571,2503000611,NEW SADES RYUNIX HIKARI LX1 MONITOR SCREEN LIGHT BAR,,SCREEN LIGHTBAR,SADES,TIDAK,0
3572,2503000612,NEW SADES RYUNIX XD100 STREAM DECK CONTROLL PAD BLACK,2503000612,,,TIDAK,1
3573,2509000239,NEW SCANNER BLUEPRINT OMNI OM200,,SCANNER,BLUEPRINT,TIDAK,0
3574,2510000054,NEW SCANNER EPSON WORKFORCE DS-410,8885007026411,,EPSON,TIDAK,2
3575,2505000145,NEW SCANNER ONLY FOR MG2570,,,,TIDAK,0
3576,2511000098,NEW SCREW ARMAGGEDON,,UNCATEGORIZED,ARMAGGEDDON,TIDAK,1
3577,2510000166,NEW SERVICE LCD LENOVO,,SPAREPART LAPTOP,LENOVO,TIDAK,0
3578,2511000110,NEW SET CASING ARMAGGEDDON AQUARON WIBO DUAL CHAMBER BLACK – ATX,,CASING PC GAMING,ARMAGGEDDON,TIDAK,0
3579,2511000111,NEW SET CASING ARMAGGEDDON AQUARON WIBO DUAL CHAMBER WHITE – ATX,,CASING PC GAMING,ARMAGGEDDON,TIDAK,0
3580,2511000108,NEW SET CASING ARMAGGEDDON AQUARON X CURVE 285 DUAL CHAMBER BLACK – mATX,,CASING PC GAMING,ARMAGGEDDON,TIDAK,0
3581,2511000109,NEW SET CASING ARMAGGEDDON AQUARON X CURVE 285 DUAL CHAMBER WHITE – mATX,,CASING PC GAMING,ARMAGGEDDON,TIDAK,0
3582,2506000148,NEW SHIFTER LOGITECH DRIVING FORCE 941-000132 - BLACK,097855113535,SHIFTER,LOGITECH,TIDAK,0
3583,2505000086,NEW SHIFTER NLR TH8S,3362934003319,,,TIDAK,1
3584,2510000051,NEW SMART WALL FANTECH SWITCH 3 GANG SWS03 IOT - SWS0103,6972661287226,IOT,FANTECH,TIDAK,3
3585,2511000064,NEW SOFA COUGAR RANGER ROYAL,,KURSI GAMING,COUGAR,TIDAK,2
3586,2508000068,NEW SPEAKER ACOME A22 5W BLACK,6936678480261,,,TIDAK,3
3587,2507000092,NEW SPEAKER FANTECH BEAT BAR GS305 2-CONNECTION - BLACK,6972661280821,SPEAKER BLUETOOTH,FANTECH,TIDAK,0
3588,2507000095,NEW SPEAKER FANTECH GROOVE BAR GS303 2-CONNECTION - BLACK,6972661280777,SPEAKER BLUETOOTH,FANTECH,TIDAK,0
3589,2507000090,NEW SPEAKER FANTECH GROOVE GS304 2-CONNECTION - BLACK,6972661280807,SPEAKER BLUETOOTH,FANTECH,TIDAK,0
3590,2507000091,NEW SPEAKER FANTECH GROOVE GS304 2-CONNECTION - WHITE,6972661280784,SPEAKER BLUETOOTH,FANTECH,TIDAK,0
3591,2507000093,NEW SPEAKER FANTECH MINI BEAT GS203 WIRED 3.5mm - BLACK,6972661285031,SPEAKER WIRED,FANTECH,TIDAK,2
3592,2507000094,NEW SPEAKER FANTECH MINI BEAT GS203 WIRED 3.5mm - WHITE,6972661285093,SPEAKER WIRED,FANTECH,TIDAK,2
3593,2507000089,NEW SPEAKER FANTECH GROOVE BAR LITE GS206 WIRED 3.5mm + USB A - BLACK,6972661280791,SPEAKER WIRED,FANTECH,TIDAK,0
3594,2510000045,NEW SPEAKER FANTECH GROOVE BAR PRO BS151 2-CONNECTION - BLACK,6972661280814,SPEAKER BLUETOOTH,FANTECH,TIDAK,0
3595,2510000049,NEW SPEAKER FANTECH NERA BOX BS154 3-CONNECTION - BLACK,6977052253330,SPEAKER BLUETOOTH,FANTECH,TIDAK,0
3596,2510000050,NEW SPEAKER FANTECH NERA BOX BS154 3-CONNECTION - GREY,6977052253347,SPEAKER BLUETOOTH,FANTECH,TIDAK,1
3597,2505000058,NEW SPEAKER GAMEN GS10 USB WIRED - BLACK,,SPEAKER WIRED,GAMEN,TIDAK,1
3598,2505000241,NEW SPEAKER GAMEN GS2 3.5mm + USB WIRED - BLACK,6936678424333,SPEAKER WIRED,GAMEN,TIDAK,0
3599,2508000064,NEW SPEAKER GAMEN GS8 USB WIRED - BLACK,,SPEAKER WIRED,GAMEN,TIDAK,0
3600,2505000117,NEW SPEAKER HARMAN KARDON AURA STUDIO 4 - BLACK,6925281962288,SPEAKER BLUETOOTH,HARMAN KARDON,TIDAK,2
3601,2505000116,NEW SPEAKER HARMAN KARDON HK SOUNDSTICK 4 - BLACK,,SPEAKER BLUETOOTH,HARMAN KARDON,TIDAK,0
3602,2505000113,NEW SPEAKER HARMAN KARDON ONYX STUDIO 7 - BLACK,6925281982903,SPEAKER BLUETOOTH,HARMAN KARDON,TIDAK,0
3603,2505000114,NEW SPEAKER HARMAN KARDON ONYX STUDIO 7 - BLUE,6925281982927,SPEAKER BLUETOOTH,HARMAN KARDON,TIDAK,0
3604,2505000115,NEW SPEAKER HARMAN KARDON ONYX STUDIO 7 - GREY,6925281982910,SPEAKER BLUETOOTH,HARMAN KARDON,TIDAK,0
3605,2508000197,NEW SPEAKER HARMAN KARDON SOUNDSTICK 4 - WHITE,,SPEAKER BLUETOOTH,HARMAN KARDON,TIDAK,0
3606,2505000110,NEW SPEAKER JBL CHARGE 5 - GRAY,,SPEAKER BLUETOOTH,JBL,TIDAK,0
3607,2505000109,NEW SPEAKER JBL CHARGE 5 - RED,,SPEAKER BLUETOOTH,JBL,TIDAK,0
3608,2505000108,NEW SPEAKER JBL CHARGE 5 - TEAL,6925281982125,SPEAKER BLUETOOTH,JBL,TIDAK,0
3609,2507000249,NEW SPEAKER JBL CLIP 3 - BLACK,6925281933028,SPEAKER BLUETOOTH,JBL,TIDAK,0
3610,2505000111,NEW SPEAKER JBL FLIP 6 - BLUE,6925281993039,SPEAKER BLUETOOTH,JBL,TIDAK,0
3611,2505000103,NEW SPEAKER JBL FLIP6 - BLACK,6925281992971,SPEAKER BLUETOOTH,JBL,TIDAK,0
3612,2505000105,NEW SPEAKER JBL FLIP6 - GRAY,6925281993008,SPEAKER BLUETOOTH,JBL,TIDAK,0
3613,2505000104,NEW SPEAKER JBL FLIP6 - RED,6925281992995,SPEAKER BLUETOOTH,JBL,TIDAK,1
3614,2505000106,NEW SPEAKER JBL FLIP6 - TEAL,,SPEAKER BLUETOOTH,JBL,TIDAK,0
3615,2505000107,NEW SPEAKER JBL FLIP6 - WHITE,6925281993015,SPEAKER BLUETOOTH,JBL,TIDAK,0
3616,2507000247,NEW SPEAKER JBL GO 2 - BLACK,,SPEAKER BLUETOOTH,JBL,TIDAK,0
3617,2507000248,NEW SPEAKER JBL GO 2 - ORANGE,6925281931949,SPEAKER BLUETOOTH,JBL,TIDAK,0
3618,2504000494,NEW SPEAKER NYK NEMESIS FALCON SPN-08 WIRED - BLACK,,SPEAKER WIRED,NYK,TIDAK,0
3619,2504000495,NEW SPEAKER NYK NEMESIS FALCON SPN-08 WIRED - WHITE,,SPEAKER WIRED,NYK,TIDAK,0
3620,2504000487,NEW SPEAKER NYK NEMESIS QUANTUM PRO X65 2-CONNECTION - BLACK,2504000487,SPEAKER BLUETOOTH,NYK,TIDAK,1
3621,2504000488,NEW SPEAKER NYK NEMESIS QUANTUM PRO X65 2-CONNECTION - WHITE,8994464830070,SPEAKER BLUETOOTH,NYK,TIDAK,0
3622,2505000170,NEW SPEAKER OLIKE OBS-110 WIRELESS - BLACK,8990049000753,SPEAKER BLUETOOTH,OLIKE,TIDAK,0
3623,2505000171,NEW SPEAKER OLIKE SC01 WIRED - BLACK,8990049011155,SPEAKER WIRED,OLIKE,TIDAK,1
3624,2505000169,NEW SPEAKER OLIKE SF6 BEATZ WIRELESS - BLACK,8990049006830,SPEAKER BLUETOOTH,OLIKE,TIDAK,0
3625,2505000167,NEW SPEAKER OLIKE SF7 MINI WIRELESS - BLACK,,SPEAKER BLUETOOTH,OLIKE,TIDAK,0
3626,2505000168,NEW SPEAKER OLIKE SF7 MINI WIRELESS - BEIGE,8990049009633,SPEAKER BLUETOOTH,OLIKE,TIDAK,0
3627,2504000166,NEW SPEAKER ROBOT BLUETOOTH RB120 RGB LIGHTS IPX4 BLACK,6936678424302,SPEAKER BLUETOOTH,ROBOT,TIDAK,0
3628,2504000167,NEW SPEAKER ROBOT BLUETOOTH RB120 RGB LIGHTS IPX4 BLUE,6936678424319,SPEAKER BLUETOOTH,ROBOT,TIDAK,0
3629,2503000518,NEW SPEAKER ROBOT BLUETOOTH RB290 BLACK,6936678416000,SPEAKER BLUETOOTH,ROBOT,TIDAK,0
3630,2508000067,NEW SPEAKER ROBOT MULTIMEDIA RS200 BLACK,6971548132314,SPEAKER WIRED,ROBOT,TIDAK,5
3631,2505000062,NEW SPEAKER ROBOT RB230 WITH RGB LIGHT SHOW BLACK,6936678478596,SPEAKER BLUETOOTH,ROBOT,TIDAK,0
3632,2504000171,NEW SPEAKER ROBOT RB525 DOUBLE BASS IPX4 BLUETOOTH SPEAKER WITH RGB LIGHTS,6936678475212,SPEAKER BLUETOOTH,ROBOT,TIDAK,0
3633,2510000228,NEW SPEAKER ROBOT RB525 DOUBLE BASS IPX4 BLUETOOTH SPEAKER WITH RGB LIGHTS - BLUE,6936678475205,SPEAKER BLUETOOTH,ROBOT,TIDAK,3
3634,2505000059,NEW SPEAKER ROBOT RB590 HOME THEATER TV,6936678416017,SPEAKER BLUETOOTH,ROBOT,TIDAK,0
3635,2510000231,NEW SPEAKER ROBOT RB680 DOUBLE BASS RGB LIGHTSHOW SOUNDBAR,6936678462069,SPEAKER BLUETOOTH,ROBOT,TIDAK,0
3636,2504000163,NEW SPEAKER ROBOT RS180 MULTIMEDIA SPEAKER FOR PC/LAPROP YELLOW,,SPEAKER WIRED,ROBOT,TIDAK,0
3637,2504000352,NEW SPEAKER ROBOT RS190 GAMING SPEAKER 2.1CH SUBWOOFER WITH RGB LIGHT,,SPEAKER WIRED,ROBOT,TIDAK,0
3638,2510000230,NEW SPEAKER ROBOT RS500 BLUETOOTH GAMING SOUNDBAR WITH RGB BLACK,6936678493100,SPEAKER BLUETOOTH,ROBOT,TIDAK,1
3639,2511000037,NEW SPEAKER SONY ULT WIRELESS PORTABLE SPEAKER - SRS-ULT10 BLACK,4548736157170,SPEAKER BLUETOOTH,SONY,TIDAK,0
3640,2511000038,NEW SPEAKER SONY ULT WIRELESS PORTABLE SPEAKER - SRS-ULT10 ORANGE,4548736157231,SPEAKER BLUETOOTH,SONY,TIDAK,1
3641,2511000034,NEW SPEAKER SONY WIRELESS SPEAKER - SRS-XB100 BLACK,4548736146242,SPEAKER BLUETOOTH,SONY,TIDAK,2
3642,2511000036,NEW SPEAKER SONY WIRELESS SPEAKER - SRS-XB100 GREY,,SPEAKER BLUETOOTH,SONY,TIDAK,1
3643,2511000035,NEW SPEAKER SONY WIRELESS SPEAKER - SRS-XB100 ORANGE,,SPEAKER BLUETOOTH,SONY,TIDAK,1
3644,2508000061,NEW SPEAKER VIVAN SOUND S2 RBG 10W - BLACK,,,,TIDAK,0
3645,2504000241,NEW SPINDLE UNIT DE,,,,TIDAK,0
3646,2511000194,NEW SPLITTER AUDIO UGREEN 3.5MM AUX STEREO 10532 20CM - BLACK,,KABEL USB C TO 3.5 MM,UGREEN,TIDAK,7
3647,2509000172,NEW SPLITTER HDMI UGREEN AMPLIFIER 40202EU 1 IN 4 OUT - BLACK,6941876229734,HDMI SPLITTER,UGREEN,TIDAK,0
3648,2511000193,NEW SPLITTER AUDIO UGREEN USB-C TO 3.5MM DAC 80154 10CM - GRAY,,KABEL USB C TO 3.5 MM,UGREEN,TIDAK,0
3649,2509000145,NEW SPLITTER UGREN AMPLIFIER HDMI 8IN1 - 40203EU,6941876229758,HDMI SPLITTER,UGREEN,TIDAK,2
3650,100033,TEAM SSD 2.5 256GB VULCAN,,SATA 256 GB,TEAM GROUP,YA,0
3651,100108,SSD NVME MSI SPATIUM M461 PCIe 4.0 500GB,,NVME 500 GB,MSI,YA,0
3652,100109,SSD MSI SPATIUM M450 PCIe 4.0 NVMe 500GB,100109,NVME 500 GB,MSI,TIDAK,0
3653,100110,SSD NVME MSI SPATIUM M461 PCIe 4.0 1TB,,NVME 1 TB,MSI,YA,0
3654,100111,"SSD SATA SPATIUM S270 SATA 2.5"" 240GB",100111,SATA 256 GB,MSI,YA,1
3655,100112,"SSD SATA SPATIUM S270 SATA 2.5"" 480GB",100112,SATA 500 GB,MSI,YA,0
3656,100175,"SSD SATA VENOMRX 2.5"" 256GB",100175,SATA 256 GB,VENOMRX,YA,0
3657,100176,SSD NVME VENOMRX 3.0 512GB,100176,NVME 500 GB,VENOMRX,YA,0
3658,100218,SSD SATA HOSE 128GB,100218,SATA 128 GB,HOSE,YA,0
3659,100219,SSD SATA HOSE 256GB,100219,SATA 256 GB,HOSE,TIDAK,0
3660,100220,SSD SATA HOSE 512GB,100220,SATA 500 GB,HOSE,YA,0
3661,100297,SSD NVME VENOMRX 4.0 ULTRA  - 1TB,100297,NVME 1 TB,VENOMRX,YA,0
3662,100298,SSD NVME VENOMRX 4.0 ULTRA  - 512GB,100298,NVME 500 GB,VENOMRX,YA,0
3663,100435,SSD SATA DIGITAL ALLIANCE 256GB,100435,SATA 256 GB,DIGITAL ALLIANCE,YA,0
3664,100436,SSD SATA DIGITAL ALLIANCE 512GB,6923172591098,SATA 500 GB,DIGITAL ALLIANCE,TIDAK,0
3665,100437,SSD NVME DIGITAL ALLIANCE 256GB 3.0,6923172591111,NVME 256 GB,DIGITAL ALLIANCE,TIDAK,0
3666,100438,SSD NVME DIGITAL ALLIANCE 512GB 3.0X4,100438,NVME 500 GB,DIGITAL ALLIANCE,YA,0
3667,2510000197,NEW HARDISK EKSTERNAL TOSHIBA CANVIO ADVANCE PORTABLE HARD DRIVE 1TB - WHITE,4547808812009,HARDDISK EXTERNAL,TOSHIBA,TIDAK,0
3668,2503000020,"NEW CASING HDD SSD SATA KESU K103 2.5"" USB 3.0",,ENCLOSURE SATA,KESU,TIDAK,0
3669,2503000214,NEW SSD HEATSINK ACC PREDATOR,,HEATSINK SSD,ACER,YA,0
3670,100451,SSD NVME VENOMRX 3.0 256GB,100451,NVME 256 GB,VENOMRX,TIDAK,0
3671,100473,SSD ADATA XPG GAMMIX SSD NVME GEN4 S70 BLADE 512GB,100473,NVME 500 GB,ADATA,YA,0
3672,100474,SSD ADATA XPG GAMMIX NVME GEN4 S70 BLADE 1TB,100474,NVME 1 TB,ADATA,YA,0
3673,100475,SSD ADATA NVME GEN3 LEGEND 710 512GB,100475,NVME 500 GB,ADATA,TIDAK,0
3674,100626,SSD NVMe M.2 MSI SPATIUM M480 PRO PCIe 4.0 1TB,100626,NVME 1 TB,MSI,YA,0
3675,100666,SANDISK EXTREME PORTABLE SSD 1TB SDSSDE61,619659182557,SSD EXTERNAL,SANDISK,YA,0
3676,100662,"SSD SATA SANDISK PLUS 2.5"" 240GB 530/440Mbps",619659146726,SATA 256 GB,SANDISK,TIDAK,16
3677,100663,SANDISK PLUS SSD 480GB 535/445Mbps,619659146757,SATA 500 GB,SANDISK,TIDAK,1
3678,100664,SANDISK PLUS SOLID STATE DRIVE SDSSDA-1T100,619659195830,SATA 1 TB,SANDISK,YA,0
3679,100701,SSD TEAM TFORCE 2.5 SATA 1TB VULCAN Z,100701,SATA 1 TB,TEAM GROUP,TIDAK,0
3680,100703,SSD TEAM NVME 2280 GEN4 2TB MP44L,765441062078,NVME 2 TB,TEAM GROUP,YA,0
3681,100798,SSD TEAM NVME 2280 GEN3 256GB - MP33,,NVME 256 GB,TEAM GROUP,YA,0
3682,100849,SSD SAMSUNG M.2 990 EVO PLUS 1TB,100849,NVME 1 TB,SAMSUNG,YA,0
3683,100965,SSD SATA SAMSUNG 870 EVO SATA III - 250GB,,SATA 256 GB,SAMSUNG,YA,0
3684,100966,SSD SATA SAMSUNG 870 EVO SATA III - 500GB,,SATA 500 GB,SAMSUNG,YA,0
3685,100967,SSD SATA SAMSUNG 870 EVO SATA III - 1TB,,SATA 1 TB,SAMSUNG,YA,0
3686,100968,SSD NVME SAMSUNG 970 EVO PLUS 3.0X4 - 500GB,,NVME 500 GB,SAMSUNG,YA,0
3687,100969,SSD NVME SAMSUNG 980 EVO 500GB,,NVME 500 GB,SAMSUNG,YA,0
3688,101000,SSD TEAM TFORCE 2.5 SATA 2TB VULCAN Z,101000,SATA 2 TB,TEAM GROUP,YA,0
3689,101001,SSD TEAM NVME 2280 GEN3 2TB - MP33,765441049116,NVME 2 TB,TEAM GROUP,YA,0
3690,101238,SSD NVME SATA HOSE 256GB 3.0,,NVME 256 GB,HOSE,YA,0
3691,101239,SSD NVME SATA HOSE 512GB 3.0,,NVME 500 GB,HOSE,YA,0
3692,101279,SSD SATA KINGSTON A400 480GB,740617263442,SATA 500 GB,KINGSTON,TIDAK,5
3693,101280,SSD NVME KINGSTON NV3 1TB,101280,NVME 1 TB,KINGSTON,YA,0
3694,101281,SSD NVME KINGSTON NV3 500GB,740617344806,NVME 500 GB,KINGSTON,YA,0
3695,101348,SSD NVME TFORCE 2280 GEN4 1TB G70 PRO W/STICKER,101348,NVME 1 TB,TEAM GROUP,YA,0
3696,101349,SSD NVME TFORCE 2280 GEN4 2TB G70 PRO W/STICKE,101439,NVME 2 TB,TEAM GROUP,YA,0
3697,101423,"SSD SATA SAMSUNG EVO 870 2.5"" 250GB",8806090525735,SATA 256 GB,SAMSUNG,TIDAK,19
3698,101424,SSD SAMSUNG EVO 870 500GB,8806090527463,SATA 500 GB,SAMSUNG,TIDAK,2
3699,101425,SSD SAMSUNG 870 EVO 1TB,101425,SATA 1 TB,SAMSUNG,YA,0
3700,101426,SSD SAMSUNG 980 500GB,8806090572227,NVME 500 GB,SAMSUNG,YA,0
3701,101427,SSD SAMSUNG 980 1TB,,NVME 1 TB,SAMSUNG,YA,0
3702,101428,SSD SAMSUNG 990 1TB PRO,,NVME 1 TB,SAMSUNG,YA,0
3703,101429,SSD MSI SPATIUM NVME M470 PRO 1TB,,NVME 1 TB,MSI,YA,0
3704,101445,SSD ADATA NVME GEN4 LEGEND 860 500GB,101445,NVME 500 GB,ADATA,YA,0
3705,101446,SSD ADATA NVME GEN4 LEGEN 860 1000GB,101446,NVME 1 TB,ADATA,YA,0
3706,101499,SSD NVMe M.2 MSI SPATIUM M480 PRO PCIe 4.0 4TB,4711377105620,NVME 4 TB,MSI,YA,0
3707,101558,SSD SAMSUNG 990 EVO PLUS 2TB,,NVME 2 TB,SAMSUNG,YA,0
3708,100667,SANDISK EXTREME PORTABLE SSD 2TB SDSSDE61,100667,SSD EXTERNAL,SANDISK,YA,0
3709,101345,SSD PORTABLE MSI MAGNETIC DATAMAG 20Gbps,101345,SSD EXTERNAL,MSI,YA,0
3710,2506000094,NEW SSD PORTABLE TRANSCEND ESD320A 512GB,760557864967,SSD EXTERNAL,TRANSCEND,TIDAK,8
3711,2506000095,NEW SSD PORTABLE TRANSCEND ESD320A 1TB,760557864981,SSD EXTERNAL,TRANSCEND,TIDAK,2
3712,2506000096,NEW SSD PORTABLE TRANSCEND ESD330C 512GB,760557865001,SSD EXTERNAL,TRANSCEND,TIDAK,0
3713,2506000097,NEW SSD PORTABLE TRANSCEND ESD360C 1TB,760557864462,SSD EXTERNAL,TRANSCEND,TIDAK,0
3714,2506000122,NEW SSD PORTABLE SANDISK EXTREME 1TB 1050MB/S R,,SSD EXTERNAL,SANDISK,TIDAK,0
3715,2506000123,NEW SSD PORTABLE SANDISK EXTREME 2TB 1050MB/S R,619659184674,SSD EXTERNAL,SANDISK,TIDAK,0
3716,2506000124,NEW SSD PORTABLE SANDISK 1TB 800MB/s R,,SSD EXTERNAL,SANDISK,TIDAK,0
3717,2506000125,NEW SSD PORTABLE SANDISK 2TB 800MB/s R,619659204853,SSD EXTERNAL,SANDISK,TIDAK,0
3718,101561,SSD SAMSUNG NVME GEN4 99 PRO 2TB 3Y,,NVME 2 TB,SAMSUNG,YA,0
3719,2506000126,NEW SSD PORTABLE SANDISK 480GB 520MB/s R,,SSD EXTERNAL,SANDISK,TIDAK,0
3720,2506000261,NEW SSD PORTABLE SANDISK FORTNITE PEELY 1TB 800MB/S,,SSD EXTERNAL,SANDISK,TIDAK,0
3721,2506000262,NEW SSD PORTABLE SANDISK SDSSDE30 2TB 800MB/S,,SSD EXTERNAL,SANDISK,TIDAK,0
3722,2506000288,NEW SSD PORTABLE SAMSUNG T7 TOUCH 1TB - BLACK,,SSD EXTERNAL,SAMSUNG,TIDAK,0
3723,2506000289,NEW SSD PORTABLE SAMSUNG T7 TOUCH 1TB - RED,,SSD EXTERNAL,SAMSUNG,TIDAK,0
3724,101562,SSD NVME TFORCE 2280 GEN4 2TB G70 PRO W/HEATSINK,,NVME 2 TB,TEAM GROUP,YA,0
3725,2503000010,NEW SSD NVME ADATA XPG GAMMIX S70 BLADE 1TB GEN 4.0 - 2280,4711085933065,NVME 1 TB,ADATA,TIDAK,0
3726,2503000059,NEW SSD NVME WD BLACK SN7100 500GB GEN 4.0 - 2280,718037893662,NVME 500 GB,WD (WESTERN DIGITAL),TIDAK,12
3727,2503000060,NEW SSD NVME WD BLACK SN7100 1TB GEN 4.0 - 2280,718037893204,NVME 1 TB,WD (WESTERN DIGITAL),TIDAK,0
3728,2503000097,NEW SSD NVME MSI SPATIUM M480 PRO 1TB GEN 4.0 - 2280,4711377105590,NVME 1 TB,MSI,TIDAK,0
3729,2503000098,NEW SSD NVME MSI SPATIUM M470 PRO 1TB GEN 4.0 - 2280,4711377279963,NVME 1 TB,MSI,TIDAK,2
3730,2503000100,NEW SSD NVME MSI SPATIUM M450 500GB GEN 4.0 - 2280,4711377022477,NVME 500 GB,MSI,TIDAK,0
3731,2503000175,NEW SSD NVME ADATA XPG GAMMIX S70 BLADE 512GB GEN 4.0 - 2280,4711085936219,NVME 500 GB,ADATA,TIDAK,0
3732,2503000181,NEW SSD M.2 SATA SNTECH NGFF 256GB GEN 3.0,,NVME 1 TB,ACER,TIDAK,0
3733,2503000182,NEW SSD SATA VENOMRX 2.5″ 256GB,,NVME 500 GB,ACER,TIDAK,7
3734,2506000290,NEW SSD PORTABLE SAMSUNG T7 TOUCH 1TB - BLUE,,SSD EXTERNAL,SAMSUNG,TIDAK,0
3735,2506000327,NEW SSD PORTABLE WD ELEMENT SD 1TB,619659187101,SSD EXTERNAL,WD (WESTERN DIGITAL),TIDAK,0
3736,2507000068,NEW SSD PORTABLE MSI MAGNETIC DATAMAG 1TB - 20GBPS,4711377237123,SSD EXTERNAL,MSI,TIDAK,0
3737,2508000089,NEW SSD PORTABLE SAMSUNG T7 TOUCH 2TB - BLACK,,SSD EXTERNAL,SAMSUNG,TIDAK,0
3738,2503000186,NEW SSD NVME ACER PREDATOR GM7000 1TB GEN 4.0 - 2280,6955914613928,NVME 1 TB,ACER,TIDAK,0
3739,2503000187,NEW SSD NVME ACER PREDATOR GM7000 512GB GEN 4.0 - 2280,6955914613911,NVME 500 GB,ACER,TIDAK,0
3740,2503000278,NEW SSD NVME TEAM GROUP MP44L 2TB GEN 4.0 - 2280,,NVME 2 TB,TEAM GROUP,TIDAK,0
3741,2503000279,NEW SSD NVME TEAM GROUP MP44L 1TB GEN 4.0 - 2280,,NVME 1 TB,TEAM GROUP,TIDAK,0
3742,2503000280,"NEW SSD SATA TEAM GROUP VULCAN Z 2.5"" 2TB",765441060487,SATA 2 TB,TEAM GROUP,TIDAK,3
3743,2503000281,NEW POWER SUPPLY POWER COLOR RED WOLF 500W 80+ BRONZE - NON MODULAR,,NVME 1 TB,TEAM GROUP,TIDAK,0
3744,2503000282,NEW SSD NVME TEAM GROUP G70 PRO ALUMINUM HEAT SINK 1TB GEN 4.0 - 2280,4711430801742,NVME 1 TB,TEAM GROUP,TIDAK,0
3745,2504000044,NEW SSD NVME ADATA LEGEND 710 512GB GEN 3.0 - 2280,4711085937834,NVME 500 GB,ADATA,TIDAK,20
3746,2504000053,NEW SSD NVME DIGITAL ALLIANCE 512GB GEN 3.0 - 2280,6923172591128,NVME 500 GB,DIGITAL ALLIANCE,TIDAK,1
3747,2504000057,NEW SSD NVME TEAM GROUP G70 PRO GRAPHENE HEAT SINK 1TB GEN 4.0 - 2280,4711430801667,NVME 1 TB,TEAM GROUP,TIDAK,0
3748,2504000058,NEW SSD NVME TEAM GROUP G70 PRO GRAPHENE HEAT SINK 2TB GEN 4.0 - 2280,4711430800905,NVME 2 TB,TEAM GROUP,TIDAK,0
3749,2504000226,NEW SSD NVME TEAM GROUP G50 GRAPHENE HEAT SINK 1TB GEN 4.0 - 2280,,NVME 1 TB,TEAM GROUP,TIDAK,0
3750,2504000267,NEW SSD NVME ADATA XPG GAMMIX S70 BLADE 2TB GEN 4.0 - 2280,,NVME 2 TB,ADATA,TIDAK,0
3751,2504000329,NEW SSD NVME KINGSTON NV3 SNV3S/1000G 1TB GEN 4.0 - 2280,740617344790,NVME 1 TB,KINGSTON,TIDAK,4
3752,2504000330,NEW SSD NVME KINGSTON KC3000 SKC3000S/1024G 1TB GEN 4.0 - 2280,740617324433,NVME 1 TB,KINGSTON,TIDAK,3
3753,2504000331,NEW SSD NVME KINGSTON KC3000 SKC3000D/4096G 4TB GEN 4.0 - 2280,740617324297,NVME 4 TB,KINGSTON,TIDAK,0
3754,2504000501,NEW SSD NVME MSI SPATIUM M480 PRO 2TB GEN 4.0 - 2280,4711377105613,NVME 2 TB,MSI,TIDAK,2
3755,2504000503,NEW SSD NVME ADATA LEGEND 860 500GB GEN 4.0 - 2280,,NVME 500 GB,ADATA,TIDAK,10
3756,2505000134,NEW SSD NVME MSI SPATIUM M371 500GB GEN 3.0 - 2280,4711377022316,NVME 500 GB,MSI,TIDAK,2
3757,2505000186,NEW SSD NVME VENOMRX 256GB GEN 3.0 - 2280,2505000186,NVME 256 GB,VENOMRX,TIDAK,2
3758,2505000187,NEW SSD NVME VENOMRX 512GB GEN 3.0 - 2280,,NVME 500 GB,VENOMRX,TIDAK,-4
3759,2506000031,NEW SSD NVME ACER PREDATOR GM7000 2TB GEN 4.0 - 2280,6955914613935,NVME 2 TB,ACER,TIDAK,0
3760,2506000120,NEW FAN PROCESSOR JONSBO HP-400S NON-RGB BLACK,,FAN PROCESSOR,JONSBO,TIDAK,3
3761,2504000126,NEW STAND HEADSET FANTECH TOWER II AC304 HEADSET STAND GAMING - BLACK,,HEADSET STAND,FANTECH,TIDAK,0
3762,2504000125,NEW STAND HEADSET FANTECH TOWER II AC304 HEADSET STAND GAMING - PINK,,HEADSET STAND,FANTECH,TIDAK,0
3763,2504000127,NEW STAND HEADSET FANTECH TOWER II AC304 HEADSET STAND GAMING - WHITE,2504000127,HEADSET STAND,FANTECH,TIDAK,0
3764,2506000187,NEW STAND HEADSET NYK LUMINATE T10 - BLACK,,HEADSET STAND,NYK,TIDAK,0
3765,2506000188,NEW STAND HEADSET NYK LUMINATE T10 - WHITE,,HEADSET STAND,NYK,TIDAK,0
3766,2511000048,NEW COOLINGPAD FANTECH NS12 - SILVER,6977052251701,NOTEBOOK STAND,FANTECH,TIDAK,0
3767,2508000114,NEW STAND OXIMUS C820 MONITOR RISER,,MONITOR STAND,OXIMUS,TIDAK,0
3768,2504000009,NEW STAND REXUS DECHA FROST FP04 - GREY,,COOLINGPAD,REXUS,TIDAK,0
3769,2504000010,NEW STAND REXUS DECHA FROST FP04 - SILVER,,COOLINGPAD,REXUS,TIDAK,0
3770,2506000134,NEW STARLINK MINI,850049670302,ISP (INTERNET SERVICE PROVIDER),STARLINK,TIDAK,0
3771,2511000239,NEW STARLINK STANDARD V4 GEN 3 WIFI SYSTEM 2LAN PORTS,,ISP (INTERNET SERVICE PROVIDER),STARLINK,TIDAK,8
3772,2504000485,NEW STEERING WHEEL RYUNIX KAIJU FORCE FEEDBACK XR1 3IN1 - BLACK,,,,TIDAK,0
3773,2510000067,NEW SWITCH CISCO CBS110-24T-EU- 110 UNMANAGED SWITCH,889728326483,,,TIDAK,0
3774,2511000132,NEW SWITCH HIKVISION 16 PORT FAST ETHERNET UNMANAGED POE DS-3E0318P-E,,,,TIDAK,0
3775,2507000244,NEW SWITCH HIKVISION POE DS-3E0310P-E/M 8 PORT,,,,TIDAK,0
3776,2507000243,NEW SWITCH HIKVISION POE DS-3E0505P-E/M GIGABIT 5 PORT,,,,TIDAK,1
3777,2510000032,NEW SWITCH PRINTER 2 PORT - FJ-UO2S,,PRINTER SWITCH PORT,,TIDAK,0
3778,2511000146,NEW TAB LENOVO LEGION TAB SNAPDRAGON 8 GEN 3 16GB 512GB 8.8″ GLOSSY 2.5K ANDROID 14 (ELIPSED BLACK),0199271786550,TAB,LENOVO,TIDAK,1
3779,2511000081,NEW TABLET XIAOMI REDMI 7 8/256 - BLUE,,,,TIDAK,0
3780,2507000253,NEW TABLET XIAOMI REDMI PAD SE 4/128GB,,,,TIDAK,0
3781,2505000257,NEW TAS ACER BIASA,,BACKPACK / TAS,ACER,TIDAK,1
3782,2505000054,NEW TAS ACER NITRO,,BACKPACK / TAS,ACER,TIDAK,4
3783,2508000162,NEW TAS ADVAN,,BACKPACK / TAS,ADVAN,TIDAK,10
3784,2505000256,NEW TAS ASUS EXPERT,,BACKPACK / TAS,ASUS,TIDAK,0
3785,2505000057,NEW TAS HP,,BACKPACK / TAS,HP,TIDAK,29
3786,2505000056,NEW TAS HP VICTUS,,BACKPACK / TAS,HP,TIDAK,7
3787,2504000443,NEW TAS LEGION GAMING,,BACKPACK / TAS,LENOVO,TIDAK,7
3788,2505000093,NEW TAS LENOVO IDEAPAD,,BACKPACK / TAS,LENOVO,TIDAK,9
3789,2505000055,NEW TAS LENOVO LOQ,,BACKPACK / TAS,LENOVO,YA,0
3790,2504000444,NEW TAS LENOVO MODERN GAMING,,BACKPACK / TAS,LENOVO,TIDAK,14
3791,2507000147,NEW TAS LENOVO YOGA,,BACKPACK / TAS,LENOVO,TIDAK,0
3792,2504000446,NEW TAS PROJECTOR,,TAS PROJECTOR,,TIDAK,10
3793,2509000187,"NEW LAPTOP BAG UGREEN SLEEVE 20476 14"" - GRAY",6957303824762,BACKPACK / TAS,UGREEN,TIDAK,0
3794,2506000254,NEW THERMAL COOLER MASTER THERMAL PAD 1.0mm,,THERMAL PAD,COOLER MASTER,TIDAK,0
3795,2503000171,NEW THERMAL COOLERMASTER CMT PST THERMAL PAD 1.5MM,4719512123201,THERMAL PAD,COOLER MASTER,TIDAK,0
3796,2503000245,"NEW THERMAL PAD TP-3 (120x20mm, t:1.5mm, pack of 4pcs) Material : GTP-060IM, 120x80mm(pre-cut into 4pcs of 120x20)",4895213704007,TISSUE THERMAL PASTE,,TIDAK,0
3797,2503000244,NEW THERMAL PASTA  ARCTIC MX-6 CN 2G,,THERMAL PASTE,ARTIC,TIDAK,0
3798,2505000030,NEW THERMAL PASTA  COOLERMASTER CRYOFUZE 5 -  BLUE,4719512146965,THERMAL PASTE,COOLER MASTER,TIDAK,0
3799,2505000029,NEW THERMAL PASTA  COOLERMASTER CRYOFUZE 5 -  GREEN,4719512146941,THERMAL PASTE,COOLER MASTER,TIDAK,0
3800,2503000251,"NEW THERMAL PASTA ARCTIC MX-4 (WITH SPATULA, 4G)",,THERMAL PASTE,ARTIC,TIDAK,0
3801,2511000061,NEW THERMAL PASTA COOLERMASTER CRYOFUZE 5 - PURPLE,4719512152409,THERMAL PASTE,COOLER MASTER,TIDAK,0
3802,2508000291,NEW THERMAL PASTA COOLERMASTER CRYOFUZE 5 - RED,4719512146958,THERMAL PASTE,COOLER MASTER,TIDAK,0
3803,2508000292,NEW THERMAL PASTA COOLERMASTER CRYOFUZE 5 - YELLOW,4719512146972,THERMAL PASTE,COOLER MASTER,TIDAK,0
3804,2503000168,NEW THERMAL PASTA COOLERMASTER ICE FUSION V2,,THERMAL PASTE,COOLER MASTER,TIDAK,1
3805,2505000031,NEW THERMAL PASTA COOLERMASTER MASTERGEL PRO V2,,THERMAL PASTE,COOLER MASTER,TIDAK,0
3806,2505000140,NEW THERMAL PASTA DEEPCOOL DM9 1.5G,6933412700265,THERMAL PASTE,DEEPCOOL,TIDAK,24
3807,2503000296,NEW THERMAL PASTA DEEPCOOL DM9 4g,6933412700272,THERMAL PASTE,DEEPCOOL,TIDAK,0
3808,2508000141,NEW THERMAL PASTA GRIZZLY AERONAUT 1 GRAM,4260711990397,THERMAL PASTE,GRIZZLY,TIDAK,23
3809,2508000142,NEW THERMAL PASTA GRIZZLY CONDUCTONAUT EXTREME LIQUID METAL 1gr,4260711990564,THERMAL PASTE,GRIZZLY,TIDAK,0
3810,2508000143,NEW THERMAL PASTA GRIZZLY CONDUCTONAUT LIQUID METAL 1gr,4260711990243,THERMAL PASTE,GRIZZLY,TIDAK,4
3811,2508000144,NEW THERMAL PASTA GRIZZLY HYDRONAUT 1gr,4260711990359,THERMAL PASTE,GRIZZLY,TIDAK,8
3812,2508000145,NEW THERMAL PASTA GRIZZLY KRYONAUT 1gr,4260711990038,THERMAL PASTE,GRIZZLY,TIDAK,53
3813,2508000146,NEW THERMAL PASTA KINGPIN KPx HIGH PERFORMANCE THERMAL COMPOUND 1gr,2508000146,THERMAL PASTE,KINGPIN,TIDAK,0
3814,2505000141,NEW THERMAL PASTA DEEPCOOL Z3 1.5G,2505000141,THERMAL PASTE,DEEPCOOL,TIDAK,41
3815,2503000297,NEW THERMAL PASTA DEEPCOOL Z5,6933412700043,THERMAL PASTE,DEEPCOOL,TIDAK,4
3816,2503000248,NEW THERMAL PASTA NOCTUA NT-H1 3.5G,4716123312680,THERMAL PASTE,NOCTUA,TIDAK,0
3817,2504000311,NEW TINTA BROTHER BT5000 CYAN,4977766748131,TINTA,BROTHER,TIDAK,2
3818,2504000312,NEW TINTA BROTHER BT5000 MAGENTA,4977766748148,TINTA,BROTHER,TIDAK,7
3819,2504000313,NEW TINTA BROTHER BT5000 YELLOW,4977766748155,TINTA,BROTHER,TIDAK,7
3820,2504000314,NEW TINTA BROTHER BT-D60 BLACK,,TINTA,BROTHER,TIDAK,0
3821,2508000177,NEW TINTA EPSON 001 BLACK,8885007026626,TINTA,EPSON,TIDAK,0
3822,2508000174,NEW TINTA EPSON 001 CYAN,8885007026633,TINTA,EPSON,TIDAK,1
3823,2508000176,NEW TINTA EPSON 001 MAGENTA,8885007026640,TINTA,EPSON,TIDAK,0
3824,2508000175,NEW TINTA EPSON 001 YELLOW,8885007026657,TINTA,EPSON,TIDAK,2
3825,2504000037,NEW TINTA EPSON 003 BLACK,,TINTA,EPSON,TIDAK,186
3826,2504000039,NEW TINTA EPSON 003 CYAN,8885007028446,TINTA,EPSON,TIDAK,410
3827,2504000038,NEW TINTA EPSON 003 MAGENTA,8885007028460,TINTA,EPSON,TIDAK,448
3828,2504000040,NEW TINTA EPSON 003 YELLOW,8885007028484,TINTA,EPSON,TIDAK,435
3829,2508000008,NEW TINTA EPSON 008 BLACK,8886482301697,TINTA,EPSON,TIDAK,98
3830,2508000010,NEW TINTA EPSON 008 CYAN,8886482301710,TINTA,EPSON,TIDAK,59
3831,2508000009,NEW TINTA EPSON 008 YELLOW,8886482301758,TINTA,EPSON,TIDAK,52
3832,2504000298,NEW TINTA EPSON T664-1 BLACK,,TINTA,EPSON,TIDAK,527
3833,2504000299,NEW TINTA EPSON T664-2 CYAN,,TINTA,EPSON,TIDAK,409
3834,2504000300,NEW TINTA EPSON T664-3 MAGENTA,,TINTA,EPSON,TIDAK,475
3835,2504000301,NEW TINTA EPSON T664-4 YELLOW,,TINTA,EPSON,TIDAK,354
3836,2505000015,NEW TP-LINK ARCHER AX12 AX1500 - ROUTER,4895252500875,ROUTER,TP LINK,TIDAK,1
3837,2506000193,NEW TP-LINK RE305 AC1200 - WIFI EXTENDER,6935364097974,WIFI EXTENDER,TP LINK,TIDAK,0
3838,2511000154,NEW TP-LINK ARCHER AX23 AX1800 DUAL-BAND - ROUTER,,ROUTER,TP LINK,TIDAK,4
3839,2504000251,NEW TP-LINK ARCHER C54 AC1200 DUAL-BAND - ROUTER,6935364089337,ROUTER,TP LINK,TIDAK,5
3840,2504000480,NEW TP-LINK ARCHER T2U AC600 - USB DONGLE,6935364089917,USB WIFI ADAPTER,TP LINK,TIDAK,28
3841,2509000020,NEW TP-LINK ARCHER T2U PLUS AC600 - USB DONGLE,6935364099862,USB WIFI ADAPTER,TP LINK,TIDAK,0
3842,2503000400,NEW TP-LINK ARCHER T2UB NANO AC600 - USB DONGLE,6935364006686,USB WIFI ADAPTER,TP LINK,TIDAK,3
3843,2508000026,NEW TP-LINK CCTV TAPO C210 V3.20 PAN/TILT HOME SECURITY WIFI CAMERA,,CCTV,TP LINK,TIDAK,0
3844,2508000025,NEW TP-LINK CCTV TAPO C310 OUTDOOR SECURITY WIFI CAMERA,,CCTV,TP LINK,TIDAK,0
3845,2508000024,NEW TP-LINK CCTV TAPO C320WS V2.2 OUTDOOR SECURITY WIFI CAMERA,,CCTV,TP LINK,TIDAK,0
3846,2508000023,NEW TP-LINK CCTV TAPO C500 V2 OUTDOOR PAN/TILT SECURITY WIFI CAMERA,,CCTV,TP LINK,TIDAK,0
3847,2508000027,NEW TP-LINK OMADA EAP110-OUTDOOR V4 300MBPS - WIFI EXTENDER,6935364097752,ACCESS POINT,TP LINK,TIDAK,3
3848,2507000291,NEW TP-LINK OMADA EAP610 AX1800 - WIFI EXTENDER,,ACCESS POINT,TP LINK,TIDAK,0
3849,2509000019,NEW TP-LINK LS1008 8-PORT 10/100MBPS - HUB SWITCH,6935364089085,DESKTOP SWITCH,TP LINK,TIDAK,1
3850,2503000402,NEW TP-LINK LS1005 5-PORT 10/100MBPS - HUB SWITCH,6935364089061,DESKTOP SWITCH,TP LINK,TIDAK,10
3851,2508000033,NEW TP-LINK LS1005G 5-PORT 10/100MBPS - HUB SWITCH,,DESKTOP SWITCH,TP LINK,TIDAK,5
3852,2503000401,NEW TP-LINK LS1008G 8-PORT GIGABIT - HUB SWITCH,6935364085476,DESKTOP SWITCH,TP LINK,TIDAK,3
3853,2507000254,NEW TP-LINK LS105G 5-PORT GIGABIT - HUB SWITCH,6935364085445,DESKTOP SWITCH,TP LINK,TIDAK,12
3854,2511000186,NEW SSD NVME ADATA LEGEND 860 2TB GEN 4.0 - 2280,,DESKTOP SWITCH,TP LINK,TIDAK,0
3855,2506000027,NEW TP-LINK TL-MR100 300MBPS - ROUTER,,ROUTER,TP LINK,TIDAK,0
3856,2511000099,NEW TP-LINK RE450 AC1750 - WIFI EXTENDER,6935364092382,WIFI EXTENDER,TP LINK,TIDAK,0
3857,2503000210,NEW TP-LINK TL-WR840N 300MBPS - ROUTER,6935364070533,ROUTER,TP LINK,TIDAK,13
3858,2504000250,NEW TP-LINK TL- WN725N N150 - USB DONGLE,6935364050719,USB WIFI ADAPTER,TP LINK,TIDAK,15
3859,2508000303,NEW SSD NVME ADATA LEGEND 900 512GB GEN 4.0 - 2280,,ROUTER,TP LINK,TIDAK,5
3860,2506000041,NEW TP-LINK TL-MR105 300MBPS - WIFI EXTENDER,,ROUTER,TP LINK,TIDAK,0
3861,2508000032,NEW TP-LINK TL-SF1005D 5-PORT 10/100MBPS - HUB SWITCH,6935364020064,DESKTOP SWITCH,TP LINK,TIDAK,13
3862,2508000031,NEW TP-LINK TL-SF1008D 8-PORT 10/100MBPS - HUB SWITCH,6935364020071,DESKTOP SWITCH,TP LINK,TIDAK,16
3863,2506000333,NEW TP-LINK TL-SF1016D 16-PORT 10/100MBPS - HUB SWITCH,6935364020293,DESKTOP SWITCH,TP LINK,TIDAK,1
3864,2506000334,NEW TP-LINK TL-SF1024D 24-PORT 10/100MBPS - HUB SWITCH,6935364021498,DESKTOP SWITCH,TP LINK,TIDAK,1
3865,2508000030,NEW TP-LINK TL-SG1005D 5-PORT GIGABIT - HUB SWITCH,6935364091798,DESKTOP SWITCH,TP LINK,TIDAK,16
3866,2508000029,NEW TP-LINK TL-SG1008 8-PORT GIGABIT - HUB SWITCH,6935364021573,DESKTOP SWITCH,TP LINK,TIDAK,19
3867,2506000332,NEW TP-LINK TL-SG1016D 16-PORT GIGABIT - HUB SWITCH,6935364020613,DESKTOP SWITCH,TP LINK,TIDAK,12
3868,2508000028,NEW TP-LINK TL-SG1024D HUB 24-PORT GIGABIT - HUB SWITCH,,DESKTOP SWITCH,TP LINK,TIDAK,0
3869,2508000314,NEW TP-LINK TL-SG1048 48-PORT GIGABIT - HUB SWITCH,,DESKTOP SWITCH,TP LINK,TIDAK,0
3870,2503000211,NEW TP-LINK TL-WA850RE 300MBPS - WIFI EXTENDER,6935364070199,WIFI EXTENDER,TP LINK,TIDAK,1
3871,2506000042,NEW TP-LINK TL-WA854RE 300MBPS - WIFI EXTENDER,6935364071325,WIFI EXTENDER,TP LINK,TIDAK,1
3872,2509000144,NEW TP-LINK TL-WA855RE 300MBPS - WIFI EXTENDER,6935364099305,WIFI EXTENDER,TP LINK,TIDAK,2
3873,2503000399,NEW TP-LINK TL-WN722N 150MBPS - USB DONGLE,6935364050467,USB WIFI ADAPTER,TP LINK,TIDAK,1
3874,2504000252,NEW TP-LINK TL-WN781ND 150MBPS - PCI-E,6935364050511,PCI EXPRESS,TP LINK,TIDAK,39
3875,2506000040,NEW TP-LINK TL-WN881ND 300MBPS - PCI-E,6935364050573,PCI EXPRESS,TP LINK,TIDAK,30
3876,2507000145,NEW TP-LINK UB500 NANO - USB DONGLE,4897098683446,USB BLUETOOTH ADAPTER,TP LINK,TIDAK,0
3877,2503000212,NEW TP-LINK UE330 USB 3.0 3-PORT - USB HUB,,CONVERTER USB A TO LAN,TP LINK,TIDAK,0
3878,2511000078,NEW TP-LINK ARCHER A6 AC1200 - ROUTER,,,,TIDAK,0
3879,2503000583,NEW TRAY MESIN INKJET DE100 XD,,,,TIDAK,0
3880,2504000473,NEW TREADMILL KINGSMITH G1,6970492717585,TREADMILL,KINGSMITH,TIDAK,0
3881,2504000471,NEW TREADMILL KINGSMITH R2,6970492718315,TREADMILL,KINGSMITH,TIDAK,3
3882,2504000475,NEW TREADMILL KINGSMITH R3 WALK-RUN TREADMILL WITH HANDLES,6977806880508,TREADMILL,KINGSMITH,TIDAK,0
3883,2504000465,NEW TREADMILL KINGSMITH WALKINGPAD C2 BLACK,6970492712139,TREADMILL,KINGSMITH,TIDAK,2
3884,2504000466,NEW TREADMILL KINGSMITH WALKINGPAD C2 BLUE,6970492717486,TREADMILL,KINGSMITH,TIDAK,1
3885,2504000468,NEW TREADMILL KINGSMITH WALKINGPAD C2 WHITE,,TREADMILL,KINGSMITH,TIDAK,0
3886,2504000467,NEW TREADMILL KINGSMITH WALKINGPAD C2 YELLOW,6970492717479,TREADMILL,KINGSMITH,TIDAK,1
3887,2504000476,NEW TREADMILL KINGSMITH WALKINGPAD K15,6970492711545,TREADMILL,KINGSMITH,TIDAK,0
3888,2504000470,NEW TREADMILL KINGSMITH XIOAMI WALKING PAD R1 BLACK-RED,6970492713839,TREADMILL,KINGSMITH,TIDAK,1
3889,2504000469,NEW TREADMILL KINGSMITH XIOAMI WALKING PAD R1 SILVER,6970492710517,TREADMILL,KINGSMITH,TIDAK,1
3890,2511000065,"NEW TV XIAOMI A PRO 2025 65"" QLED 4K UHD 60Hz",,,,TIDAK,0
3891,2511000142,"NEW TV XIAOMI A PRO 2026 55"" QLED 4K 60HZ",,,,TIDAK,0
3892,2509000237,"NEW TV XIAOMI A55 55"" 4K UHD 60HZ",,,,TIDAK,0
3893,2509000076,NEW EARBUDS CLEANER UGREEN 55292 - BLACK,6941876252923,EARBUDS CLEANER,UGREEN,TIDAK,7
3894,2511000204,NEW CASING SSD M.2 NVME UGREEN USB C - 10902,,ENCLOSURE NVME,UGREEN,TIDAK,4
3895,2509000189,NEW UGREEN ERGONOMIC KEYBOARD WRIST REST BLACK - 25248,,WRISTPAD,UGREEN,TIDAK,0
3896,2509000188,NEW UGREEN ERGONOMIC KEYBOARD WRIST REST GRAY - 25247,6941876222476,WRISTPAD,UGREEN,TIDAK,0
3897,2509000135,"NEW CASING HDD SSD SATA UGREEN 2.5"" MICRO B TO USB 3.0 - 30848",6957303838486,ENCLOSURE SATA,UGREEN,TIDAK,1
3898,2509000134,"NEW CASING HDD SSD SATA UGREEN 2.5"" USB 3.0 - 30847",6957303838479,ENCLOSURE SATA,UGREEN,TIDAK,0
3899,2509000132,NEW CHARGER UGREEN MAGNETIC 3 IN 1 65095 - WHITE,,CARD READER,UGREEN,TIDAK,0
3900,2511000210,NEW KONEKTOR RJ45 UGREEN CAT6 50248 100 PACK - TRANSPARENT,,KEPALA RJ45,UGREEN,TIDAK,3
3901,2511000205,NEW DOCKING STATION UGREEN USB 3.0 SATA DUAL SLOT 50857 - BLACK,,USB HUB (DOCKING STATION),UGREEN,TIDAK,0
3902,2509000170,NEW CAPTURE CARD UGREEN HDMI 15390A - BLACK,6941876233625,CAPTURE CARD,UGREEN,TIDAK,0
3903,2509000078,NEW WIFI ADAPTER UGREEN AX900 BT 5.4 75109 - BLACK,6941876271092,USB WIFI ADAPTER,UGREEN,TIDAK,0
3904,2504000344,NEW UPS APC BVX1200LI-MS1200VA 650 WATT,731304404378,UPS,APC,TIDAK,0
3905,2503000081,NEW UPS APC BVX700LUI-MS 700VA 360 WATT,731304417613,UPS,APC,TIDAK,0
3906,2503000398,NEW UPS APC BVX900LI-MS 900VA 480 WATT,731304404361,UPS,APC,TIDAK,0
3907,2507000030,NEW UPS APC BR1500-GI 1500VA 850 WATT,,UPS,APC,TIDAK,0
3908,2503000607,NEW UPS APC BX1600MI-MS 1600VA 900 WATT,,UPS,APC,TIDAK,2
3909,2508000289,NEW UPS APC SRV1KI-E 1000VA 900 WATT,,UPS,APC,TIDAK,0
3910,2505000158,NEW USB HUB OLIKE D1 TYPE C 3 IN 1,8990049005109,USB HUB (DOCKING STATION),OLIKE,TIDAK,0
3911,2504000025,NEW USB HUB REXUS RXH-329 4in1,6992004191010,USB HUB (DOCKING STATION),REXUS,TIDAK,0
3912,2504000026,NEW USB HUB REXUS RXH-331 4in1 + CONVERTER TYPE-C,6992004195155,USB HUB (DOCKING STATION),REXUS,TIDAK,0
3913,2506000236,NEW USB HUB REXUS RXH-327 4in1 - BLACK,8994067083293,USB HUB (DOCKING STATION),REXUS,TIDAK,0
3914,2506000237,NEW USB HUB REXUS RXH-336 4in1 + CONVERTER TYPE-C,6992004196152,USB HUB (DOCKING STATION),REXUS,TIDAK,0
3915,2508000065,NEW USB HUB ROBOT TYPE-C HT360 GREY,,USB HUB (DOCKING STATION),ROBOT,TIDAK,0
3916,2509000136,NEW CASING SSD M.2 SATA NGFF UGREEN USB 3.0 TO C BLACK - 10903,6957303819034,ENCLOSURE NVME,UGREEN,TIDAK,7
3917,2509000127,NEW USB HUB UGREEN TYPE-C 15495 5 IN 1 - BLACK,6941876214952,USB HUB (DOCKING STATION),UGREEN,TIDAK,0
3918,2509000128,NEW USB HUB UGREEN TYPE-C 20956A 6 IN 1 - BLACK,6941876212620,USB HUB (DOCKING STATION),UGREEN,TIDAK,0
3919,2509000131,NEW USB HUB UGREEN TYPE-C 15601 10 IN 1 - BLACK,6941876216017,USB HUB (DOCKING STATION),UGREEN,TIDAK,0
3920,2509000130,NEW USB HUB UGREEN TYPE-C 15375 9 IN 1 - BLACK,,USB HUB (DOCKING STATION),UGREEN,TIDAK,0
3921,2509000129,NEW USB HUB UGREEN UNO 35998 6 IN 1 - BLACK,,USB HUB (DOCKING STATION),UGREEN,TIDAK,0
3922,2508000048,NEW USB RECEIVER LOGITECH BOLT 956-000009 USB-A - BLACK,097855168290,USB RECEIVER,LOGITECH,TIDAK,3
3923,2506000275,NEW SANDISK PHONE DRIVE 128GB USB TYPE-C AND TYPE-A – SDDDC6-128G-G46,619659206246,OTG,SANDISK,TIDAK,8
3924,2506000276,NEW SANDISK PHONE DRIVE 256GB USB TYPE-C AND TYPE-A – SDDDC6-256G-G46,619659206253,OTG,SANDISK,TIDAK,6
3925,2506000273,NEW USB SANDISK PHONE DRIVE 32GB TYPE C AND TYPE A – SDDDC6-032G-G46,,OTG,SANDISK,TIDAK,0
3926,2506000277,NEW USB SANDISK PHONE DRIVE 512GB TYPE C AND TYPE A – SDDDC6-512G-G46,,OTG,SANDISK,TIDAK,0
3927,2506000274,NEW SANDISK PHONE DRIVE 64GB USB TYPE-C AND TYPE-A – SDDDC6-064G-G46,619659206239,OTG,SANDISK,TIDAK,9
3928,2506000270,NEW USB SANDISK ULTRA DUAL DRIVE GO USB 3.1/TYPE C 128GB – SDDDC3-128G-G46,,OTG,SANDISK,TIDAK,0
3929,2506000271,NEW USB SANDISK ULTRA DUAL DRIVE GO USB 3.1/TYPE C 256GB – SDDDC3-256G-G46,,OTG,SANDISK,TIDAK,0
3930,2506000268,NEW USB SANDISK ULTRA DUAL DRIVE GO USB 3.1/TYPE C 32GB – SDDDC3-032G-G46,,OTG,SANDISK,TIDAK,0
3931,2506000272,NEW SANDISK ULTRA DUAL DRIVE TYPE C 512GB PREMIUM METAL SDDDC4-512G-G46,619659179182,OTG,SANDISK,TIDAK,2
3932,2506000269,NEW USB SANDISK ULTRA DUAL DRIVE GO USB 3.1/TYPE C 64GB – SDDDC3-064G-G46,,OTG,SANDISK,TIDAK,0
3933,2506000280,NEW USB SANDISK ULTRA DUAL DRIVE LUXE USB 3.1/TYPE C 128GB – SDDDC4-128G-G46,,OTG,SANDISK,TIDAK,0
3934,2506000281,NEW SANDISK ULTRA DUAL DRIVE LUXE USB TYPE C 256GB PREMIUM METAL – SDDDC4-256G-G46,619659179144,OTG,SANDISK,TIDAK,2
3935,2506000278,NEW USB SANDISK ULTRA DUAL DRIVE LUXE USB 3.1/TYPE C 32GB – SDDDC4-032G-G46,,OTG,SANDISK,TIDAK,0
3936,2506000279,NEW USB SANDISK ULTRA DUAL DRIVE LUXE USB 3.1/TYPE C 64GB – SDDDC4-064G-G46,,OTG,SANDISK,TIDAK,0
3937,2506000266,NEW USB SANDISK ULTRA USB 3.0 128GB – SDCZ48-128G-U46,,FLASHDISK,SANDISK,TIDAK,0
3938,2506000263,NEW USB SANDISK ULTRA USB 3.0 16GB – SDCZ48-016G-U46,,FLASHDISK,SANDISK,TIDAK,0
3939,2506000267,NEW USB SANDISK ULTRA USB 3.0 256GB – SDCZ48-256G-U46,,FLASHDISK,SANDISK,TIDAK,0
3940,2506000264,NEW USB SANDISK ULTRA USB 3.0 32GB – SDCZ48-032G-U46,,FLASHDISK,SANDISK,TIDAK,0
3941,2506000265,NEW USB SANDISK ULTRA USB 3.0 64GB – SDCZ48-064G-U46,,FLASHDISK,SANDISK,TIDAK,0
3942,2505000245,NEW USB SHARING SWITCH 2 PORT,,,,TIDAK,0
3943,2508000078,NEW VACUM CLEANER XIAOMI G20 LITE,,,,TIDAK,0
3944,2503000472,NEW CHARGER SET VENTION USB-C GAN G17B0-EU 20W - BLACK,6922794790339,CHARGER HANDPHONE,VENTION,TIDAK,0
3945,2503000471,NEW CHARGER SET VENTION USB-C GAN G17W0-EU 20W - WHITE,6922794790346,CHARGER HANDPHONE,VENTION,TIDAK,0
3946,2503000468,NEW CHARGER SET VENTION USB-C GAN G16W0-EU 20W - WHITE,6922794790322,CHARGER HANDPHONE,VENTION,TIDAK,0
3947,2503000470,NEW CHARGER SET VENTION USB-C GAN G16B0-EU 20W - BLACK,6922794790315,CHARGER HANDPHONE,VENTION,TIDAK,1
3948,2503000482,NEW CHARGER SET VENTION USB-C GAN TZ-FEPB0-EU-01 20W - BLACK,6922794786233,CHARGER HANDPHONE,VENTION,TIDAK,0
3949,2503000436,NEW CHARGER VENTION USB-C GAN FEPL0-EU 20W - BLUE,6922794782112,CHARGER HANDPHONE,VENTION,TIDAK,2
3950,2503000466,NEW CHARGER VENTION USB-C GAN FEVHO-EU 20W - GRAY,6922794789067,CHARGER HANDPHONE,VENTION,TIDAK,5
3951,2503000437,NEW CHARGER VENTION USB-C GAN FEPP0-EU 20W - PINK,6922794782129,CHARGER HANDPHONE,VENTION,TIDAK,0
3952,2503000499,NEW CHARGER SET VENTION USB-C GAN TZ-FEPW0-EU-01 20W - WHITE,6922794786295,CHARGER HANDPHONE,VENTION,TIDAK,0
3953,2503000473,NEW CHARGER SET VENTION USB-C GAN G18B0-EU 30W - BLACK,6922794790353,CHARGER HANDPHONE,VENTION,TIDAK,0
3954,2503000469,NEW CHARGER SET VENTION USB-C GAN G18W0-EU 30W - WHITE,6922794790360,CHARGER HANDPHONE,VENTION,TIDAK,1
3955,2503000464,NEW CHARGER VENTION USB-C FEJW0-EU 20W - WHITE,6922794776418,CHARGER HANDPHONE,VENTION,TIDAK,1
3956,2503000414,NEW SPLITTER HDMI VENTION ACBG0-EU 1 IN 2 OUT - BLACK,6922794759237,HDMI SPLITTER,VENTION,TIDAK,0
3957,2503000413,NEW SPLITTER HDMI VENTION ACCG0-EU 1 IN 4 OUT - BLACK,6922794759213,HDMI SPLITTER,VENTION,TIDAK,0
3958,2508000239,NEW POWER CORD VENTION C7 ZCIBAC 1.8M - BLACK,6922794775572,KABEL POWER,VENTION,TIDAK,6
3959,2503000467,NEW CHARGER VENTION USB GAN DUAL PORT FEWHO-EU 30W - GRAY,6922794789074,CHARGER HANDPHONE,VENTION,TIDAK,1
3960,2503000502,"NEW CASING HDD SSD SATA VENTION 2.5"" USB 3.0 MICRO-B BLACK - KPAB0",6922794761216,ENCLOSURE SATA,VENTION,TIDAK,1
3961,2503000496,"NEW CASING HDD SSD SATA VENTION 2.5"" USB-C 3.1 GEN 2 BLACK - KPBB0",6922794761223,ENCLOSURE SATA,VENTION,TIDAK,19
3962,2503000411,NEW USB HUB VENTION CHPBB USB 2.0 3 IN 1 ETHERNET - BLACK,6922794747302,USB HUB (DOCKING STATION),VENTION,TIDAK,0
3963,2503000465,NEW CHARGER VENTION USB GAN 3 PORT FEXH0-EU 70W - GRAY,6922794789081,CHARGER HANDPHONE,VENTION,TIDAK,3
3964,2503000513,NEW POWER CORD VENTION C13 ZCJBAC 1.8M - BLACK,6922794775817,KABEL POWER,VENTION,TIDAK,2
3965,2503000442,NEW KABEL AUDIO VENTION 3.5MM M/M BAXBG 1.5M - BLACK,6922794765795,KABEL AUDIO,VENTION,TIDAK,2
3966,2503000455,NEW KABEL AUDIO VENTION 3.5MM M/M BAXBF 1M - BLACK,,KABEL AUDIO,VENTION,TIDAK,0
3967,2503000428,NEW KABEL AUDIO VENTION 3.5MM M/M BAXBH 2M - BLACK,6922794765801,KABEL AUDIO,VENTION,TIDAK,1
3968,2503000451,NEW KABEL AUDIO VENTION 3.5MM M/M BAXBI 3M - BLACK,6922794765818,KABEL AUDIO,VENTION,TIDAK,0
3969,2503000432,NEW KABEL AUDIO VENTION 3.5MM TO 6.35MM BABBG 1.5M - BLACK,6922794728271,KABEL AUDIO,VENTION,TIDAK,1
3970,2503000446,NEW KABEL AUDIO VENTION 3.5MM TO 6.35MM BABBH 2M - BLACK,6922794728288,KABEL AUDIO,VENTION,TIDAK,1
3971,2509000064,NEW CHARGER VENTION CAR DUAL PORT K11B0 30W - BLACK,6922794789463,CHARGER HANDPHONE,VENTION,TIDAK,0
3972,2508000221,NEW KABEL USB VENTION 4-IN-1 USB-A+USB-C TO USB-C+MICRO-B CTLLG 1.5M - BLUE,6922794774858,KABEL DATA 4 IN 1,VENTION,TIDAK,8
3973,2503000487,NEW CHARGER SET VENTION USB GAN 4 PORT TZ-FETH0-EU 100W - GRAY,,CHARGER HANDPHONE,VENTION,TIDAK,0
3974,2503000425,NEW USB HUB VENTION CHLBF USB 3.0 4 IN 1 WITH POWER SUPPLY - BLACK,6922794746640,USB HUB (DOCKING STATION),VENTION,TIDAK,0
3975,2503000461,NEW KABEL USB VENTION 4-IN-1 USB-A+USB-C TO USB-C+MICRO-B CTLLF 1M - BLUE,6922794774841,KABEL DATA 4 IN 1,VENTION,TIDAK,9
3976,2503000443,NEW KABEL DP TO HDMI VENTION HAGBG 1.5M - BLACK,6922794749214,KABEL DISPLAY PORT TO HDMI,VENTION,TIDAK,0
3977,2506000068,NEW KABEL DP TO HDMI VENTION HAGBH 2M - BLACK,6922794749221,KABEL DISPLAY PORT TO HDMI,VENTION,TIDAK,0
3978,2506000069,NEW KABEL DP TO HDMI VENTION HAGBI 3M - BLACK,6922794749238,KABEL DISPLAY PORT TO HDMI,VENTION,TIDAK,1
3979,2506000070,NEW KABEL DP TO HDMI VENTION HAGBJ 5M - BLACK,6922794749245,KABEL DISPLAY PORT TO HDMI,VENTION,TIDAK,2
3980,2503000404,NEW USB HUB VENTION CHNBB USB 3.0 5 IN 1 GIGABIT - BLACK,6922794747289,USB HUB (DOCKING STATION),VENTION,TIDAK,0
3981,2503000408,NEW USB HUB VENTION CHJBB USB-C 3.2 GEN2 5 IN 1 - BLACK,6922794786196,USB HUB (DOCKING STATION),VENTION,TIDAK,1
3982,2503000492,NEW PHONE MOUNT VENTION CAR AUTO-CLAMPING KCGB0 DISC TYPE - BLACK,6922794763210,PHONE HOLDER,VENTION,TIDAK,1
3983,2503000486,NEW PHONE MOUNT VENTION CAR AUTO-CLAMPING KCTB0 SQUARE TYPE - BLACK,6922794765344,PHONE HOLDER,VENTION,TIDAK,2
3984,2506000080,NEW BLUETOOTH ADAPTER VENTION AUDIO RECEIVER NAJB0 - BLACK,,,VENTION,TIDAK,0
3985,2508000232,NEW KONEKTOR RJ45 VENTION CAT6 UTP KEYSTONE JACK IPGB0 5 PACK - BLACK,6922794743601,JACK COUPLER LAN,VENTION,TIDAK,10
3986,2508000231,NEW KABEL LAN VENTION CAT6 UTP OUTDOOR IHLB100 100M - BLACK,,KABEL LAN CAT 6,VENTION,TIDAK,0
3987,2508000225,NEW KABEL LAN VENTION CAT6 UTP IBKBD 0.5M - BLACK,6922794745759,KABEL LAN CAT 6,VENTION,TIDAK,1
3988,2508000227,NEW KABEL LAN VENTION CAT6 UTP IBKBL 10M - BLACK,6922794745827,KABEL LAN CAT 6,VENTION,TIDAK,0
3989,2508000228,NEW KABEL LAN VENTION CAT6 UTP IBKBN 15M - BLACK,6922794745834,KABEL LAN CAT 6,VENTION,TIDAK,0
3990,2508000229,NEW KABEL LAN VENTION CAT6 UTP IBKBT 30M - BLACK,6922794745865,KABEL LAN CAT 6,VENTION,TIDAK,2
3991,2503000516,NEW KABEL LAN VENTION CAT6 UTP IBEBI 3M - BLACK,6922794741072,KABEL LAN CAT 6,VENTION,TIDAK,0
3992,2508000230,NEW KABEL LAN VENTION CAT6 UTP IBKBX 50M - BLACK,6922794745902,KABEL LAN CAT 6,VENTION,TIDAK,0
3993,2508000226,NEW KABEL LAN VENTION CAT6 UTP IBKBJ 5M - BLACK,6922794745803,KABEL LAN CAT 6,VENTION,TIDAK,7
3994,2503000405,NEW USB HUB VENTION CHLBB-SCB USB 3.0 4 IN 1 - BLACK,6922794746626,USB HUB (DOCKING STATION),VENTION,TIDAK,2
3995,2503000477,NEW KABEL LAN VENTION CAT6 UTP IBEBD 0.5M - BLACK,6922794741034,KABEL LAN CAT 6,VENTION,TIDAK,0
3996,2503000504,NEW KABEL LAN VENTION CAT6 UTP IBEBG 1.5M - BLACK,6922794741058,KABEL LAN CAT 6,VENTION,TIDAK,0
3997,2506000079,NEW KABEL LAN VENTION CAT6 UTP IBEBL 10M - BLACK,6922794743540,KABEL LAN CAT 6,VENTION,TIDAK,29
3998,2503000509,NEW KABEL LAN VENTION CAT6 UTP IBEBF 1M - BLACK,,KABEL LAN CAT 6,VENTION,TIDAK,0
3999,2506000078,NEW VENTION Cat.6 UTP Patch Cable 2M Black IBEBH,,KABEL LAN CAT 6,VENTION,YA,0
4000,2503000505,NEW KABEL LAN VENTION CAT6 UTP IBEBH 2M - BLACK,6922794741065,KABEL LAN CAT 6,VENTION,TIDAK,16
4001,2503000507,NEW KABEL LAN VENTION CAT6 UTP IBEBJ 5M - BLACK,6922794741089,KABEL LAN CAT 6,VENTION,TIDAK,5
4002,2506000071,NEW KABEL LAN VENTION CAT5E UTP IABBG 1.5M - BLACK,6922794781405,KABEL LAN CAT 5,VENTION,TIDAK,11
4003,2506000075,NEW VENTION Cat5e UTP Ethernet Patch Cable 10M Black IABBL,6922794781450,KABEL LAN CAT 5,VENTION,TIDAK,0
4004,2503000445,NEW KABEL LAN VENTION CAT5E UTP IABBN 15M - BLACK,6922794781474,KABEL LAN CAT 5,VENTION,TIDAK,0
4005,2503000479,NEW KABEL LAN VENTION CAT5E UTP IABBQ 20M - BLACK,6922794781481,KABEL LAN CAT 5,VENTION,TIDAK,0
4006,2503000480,NEW KABEL LAN VENTION CAT5E UTP IABBS 25M - BLACK,,KABEL LAN CAT 5,VENTION,TIDAK,0
4007,2506000072,NEW KABEL LAN VENTION CAT5E UTP IABBH 2M - BLACK,6922794781412,KABEL LAN CAT 5,VENTION,TIDAK,2
4008,2506000073,NEW KABEL LAN VENTION CAT5E UTP IABBI 3M - BLACKv,6922794781429,KABEL LAN CAT 5,VENTION,TIDAK,0
4009,2506000074,NEW KABEL LAN VENTION CAT5E UTP IABBJ 5M - BLACK,6922794781436,KABEL LAN CAT 5,VENTION,TIDAK,0
4010,2503000510,NEW KABEL HDMI VENTION COTTON BRAIDED AABIL 10M - SILVER,6922794731158,KABEL HDMI TO HDMI,VENTION,TIDAK,8
4011,2503000511,NEW KABEL HDMI VENTION COTTON BRAIDED AABIN 15M - SILVER,6922794731172,KABEL HDMI TO HDMI,VENTION,TIDAK,8
4012,2503000426,NEW KABEL HDMI VENTION COTTON BRAIDED AABIF 1M - SILVER,6922794731097,KABEL HDMI TO HDMI,VENTION,TIDAK,1
4013,2503000453,NEW KABEL HDMI VENTION COTTON BRAIDED AABIH 2M - SILVER,6922794731110,KABEL HDMI TO HDMI,VENTION,TIDAK,0
4014,2503000416,NEW KABEL HDMI VENTION COTTON BRAIDED AABII 3M - SILVER,6922794731127,KABEL HDMI TO HDMI,VENTION,TIDAK,0
4015,2503000440,NEW KABEL HDMI VENTION COTTON BRAIDED AABIJ 5M - SILVER,6922794731134,KABEL HDMI TO HDMI,VENTION,TIDAK,12
4016,2503000474,NEW VENTION Cotton Braided USB 2.0 C Male to C Male 3A Cable 1M Black Aluminum Alloy Type H15BF,6922794785281,KABEL DATA USB C TO C,VENTION,TIDAK,0
4017,2503000460,NEW KONVERTER VENTION USB-C TO HDMI 4K CREBC 0.25M - BLACK,6922794776968,CONVERTER C TO HDMI,VENTION,TIDAK,5
4018,2503000456,NEW KABEL DP VENTION HACBG 1.5M - BLACK,6922794733282,KABEL DISPLAY PORT TO DISPLAY PORT,VENTION,TIDAK,0
4019,2506000066,NEW KABEL DP VENTION HACBH 2M - BLACK,6922794733299,KABEL DISPLAY PORT TO DISPLAY PORT,VENTION,TIDAK,1
4020,2503000441,NEW KABEL DP VENTION HACBI 3M - BLACK,6922794733305,KABEL DISPLAY PORT TO DISPLAY PORT,VENTION,TIDAK,0
4021,2506000067,NEW KABEL DP VENTION HACBJ 5M - BLACK,6922794733312,KABEL DISPLAY PORT TO DISPLAY PORT,VENTION,TIDAK,1
4022,2503000444,NEW KONVERTER VENTION DP TO HDMI HBGBB 0.15M - BLACK,6922794736375,CONVERTER DISPLAY PORT TO HDMI,VENTION,TIDAK,1
4023,2503000475,NEW KABEL DP TO VGA VENTION HBLBG 1.5M - BLACK,6922794746763,KABEL DISPLAY PORT TO VGA,VENTION,TIDAK,2
4024,2508000222,NEW ADAPTER VENTION USB-C TO USB-A OTG CUBH0 - GRAY,6922794737945,CONVERTER DVI TO HDMI,VENTION,TIDAK,0
4025,2503000483,NEW EARBUDS VENTION ELF E06 TWS NBKWO - WHITE,6922794781269,TWS,VENTION,TIDAK,0
4026,2503000481,NEW EARBUDS VENTION ELF E06 TWS NBKP0 - PINK,6922794781283,TWS,VENTION,TIDAK,0
4027,2503000459,NEW KABEL LAN VENTION CAT6 UTP FLAT IBABG 1.5M - BLACK,6922794722361,KABEL LAN CAT 6,VENTION,TIDAK,1
4028,2506000077,NEW KABEL LAN VENTION CAT6 UTP FLAT IBABL 10M - BLACK,6922794722316,KABEL LAN CAT 6,VENTION,TIDAK,0
4029,2503000447,NEW KABEL LAN VENTION CAT6 UTP FLAT IBABN 15M - BLACK,6922794722293,KABEL LAN CAT 6,VENTION,TIDAK,0
4030,2506000076,NEW KABEL LAN VENTION CAT6 UTP FLAT IBABH 2M - BLACK,6922794722354,KABEL LAN CAT 6,VENTION,TIDAK,0
4031,2503000458,NEW KABEL LAN VENTION CAT6 UTP FLAT IBABI 3M - BLACK,,KABEL LAN CAT 6,VENTION,TIDAK,0
4032,2503000478,NEW VENTION Flat Cat.6 UTP Patch Cable 5M Black IBABJ,,KABEL LAN CAT 6,VENTION,TIDAK,0
4033,2503000497,NEW LAPTOP STAND VENTION FOLDABLE KDMI0 - SILVER,6922794755901,NOTEBOOK STAND,VENTION,TIDAK,0
4034,2503000493,NEW CHARGER SET VENTION GANDASH TZ-FEVH0-EU 20W - GRAY,6922794789135,CHARGER HANDPHONE,VENTION,TIDAK,0
4035,2503000491,NEW CHARGER SET VENTION GANDASH TZ-FEWH0-EU 30W - GRAY,6922794789142,CHARGER HANDPHONE,VENTION,TIDAK,1
4036,2503000489,NEW CHARGER SET VENTION GANDASH TZ-FEXH0-EU 70W - GRAY,6922794789159,CHARGER HANDPHONE,VENTION,TIDAK,0
4037,2503000434,NEW CHARGER VENTION USB-C GAN FEPB0-EU 20W - BLACK,6922794782099,CHARGER HANDPHONE,VENTION,TIDAK,1
4038,2503000462,NEW CHARGER VENTION USB-C GAN FEPW0-EU 20W - WHITE,6922794782105,CHARGER HANDPHONE,VENTION,TIDAK,1
4039,2503000517,NEW KABEL HDMI VENTION 4K ALUMINUM ALHSG 1.5M - BLUE,6922794768093,KABEL HDMI TO HDMI,VENTION,TIDAK,1
4040,2503000403,NEW KABEL HDMI VENTION 4K ALUMINUM ALHSL 10M - BLUE,6922794768130,KABEL HDMI TO HDMI,VENTION,TIDAK,2
4041,2503000512,NEW KABEL HDMI VENTION 4K ALUMINUM ALHSN 15M - BLUE,6922794768154,KABEL HDMI TO HDMI,VENTION,TIDAK,3
4042,2503000448,NEW KABEL HDMI VENTION 4K ALUMINUM ALHSH 2M - BLUE,6922794765597,KABEL HDMI TO HDMI,VENTION,TIDAK,0
4043,2503000430,NEW KABEL HDMI VENTION 4K ALUMINUM ALHSI 3M - BLUE,6922794768109,KABEL HDMI TO HDMI,VENTION,TIDAK,0
4044,2503000423,NEW KABEL HDMI VENTION 4K ALUMINUM ALHSJ 5M - BLUE,6922794768116,KABEL HDMI TO HDMI,VENTION,TIDAK,2
4045,2503000407,NEW CAPTURE CARD VENTION HDMI ACWHA - BLACK,6922794767850,CAPTURE CARD,VENTION,TIDAK,4
4046,2503000438,NEW KABEL HDMI TO DVI VENTION ABFBG 1.5M - BLACK,6922794732810,KABEL HDMI TO DVI,VENTION,TIDAK,0
4047,2503000417,NEW KABEL HDMI TO DVI VENTION ABFBI 3M - BLACK,6922794732834,KABEL HDMI TO DVI,VENTION,TIDAK,4
4048,2503000418,NEW KABEL HDMI TO DVI VENTION ABFBJ 5M - BLACK,6922794732841,KABEL HDMI TO DVI,VENTION,TIDAK,1
4049,2503000514,NEW KONVERTER VENTION HDMI TO VGA 42161 0.15M - BLACK,6922794742161,CONVERTER HDMI TO VGA,VENTION,TIDAK,4
4050,2508000234,NEW CASING SSD M.2 NVME-SATA VENTION USB C 3.2 GEN 2 WITH HEAT SINK GRAY ALUMINUM ALLOY TYPE - KPLH0,6922794788503,ENCLOSURE NVME,VENTION,TIDAK,4
4051,2503000500,NEW CASING SSD M.2 NVME VENTION USB C 3.1 Gen 2 GRAY ALUMINUM ALLOY TYPE - KPGH0,6922794761292,ENCLOSURE NVME,VENTION,TIDAK,5
4052,2508000223,NEW KONVERTER VENTION MINI DP TO HDMI HBCBB 0.15M - BLACK,6922794729483,CONVERTER MINI DP TO HDMI,VENTION,TIDAK,0
4053,2508000224,NEW KONVERTER VENTION MINI DP TO VGA HBDBB 0.15M - BLACK,6922794729469,CONVERTER MINI DP TO VGA,VENTION,TIDAK,2
4054,2508000238,NEW DOCKING STATION VENTION TOKHB USB-C 9 IN 1 - GRAY,6922794753488,USB HUB (DOCKING STATION),VENTION,TIDAK,5
4055,2503000490,NEW PHONE COOLER VENTION MAGNETIC KQKB0 - BLACK,6922794790230,PHONE COOLER,VENTION,TIDAK,2
4056,2503000421,NEW NETWORK TESTER VENTION MANUAL KEFB0 - BLACK,6922794769120,LAN TESTER,VENTION,TIDAK,0
4057,2503000485,NEW CRIMPING TOOL VENTION RATCHET KEAB0 - BLACK,6922794743571,CRIMPING TOOL,VENTION,TIDAK,0
4058,2511000141,NEW KONEKTOR RJ45 VENTION IDBR0 100 PACK - TRANSPARENT,6922794744202,KEPALA RJ45,VENTION,TIDAK,0
4059,2509000022,NEW KONEKTOR RJ45 VENTION IDBR0 50 PACK - TRANSPARENT,69227944744158,KEPALA RJ45,VENTION,TIDAK,2
4060,2508000233,NEW ADAPTER VENTION RJ45 SPLITTER IPTB0 - BLACK,6922794747814,RJ45 SPLITTER,VENTION,TIDAK,9
4061,2510000035,NEW ADAPTER VENTION USB-C TO HDMI TCDH0 - GRAY,,CONVERTER HDMI TO C,VENTION,TIDAK,0
4062,2506000081,NEW EARBUDS VENTION ECHO LITE E11 TWS NBVB0 - BLACK,6922794791831,TWS,VENTION,TIDAK,0
4063,2503000484,NEW EARBUDS VENTION ECHO LITE E11 TWS NBVWO - WHITE,6922794790186,TWS,VENTION,TIDAK,2
4064,2503000488,NEW EARBUDS VENTION ELF E06 TWS NBKB0 - BLACK,6922794781252,TWS,VENTION,TIDAK,0
4065,2503000506,NEW ADAPTER VENTION USB-C TO HDMI TDCBB 0.15M - BLACK,6922794746121,CONVERTER C TO HDMI,VENTION,TIDAK,0
4066,2503000508,NEW ADAPTER VENTION USB-C TO HDMI TCAH0 - GRAY,6922794742529,CONVERTER C TO HDMI,VENTION,TIDAK,4
4067,2503000429,NEW VENTION USB 2.0 C Male Right Angle to C Male 5A Cable 1.5M Gray Aluminum Alloy Type TAKHG,6922794752542,KABEL DATA USB C TO C,VENTION,TIDAK,4
4068,2503000431,NEW VENTION USB 2.0 C Male to Lightning Male 3A Cable 2M White TASWH,6922794764491,KABEL DATA USB C TO LIGHTNING,VENTION,TIDAK,0
4069,2503000501,NEW VENTION USB 2.0 C Male to Lightning Male Cable Grey 1M Aluminum Alloy Type GREY TNAHB,6922794754744,USB HUB (DOCKING STATION),VENTION,TIDAK,0
4070,2506000054,NEW VENTION USB 3.0 A Male to C Male Cable 2M Black PVC Type COZBH,6922794749382,KABEL DATA USB A TO C,VENTION,TIDAK,2
4071,2503000457,NEW VENTION USB 3.0 A Male to Micro-B Male Cable 0.5M Black PVC type COPBD,6922794748910,KABEL DATA USB A TO MICRO B,VENTION,TIDAK,10
4072,2503000476,NEW VENTION USB 3.0 A Male to Micro-B Male Cable 1.5M Black PVC Type COPBG,6922794748934,KABEL DATA USB A TO MICRO B,VENTION,TIDAK,5
4073,2503000427,NEW VENTION USB 3.1 Gen2 C Male to C Male 5A Cable 1M Gray Aluminum Alloy Type TAHHF,6922794756267,KABEL DATA USB C TO C,VENTION,TIDAK,1
4074,2509000061,NEW VENTION USB 3.1 TYPE-C MALE TO USB FEMALE OTG ADAPTER WITH LANYARD GRAY ALUMUNIUM ALLOY TYPE CUBH0,6922794779976,CONVERTER C TO A,VENTION,TIDAK,3
4075,2503000435,NEW ADAPTER VENTION USB-C TO USB-A OTG CCVBB 0.15M - BLACK,6922794749412,CONVERTER C TO A,VENTION,TIDAK,1
4076,2503000494,NEW BLUETOOTH ADAPTER VENTION 5.4 NALB0 - BLACK,6922794788190,USB BLUETOOTH ADAPTER,VENTION,TIDAK,7
4077,2509000062,NEW DOCKING STATION VENTION TFBHB USB-C 5 IN 1 - GRAY,6922794745643,USB HUB (DOCKING STATION),VENTION,TIDAK,0
4078,2503000515,NEW KONVERTER VENTION USB TO HDMI ACYHB 0.15M - BLACK,6922794776920,CONVERTER C+A TO HDMI,VENTION,TIDAK,2
4079,2503000406,NEW KONVERTER VENTION USB TO HDMI 0.15M - BLACK,,CONVERTER C+A TO HDMI,VENTION,TIDAK,0
4080,2508000220,NEW ADAPTER VENTION USB-A TO GIGABIT ETHERNET CEZHB 0.15M - GRAY,6922794789968,CONVERTER USB A TO LAN,VENTION,TIDAK,0
4081,2503000454,NEW KABEL AUDIO VENTION USB-C TO 3.5MM BGKHG 1.5M - GRAY,,KABEL USB C TO 3.5 MM,VENTION,TIDAK,0
4082,2506000175,NEW ADAPTER VENTION USB-C TO USB-A OTG CDUB0 - BLACK,6922794755246,CONVERTER C TO A,VENTION,TIDAK,0
4083,2503000409,NEW ADAPTER VENTION USB-C TO GIGABIT ETHERNET CFNHB 0.15M - BLACK,6922794748996,CONVERTER USB A TO LAN,VENTION,TIDAK,0
4084,2508000237,NEW DOCKING STATION VENTION THYH0 USB-C 4 IN 1 - GRAY,6922794792197,USB HUB (DOCKING STATION),VENTION,TIDAK,4
4085,2508000236,NEW USB HUB VENTION TGOBB USB-C 5 IN 1 - BLACK,6922794751972,USB HUB (DOCKING STATION),VENTION,TIDAK,0
4086,2509000063,NEW DOCKING STATION VENTION TFDHB USB-C 5 IN 1 - GRAY,6922794745612,USB HUB (DOCKING STATION),VENTION,TIDAK,0
4087,2503000495,NEW DOCKING STATION VENTION TFLHB USB-C 10 IN 1 - GRAY,6922794756236,USB HUB (DOCKING STATION),VENTION,TIDAK,0
4088,2503000503,NEW DOCKING STATION VENTION TFMHB USB-C 8 IN 1 - GRAY,6922794766631,USB HUB (DOCKING STATION),VENTION,TIDAK,1
4089,2503000412,NEW ADAPTER VENTION USB-C/USB-A TO GIGABIT ETHERNET CFQHB 0.15M - BLACK,6922794789982,CONVERTER USB A+C TO LAN,VENTION,TIDAK,0
4090,2503000424,NEW VENTION USB2.0 Extension Cable 1.5M Black CBCBG,6922794735040,KABEL USB EXTENSION,VENTION,TIDAK,0
4091,2503000450,NEW VENTION USB2.0 Extension Cable 3M Black CBCBI,6922794735064,KABEL USB EXTENSION,VENTION,TIDAK,2
4092,2503000420,NEW VENTION USB2.0 Extension Cable 5M Black CBCBJ,6922794735071,KABEL USB EXTENSION,VENTION,TIDAK,1
4093,2506000055,NEW VENTION VGA(3+9) Male to Male Cable 2M Black DADBH,6922794733046,KABEL VGA TO VGA,VENTION,TIDAK,0
4094,2506000056,NEW VENTION VGA(3+9) Male to Male Cable 3M Black TYPE DADBI,2506000056,KABEL VGA TO VGA,VENTION,TIDAK,2
4095,2506000057,NEW VENTION VGA(3+9) Male to Male Cable 8M Black DADBK,6922794733077,KABEL VGA TO VGA,VENTION,TIDAK,5
4096,2503000410,NEW VENTION WIRELESS HDMI TRANSMITTER ADCB0-TX,6922794785915,HDMI TRANSMITTER,VENTION,TIDAK,2
4097,2503000433,NEW CHARGER VENTION USB-C PD FAIB0-EU 30W - BLACK,6922794762749,CHARGER HANDPHONE,VENTION,TIDAK,1
4098,2503000449,NEW KONVERTER VENTION WIRELESS HDMI TRANSMITTER & RECEIVER ADCB0 - BLACK,6922794778610,HDMI TRANSMITTER,VENTION,TIDAK,0
4099,2503000498,NEW POINTER LASER VENTION WIRELESS PRESENTATION KQIH0 - GRAY,6922794790179,POINTER,VENTION,TIDAK,9
4100,2503000109,NEW VGA ASUS PRIME RX 9070 16GB OC GDDR6,,VGA RX 9000,ASUS,TIDAK,0
4101,2505000266,NEW VGA CARD ASROCK CHALLENGER RX 7800 XT 16GB OC GDDR6,4710483943683,VGA RX 7000,ASROCK,TIDAK,4
4102,2507000269,NEW VGA CARD ASROCK CHALLENGER RX 9060 XT 16GB OC GDDR6,4711581491205,VGA RX 9000,ASROCK,TIDAK,4
4103,2504000348,NEW VGA CARD ASROCK CHALLENGER D RX 6600 8GB GDDR6,4710483935749,VGA RX 6000,ASROCK,TIDAK,0
4104,2506000347,NEW VGA CARD ASROCK CHALLENGER WHITE RX 6600 8GB GDDR6,4710483943850,VGA RX 6000,ASROCK,TIDAK,0
4105,2506000348,NEW VGA CARD ASROCK AMD RADEON RX9070XT STEEL LEGEND 16GB GDDR6-90-GA5DZZ-00UANF,4711581490451,VGA RX 9000,ASROCK,TIDAK,1
4106,2504000426,NEW VGA CARD ASROCK TAICHI RX 9070 XT 16GB OC GDDR6,4711581490444,VGA RX 9000,ASROCK,TIDAK,2
4107,2510000255,NEW VGA CARD ASROCK STEEL LEGEND WHITE RX 7800 XT 16GB OC GDDR6,,VGA RX 7000,ASROCK,TIDAK,0
4108,2508000306,NEW VGA CARD ASROCK STEEL LEGEND WHITE RX 9060 XT 16GB OC GDDR6,4711581490857,VGA RX 9000,ASROCK,TIDAK,3
4109,2504000222,NEW VGA CARD ASROCK STEEL LEGEND RX 9070 XT 16GB GDDR6,,VGA RX 9000,ASROCK,TIDAK,0
4110,2506000025,NEW VGA CARD ASUS DUAL V2 RTX 3050 8GB OC GDDR6,4711081772453,VGA RTX 3000,ASUS,TIDAK,0
4111,2504000291,NEW VGA CARD ASUS DUAL WHITE RTX 4060 8GB OC GDDR6,,VGA RTX 4000,ASUS,TIDAK,0
4112,2507000177,NEW VGA CARD ASUS DUAL RTX 5050 8GB OC GDDR6,4711636178518,VGA RTX 5000,ASUS,TIDAK,0
4113,2506000297,NEW VGA CARD ASUS PRIME RTX 5060 TI 16GB OC GDDR7,4711387994054,VGA RTX 5000,ASUS,TIDAK,0
4114,2511000221,NEW VGA CARD ASUS PRIME RTX 5060 8GB OC GDDR7,4711636057851,VGA RTX 5000,ASUS,TIDAK,0
4115,2503000268,NEW VGA CARD ASUS ROG STRIX RTX 4060 TI 8GB OC GDDR6,,VGA RTX 4000,ASUS,TIDAK,0
4116,2509000278,NEW VGA CARD ASUS ROG STRIX RTX 5070 12GB OC GDDR7,4711387922279,VGA RTX 5000,ASUS,TIDAK,0
4117,2503000093,NEW VGA CARD ASUS ROG STRIX RTX 4060 8GB OC GDDR6,,VGA RTX 4000,ASUS,TIDAK,0
4118,2506000291,NEW VGA CARD ASUS ROG STRIX RTX 5070 TI 16GB OC GDDR7,4711387920633,VGA RTX 5000,ASUS,TIDAK,0
4119,2506000024,NEW VGA CARD ASUS DUAL RTX 3050 6GB OC GDDR6,4711387470633,VGA RTX 3000,ASUS,TIDAK,4
4120,2506000298,NEW VGA CARD ASUS DUAL V2 RTX 3060 12GB OC GDDR6,,VGA RTX 3000,ASUS,TIDAK,0
4121,2503000108,NEW VGA CARD ASUS PRIME RTX 5070 12GB OC GDDR7 - OLD,,VGA RTX 5000,ASUS,YA,0
4122,2503000241,NEW VGA CARD ASUS PRIME RTX 5070 12GB OC GDDR7,4711387837825,VGA RTX 5000,ASUS,TIDAK,1
4123,2503000242,NEW VGA CARD ASUS PRIME RX 9070 16GB OC GDDR6,4711387829592,VGA RX 9000,ASUS,TIDAK,2
4124,2504000290,NEW VGA CARD ASUS TUF RX 7900 XT 20GB OC GDDR6,4711387020043,VGA RX 7000,ASUS,TIDAK,1
4125,2506000296,NEW VGA CARD ASUS TUF RTX 5070 12GB OC GDDR7,4711387849071,VGA RTX 5000,ASUS,TIDAK,0
4126,2506000299,NEW VGA CARD ASUS TUF RX 9070 XT 16GB OC GDDR6,4711387829578,VGA RX 9000,ASUS,TIDAK,0
4127,2503000056,NEW VGA CARD ASUS TUF RTX 5070 TI 16GB OC GDDR7,4711387861455,VGA RTX 5000,ASUS,TIDAK,0
4128,2510000073,NEW VGA CARD COLORFIRE MEOW-ORG RTX 5060 8GB GDDR7,6937232400961,VGA RTX 5000,COLORFUL,TIDAK,5
4129,2509000259,NEW VGA CARD COLORFIRE MEOW-ORG DUO RTX 5060 8GB GDDR7,6937232401166,VGA RTX 5000,COLORFUL,TIDAK,5
4130,2508000180,NEW VGA CARD COLORFUL NB EX BATTLE AX RTX 5060 8GB GDDR7,6937232401944,VGA RTX 5000,COLORFUL,TIDAK,0
4131,2504000262,NEW VGA CARD COLORFUL IGAME ULTRA W DUO RTX 4060 8GB OC GDDR6,,VGA RTX 4000,COLORFUL,TIDAK,0
4132,2503000052,NEW VGA CARD COLORFUL IGAME ULTRA RTX 4080 SUPER 16GB OC GDDR6,,VGA RTX 4000,COLORFUL,TIDAK,0
4133,2504000261,NEW VGA CARD COLORFUL NB DUO V3 L-V RTX 3060 12GB GDDR6,6937232400565,VGA RTX 3000,COLORFUL,TIDAK,0
4134,2507000175,NEW VGA CARD COLORFUL iGAME ULTRA W DUO RTX 5060 8GB OC GDDR7,,VGA RTX 5000,COLORFUL,TIDAK,0
4135,2507000174,NEW VGA CARD COLORFUL iGAME ULTRA W OC RTX 5060 8GB OC GDDR7,,VGA RTX 5000,COLORFUL,YA,0
4136,2507000048,NEW VGA CARD DIGITAL ALLIANCE GT 730 4GB DDR3,,VGA GTX,DIGITAL ALLIANCE,TIDAK,1
4137,2505000049,NEW VGA CARD DIGITAL ALLIANCE GTX 750 TI 4GB GDDR5,,VGA GTX,DIGITAL ALLIANCE,TIDAK,0
4138,2506000008,NEW VGA CARD GAINWARD GHOST RTX 5060 8GB GDDR7,4710562245387,VGA RTX 5000,GAINWARD,TIDAK,2
4139,2506000009,NEW VGA CARD GAINWARD PYTHON III RTX 5060 8GB GDDR7,,VGA RTX 5000,GAINWARD,TIDAK,0
4140,2506000007,NEW VGA CARD GAINWARD PHOENIX RTX 5080 16GB GDDR7,,VGA RTX 5000,GAINWARD,TIDAK,0
4141,2506000303,NEW VGA CARD GALAX EX GAMER BLACK RTX 4070 TI 12GB OC GDDR6,,VGA RTX 4000,GALAX,TIDAK,0
4142,2507000176,NEW VGA CARD GALAX 1-CLICK-OC RTX 5050 8GB OC GDDR6,4895147160900,VGA RTX 5000,GALAX,TIDAK,0
4143,2506000302,NEW VGA CARD GALAX 1-CLICK-OC WHITE RTX 5060 TI 8GB GDDR7,4895147159409,VGA RTX 5000,GALAX,TIDAK,0
4144,2507000178,NEW VGA CARD GALAX HOF GAMING WHITE RTX 5070 TI 16GB GDDR7,,VGA RTX 5000,GALAX,TIDAK,0
4145,2505000252,NEW VGA CARD GALAX 1-CLICK-OC LAUNCH EDITION RTX 5060 8GB OC GDDR7,4895147161198,VGA RTX 5000,GALAX,TIDAK,0
4146,2505000253,NEW VGA CARD GALAX 1-CLICK-OC WHITE LAUNCH EDITION RTX 5060 8GB GDDR7,4895147161211,VGA RTX 5000,GALAX,TIDAK,0
4147,2506000300,NEW VGA CARD GALAX 1-CLICK-OC RTX 3060 12GB OC GDDR6,4895147142784,VGA RTX 3000,GALAX,TIDAK,0
4148,2506000318,NEW VGA CARD GALAX 1-CLICK-OC RTX 5060 TI 16GB GDDR7,,VGA RTX 5000,GALAX,TIDAK,0
4149,2504000030,NEW VGA CARD GALAX 1-CLICK-OC BLACK RTX 5070 12GB OC GDDR7,4895147158600,VGA RTX 5000,GALAX,TIDAK,1
4150,2504000031,NEW VGA CARD GALAX 1-CLICK-OC WHITE RTX 5070 12GB GDDR7,,VGA RTX 5000,GALAX,TIDAK,0
4151,2504000032,NEW VGA CARD GALAX 1-CLICK-OC WHITE RTX 5070 TI 16GB GDDR7,,VGA RTX 5000,GALAX,TIDAK,0
4152,2506000301,NEW VGA CARD GALAX 1-CLICK-OC RTX 5080 16GB GDDR7,4895147158174,VGA RTX 5000,GALAX,TIDAK,0
4153,2506000317,NEW VGA CARD GALAX 1-CLICK-OC WHITE RTX 5080 16GB GDDR7,,VGA RTX 5000,GALAX,TIDAK,0
4154,2503000119,NEW VGA CARD GAINWARD GHOST RTX 3050 8GB GDDR6,4710562243710,VGA RTX 3000,GAINWARD,TIDAK,0
4155,2503000118,NEW VGA CARD GEFORCE GAINWARD PEGASUS RTX3050 6GB GDDR6,,VGA RTX 3000,GAINWARD,TIDAK,4
4156,2503000117,NEW VGA CARD GAINWARD PHANTOM RTX 5080 16GB GDDR7,,VGA RTX 5000,GAINWARD,TIDAK,0
4157,2511000058,NEW VGA CARD GIGABYTE WINDFORCE OC V2 RTX 3050 6GB OC GDDR6,,VGA RTX 3000,GIGABYTE,TIDAK,0
4158,2505000028,NEW VGA CARD GIGABYTE WINDFORCE OC RTX 4060 8GB OC GDDR6,,VGA RTX 4000,GIGABYTE,TIDAK,0
4159,2507000179,NEW VGA CARD GIGABYTE AERO RTX 5060 8GB OC GDDR7,4719331356415,VGA RTX 5000,GIGABYTE,TIDAK,1
4160,2511000059,NEW VGA CARD GIGABYTE EAGLE OC ICE RTX 5060 8GB OC GDDR7,4719331356446,VGA RTX 5000,GIGABYTE,TIDAK,4
4161,2505000198,NEW VGA CARD GIGABYTE GAMING OC RTX 5070 12GB OC GDDR7,4719331355722,VGA RTX 5000,GIGABYTE,TIDAK,0
4162,2504000269,NEW VGA CARD GIGABYTE WINDFORCE RTX 4060 8GB GDDR6,,VGA RTX 4000,GIGABYTE,TIDAK,0
4163,2509000276,NEW VGA CARD HOLDER ASUS ROG HERCULLX BLACK,4711081206385,VGACARD HOLDER,ASUS,TIDAK,6
4164,2508000133,NEW VGA CARD HOLDER DARKFLASH DL280 RGB,4710343794400,VGACARD HOLDER,,TIDAK,3
4165,2510000184,NEW VGA CARD INNO3D TWIN X2 RTX 5060 TI 16GB OC GDDR7,8886307700681,VGA RTX 5000,,TIDAK,0
4166,2510000185,NEW VGA CARD INNO3D TWIN X2 RTX 5060 TI 8GB OC GDDR7,8886307700742,VGA RTX 5000,,TIDAK,2
4167,2510000186,NEW VGA CARD INNO3D TWIN X2 WHITE RTX 5060 TI 8GB OC GDDR7,8886307700759,VGA RTX 5000,,TIDAK,1
4168,2510000189,NEW VGA CARD INNO3D X3 RTX 5070 TI 16GB GDDR7,8886307700254,VGA RTX 5000,,TIDAK,0
4169,2510000190,NEW VGA CARD INNO3D X3 RTX 5070 TI 16GB OC GDDR7,8886307700247,VGA RTX 5000,,TIDAK,0
4170,2510000187,NEW VGA CARD INNO3D TWIN X2 RTX 5070 12GB GDDR7,8886307700346,VGA RTX 5000,,TIDAK,0
4171,2510000188,NEW VGA CARD INNO3D TWIN X2 WHITE RTX 5070 12GB OC GDDR7,8886307700322,VGA RTX 5000,,TIDAK,0
4172,2510000192,NEW VGA CARD INNO3D X3 RTX 5080 16GB OC GDDR7,8886307700186,VGA RTX 5000,,TIDAK,1
4173,2510000191,NEW VGA CARD INNO3D X3 WHITE RTX 5080 16GB OC GDDR7,8886307700179,VGA RTX 5000,,TIDAK,0
4174,2505000254,NEW VGA CARD MANLI NEBULA RTX 5060 8GB GDDR7,,VGA RTX 5000,,TIDAK,0
4175,2505000255,NEW VGA CARD MANLI POLAR FOX RTX 5060 8GB OC GDDR7,,VGA RTX 5000,,TIDAK,0
4176,2504000357,NEW VGA CARD MSI VENTUS 2X RTX 3050 6GB OC GDDR6,4711377265591,VGA RTX 3000,MSI,TIDAK,0
4177,2507000197,NEW VGA CARD MSI GAMING TRIO RTX 5060 8GB OC GDDR7,4711377342568,VGA RTX 5000,MSI,TIDAK,0
4178,2507000198,NEW VGA CARD MSI SHADOW 2X OC PLUS RTX 5060 TI 16GB OC GDDR7,4711377334433,VGA RTX 5000,MSI,TIDAK,0
4179,2504000263,NEW VGA CARD MSI SHADOW 2X RTX 5070 12GB OC GDDR7,4711377308175,VGA RTX 5000,MSI,TIDAK,0
4180,2507000055,NEW VGA CARD MSI GAMING TRIO RTX 5070 12GB OC GDDR7,,VGA RTX 5000,MSI,TIDAK,2
4181,2507000058,NEW VGA CARD MSI GAMING TRIO WHITE RTX 5070 12GB OC GDDR7,,VGA RTX 5000,MSI,TIDAK,0
4182,2504000336,NEW VGA CARD MSI SHADOW 3X RTX 5070 TI 16GB OC GDDR7,4711377317184,VGA RTX 5000,MSI,TIDAK,0
4183,2503000216,NEW VGA CARD MSI GAMING X SLIM RTX 4070 SUPER 12GB GDDR6,,VGA RTX 4000,MSI,TIDAK,0
4184,2504000334,NEW VGA CARD MSI VENTUS 2X OC PLUS RTX 5060 TI 16G OC GDDR7,4711377334471,VGA RTX 5000,MSI,TIDAK,0
4185,2504000335,NEW VGA CARD MSI VENTUS 2X OC PLUS RTX 5060 TI 8GB OC GDDR7,,VGA RTX 5000,MSI,TIDAK,0
4186,2503000101,NEW VGA CARD MSI VENTUS 2X RTX 3060 12GB OC GDDR6,4719072793814,VGA RTX 3000,MSI,TIDAK,2
4187,2503000102,NEW VGA CARD MSI VENTUS 2X RTX 4060 8GB OC GDDR6,,VGA RTX 4000,MSI,TIDAK,0
4188,2508000178,NEW VGA CARD MSI INSPIRE 2X RTX 5060 8GB OC GDDR7,4711377344210,VGA RTX 5000,MSI,TIDAK,0
4189,2510000276,NEW VGA CARD MSI GAMING RTX 5060 8GB OC GDDR7,4711377342544,VGA RTX 5000,MSI,TIDAK,1
4190,2510000279,NEW VGA CARD MSI SHADOW 2X RTX 5060 8G OC GDDR7,4711377344234,VGA RTX 5000,MSI,TIDAK,0
4191,2510000278,NEW VGA CARD MSI VENTUS 2X RTX 5060 8GB OC GDDR7,4711377344272,VGA RTX 5000,MSI,TIDAK,0
4192,2510000277,NEW VGA CARD MSI VENTUS 2X WHITE RTX 5060 8GB OC GDDR7,4711377344296,VGA RTX 5000,MSI,TIDAK,5
4193,2505000078,NEW VGA CARD PALIT DUAL RTX 3050 8GB GDDR6,4710562243703,VGA RTX 3000,PALIT,TIDAK,0
4194,2505000077,NEW VGA CARD PALIT STORMX RTX 3050 6GB GDDR6,4710562244625,VGA RTX 3000,PALIT,TIDAK,0
4195,2508000329,NEW VGA CARD PALIT DUAL RTX 5050 8GB GDDR6,4710562245400,VGA RTX 5000,PALIT,TIDAK,0
4196,2508000172,NEW VGA CARD PALIT DUAL RTX 5060 8GB GDDR7,,VGA RTX 5000,PALIT,TIDAK,0
4197,2504000306,NEW VGA CARD PALIT DUAL RTX 5060 TI 8GB GDDR7,4710562245264,VGA RTX 5000,PALIT,TIDAK,1
4198,2511000060,NEW VGA CARD PALIT WHITE RTX 5060 TI 16GB OC GDDR7,,VGA RTX 5000,PALIT,TIDAK,0
4199,2504000305,NEW VGA CARD PALIT INFINITY 3 RTX 5060 TI 16GB OC GDDR7,4710562245189,VGA RTX 5000,PALIT,TIDAK,0
4200,2506000258,NEW VGA CARD PALIT GAMINGPRO RTX 5080 16GB OC GDDR7,4710562244939,VGA RTX 5000,PALIT,TIDAK,1
4201,2503000147,NEW VGA CARD PALIT DUAL RTX 3060 12GB GDDR6,,VGA RTX 3000,PALIT,TIDAK,0
4202,2503000146,NEW VGA CARD PALIT GAMINGPRO RTX 5070 TI 16GB GDDR7,,VGA RTX 5000,PALIT,TIDAK,0
4203,2504000435,NEW VGA CARD PNY VERTO TRIPLE FAN RTX 4070 TI 12GB GDDR6,4718006454005,VGA RTX 4000,PNY,TIDAK,0
4204,2507000172,NEW VGA CARD POWERCOLOR REAPER RX 9060 XT 16GB GDDR6,4713436175957,VGA RX 9000,COLORFUL,TIDAK,4
4205,2506000306,NEW VGA CARD POWERCOLOR HELLHOUND RX 9070 16GB GDDR6,,VGA RX 9000,COLORFUL,TIDAK,0
4206,2506000310,NEW VGA CARD POWERCOLOR FIGHTER RX 7600 8GB GDDR6,4713436174691,VGA RX 7000,COLORFUL,TIDAK,1
4207,2506000309,NEW VGA CARD POWERCOLOR HELLHOUND SAKURA RX 7800 XT 16GB OC GDDR6,4713436175346,VGA RX 7000,COLORFUL,TIDAK,0
4208,2506000308,NEW VGA CARD POWERCOLOR REAPER RX 9060 XT 8GB GDDR6,4713436175988,VGA RX 9000,COLORFUL,TIDAK,0
4209,2506000304,NEW VGA CARD POWERCOLOR HELLHOUND RX 9070 XT 16GB GDDR6,4713436175742,VGA RX 9000,COLORFUL,TIDAK,1
4210,2506000307,NEW VGA CARD POWERCOLOR RED DEVIL SPECTRAL WHITE RX 9070 XT 16GB OC GDDR6,4713436175933,VGA RX 9000,COLORFUL,TIDAK,1
4211,2507000072,NEW VGA CARD MSI GAMING TRIO WHITE RTX 5060 TI 16GB OC GDDR7,,VGA RTX 5000,,TIDAK,0
4212,2511000045,NEW VGA CARD SAPPHIRE NITRO+ RX 7800 XT 16GB OC GDDR6,4895106294332,VGA RX 7000,,TIDAK,4
4213,2511000046,NEW VGA CARD SAPPHIRE PURE RX 9060 XT 16GB OC GDDR6,4895106296442,VGA RX 9000,,TIDAK,3
4214,2503000080,NEW VGA CARD SPARKLE GUARDIAN INTEL ARC B570 10GB OC GDDR6,4711342290856,VGA INTEL ARC,SPARKLE,TIDAK,0
4215,2503000079,NEW VGA CARD SPARKLE TITAN INTEL ARC B580 12GB GDDR6,,VGA INTEL ARC,SPARKLE,TIDAK,0
4216,2509000035,NEW VGA CARD VENOMRX GT 730 4GB DDR3,2509000035,VGA GTX,VENOMRX,TIDAK,5
4217,2507000271,NEW VGA CARD VENOMRX GT 610 2GB DDR3,,VGA GTX,,TIDAK,2
4218,2510000282,NEW VGA CARD VENOMRX RX 580 8GB DDR5,2510000282,VGA GTX,,TIDAK,0
4219,2504000315,NEW VGA CARD XFX RX 580 8GB DDR5,,VGA GTX,XFX,TIDAK,0
4220,2503000298,NEW VGA CARD XFX SWIFT 210 RX 6600 8GB GDDR6,,VGA RX 6000,XFX,TIDAK,0
4221,2504000268,NEW VGA CARD ZOTAC ECO BLACK RTX 3050 8GB GDDR6,4895173626524,VGA RTX 3000,ZOTAC,TIDAK,0
4222,2509000287,NEW VGA CARD ZOTAC TWIN EDGE BLACK RTX 4060 TI 8GB GDDR6,4895173626944,VGA RTX 4000,ZOTAC,TIDAK,0
4223,2509000289,NEW VGA CARD ZOTAC TWIN EDGE RTX 4060 TI 8GB OC GDDR6 - WHITE,2509000289,VGA RTX 4000,ZOTAC,YA,0
4224,2503000009,NEW VGA CARD ZOTAC TWIN EDGE WHITE RTX 4060 TI 8GB OC GDDR6,4895173626968,VGA RTX 4000,ZOTAC,TIDAK,1
4225,2507000108,NEW VGA CARD ZOTAC TWIN EDGE BLACK RTX 5050 8GB OC GDDR6,8886307701565,VGA RTX 5000,ZOTAC,TIDAK,0
4226,2509000051,NEW VGA CARD ZOTAC TWIN EDGE BLACK RTX 5060 8GB OC GDDR7,8886307700834,VGA RTX 5000,ZOTAC,TIDAK,1
4227,2509000052,NEW VGA CARD ZOTAC TWIN EDGE WHITE RTX 5060 8GB OC GDDR7,8886307701510,VGA RTX 5000,ZOTAC,TIDAK,6
4228,2507000042,NEW VGA CARD ZOTAC AMP WHITE RTX 5070 12GB GDDR7,,VGA RTX 5000,ZOTAC,TIDAK,0
4229,2507000040,NEW VGA CARD ZOTAC GAMING GEFORCE RTX 5070 AMP WHITE EDITION ZT-B50700FQ-10P,,VGA RTX 5000,ZOTAC,YA,0
4230,2504000264,NEW VGA CARD ZOTAC SOLID CORE BLACK RTX 5070 TI 16GB OC GDDR7,,VGA RTX 5000,ZOTAC,TIDAK,0
4231,2507000043,NEW VGA CARD ZOTAC SOLID WHITE RTX 5080 16GB OC GDDR7,8886307700469,VGA RTX 5000,ZOTAC,TIDAK,0
4232,2507000041,NEW VGA CARD VURRION HYPERCLAW X2 GTX 1660 SUPER 6GB GDDR6,,VGA RTX 5000,ZOTAC,TIDAK,1
4233,2504000431,NEW VGA CARD ZOTAC DUAL LP BLACK RTX 3050 6GB GDDR6,,VGA RTX 3000,ZOTAC,TIDAK,0
4234,2504000429,NEW VGA CARD ZOTAC TWIN EDGE BLACK RTX 5060 TI 16GB OC GDDR7,8886307700629,VGA RTX 5000,ZOTAC,TIDAK,0
4235,2504000430,NEW VGA CARD ZOTAC TWIN EDGE BLACK RTX 5060 TI 8GB OC GDDR7,,VGA RTX 5000,ZOTAC,TIDAK,1
4236,2503000259,NEW VGA CARD ZOTAC SOLID BLACK RTX 5070 12GB OC GDDR7,8886307700605,VGA RTX 5000,ZOTAC,TIDAK,0
4237,2511000076,NEW VGA CARD ZOTAC AMP EXTREME INFINITY BLACK RTX 5070 TI 16GB GDDR7,8886307700391,VGA RTX 5000,ZOTAC,TIDAK,0
4238,2504000428,NEW VGA CARD ZOTAC TWIN EDGE BLACK RTX 3060 12GB GDDR6,,VGA RTX 3000,ZOTAC,TIDAK,0
4239,2506000108,NEW VGA CARD ZOTAC AMP BLACK RTX 5060 8GB GDDR7,8886307700964,VGA RTX 5000,ZOTAC,TIDAK,0
4240,2511000135,NEW VGA CARD ZOTAC TWIN EDGE WHITE RTX 5060 TI 16GB OC GDDR7,8886307701497,VGA RTX 5000,ZOTAC,TIDAK,0
4241,2511000136,NEW VGA CARD ZOTAC TWIN EDGE BLACK RTX 5070 12GB OC GDDR7,8886307700667,VGA RTX 5000,ZOTAC,TIDAK,0
4242,2504000304,NEW VGA CARD MSI GAMING SLIM WOW EDITION RTX 4070 SUPER 12GB GDDR6,4711377250993,VGA RTX 4000,MSI,TIDAK,0
4243,2504000303,NEW VGA CARD MSI GAMING SLIM WUKONG EDITION RTX 4070 12GB GDDR6,471137246156,VGA RTX 4000,MSI,TIDAK,1
4244,2503000125,NEW VGA SWITCHER FENGJIE FH-15-8 8 PORT,,,,TIDAK,0
4245,2509000014,NEW VGA VURRION GT 730 4GB DDR3,,VGA GTX,VURRION,TIDAK,0
4246,2503000011,NEW VGA CARD ZOTAC TWIN EDGE BLACK RTX 4060 8GB OC GDDR6,,VGA RTX 4000,ZOTAC,TIDAK,0
4247,2503000012,NEW VGA CARD ZOTAC AMP BLACK RTX 4060 TI 16GB GDDR6,,VGA RTX 4000,ZOTAC,TIDAK,0
4248,2505000210,NEW WALKIE TALKIE / HT BAOFENG BF-888S (2W) 1 PASANG (2 PCS HT),,,,TIDAK,0
4249,2504000472,NEW WALKINGPAD KINGSMITH MAT,6970492711668,MATRAS,KINGSMITH,TIDAK,9
4250,2507000218,NEW WEBCAM FANTECH LUMINOUS C30 2K 4MP - BLACK,,WEBCAM,FANTECH,TIDAK,0
4251,2506000144,NEW WEBCAM LOGITECH BCC950 CONFERENCE CAM FHD - BLACK,097855088024,WEBCAM,LOGITECH,TIDAK,0
4252,2509000220,NEW WEBCAM LOGITECH BRIO 100 960-001587 FHD - GRAPHITE,097855188601,WEBCAM,LOGITECH,TIDAK,5
4253,2509000221,NEW WEBCAM LOGITECH BRIO 100 960-001618 FHD - OFF WHITE,097855188632,WEBCAM,LOGITECH,TIDAK,5
4254,2503000256,NEW WEBCAM LOGITECH C270 HD - BLACK,097855070753,WEBCAM,LOGITECH,TIDAK,0
4255,2506000145,NEW WEBCAM LOGITECH C505E HD BUSINESS - BLACK,097855163806,WEBCAM,LOGITECH,TIDAK,0
4256,2510000029,NEW WEBCAM LOGITECH C920 FHD PROFESSIONAL - BLACK,097855074386,WEBCAM,LOGITECH,TIDAK,0
4257,2506000141,NEW WEBCAM LOGITECH MX BRIO 4K ULTRA HD - GRAPHITE,097855184672,WEBCAM,LOGITECH,TIDAK,2
4258,2506000142,NEW WEBCAM LOGITECH MX BRIO 4K ULTRA HD - PALE GREY,097855184696,WEBCAM,LOGITECH,TIDAK,3
4259,2506000143,NEW WEBCAM LOGITECH PTZ PRO 2 FHD - BLACK,097855128249,WEBCAM,LOGITECH,TIDAK,2
4260,2504000489,NEW WEBCAM NYK NEMESIS ALBATROS A-95 4MP 2K - BLACK,8994464830292,WEBCAM,NYK,TIDAK,1
4261,2508000166,NEW WEBCAM NYK NEMESIS ALBATROS A-95 4MP 2K - WHITE,,WEBCAM,NYK,TIDAK,0
4262,2504000496,NEW WEBCAM NYK NEMESIS SEVERUS A-96 5MP 2K - BLACK,8994464830094,WEBCAM,NYK,TIDAK,0
4263,2509000186,NEW WEBCAM UGREEN 15728 1080P - BLACK,6941876217281,WEBCAM,UGREEN,TIDAK,1
4264,2509000185,NEW WEBCAM UGREEN 65381 4K - BLACK,6941876263813,WEBCAM,UGREEN,TIDAK,0
4265,2505000084,NEW WHEEL NLR COCKPITS GT RACER,850041503516,,,TIDAK,1
4266,2506000312,NEW WINDOWS 2024,,,,TIDAK,0
4267,2503000061,NEW WIRELESS ROUTER ASUS RT-AX53U,4711387221303,ROUTER,ASUS,TIDAK,0
4268,2504000243,NEW WPS DE INK CARTRIDGE BLACK,,,,TIDAK,0
4269,2504000242,NEW WPS DE INK CARTRIDGE CYAN,,,,TIDAK,0
4270,2504000244,NEW WPS DE INK CARTRIDGE MAGENTA,,,,TIDAK,0
4271,2504000245,NEW WPS DE INK CARTRIDGE YELLOW,,,,TIDAK,0
4272,2504000246,"NEW WPS PAPER ROLL DRYPHOTO PAPER DX 220 LU 152MMX65MA - 6""",,,,TIDAK,0
4273,2511000079,NEW WRISTPAD RYUNIX CLEANER KIT SOBI - XC2BLACK,8994464830742,,,TIDAK,0
4274,2511000080,NEW WRISTPAD RYUNIX CLEANER KIT SOBI - XC2WHITE,8994464830759,,,TIDAK,0
4275,2503000193,NEW XIAOMI PAD PRO 8GB 256GB GRAPHITE,,,,TIDAK,0
4276,83EL002BID,NL LENOVO IPS3 141RH 83EL002BID I7 13620H 16GB 512GB CLGRY,,,,YA,0
4277,100757,NYK GAMING MIC CONDENSER APOLLO MCA-O6,,,,YA,0
4278,100759,NYK GAMING MIC CONDENSER KLIO MCN-05 BLA,,,,YA,0
4279,100760,NYK GAMING MIC CONDENSER KLIO MCN-05 WHI,,,,YA,0
4280,100725,NYK MIC CONDENSER APOLLO MCA-06 - BLACK,,,,YA,0
4281,100727,NYK MIC CONDENSER APOLLO MCA-06 - PINK,,MICROPHONE,NYK,YA,0
4282,100726,NYK MIC CONDENSER APOLLO MCA-06 - WHITE,,,,YA,0
4283,100695,OLIKE 64GB HIGH SPEED MICRO SD MEMORYCARD,8990049004973,MICRO SD,OLIKE,YA,0
4284,100602,PAKET 1 EPSON,,,,TIDAK,0
4285,100630,PAKET 2 EPSON,,,,TIDAK,0
4286,100763,PAKET 3 EPSON,,,,TIDAK,0
4287,101522,PAKET PC BU SRI ENDAH,,,,TIDAK,0
4288,100027,NEW FAN PROCESSOR PCCOOLER EX400 PALADIN ARGB - BLACK,,,,TIDAK,0
4289,101456,PC COOLER GI-CL120vc,,,,YA,0
4290,101312,PC DELL INSPIRON 3030-3YW INTEL CORE I5 14400 512GB SSD 8GB W11 + OHS 2021 21.5'',,PC BRANDED,DELL,YA,0
4291,101252,PC HP AIO 24-CB188D I3-1215U 8GB DDR4 3200 23.8'' FHD,198122570119,,HP,YA,0
4292,100700,PC LENOVO IC5- 14IRR9 90X2001VID i5-13400 512GB SSD 8GB 21.5 W11 + OHS 2021,,PC BRANDED,LENOVO,YA,0
4293,101255,PC RAKITAN,,,,TIDAK,-1
4294,2507000240,PC RAKITAN BP NANDA 2,,,,TIDAK,0
4295,2507000239,PC RAKITAN BP. NANDA,,,,TIDAK,0
4296,2508000062,PC RAKITAN HARAPAN BUNDA,,,,TIDAK,0
4297,2508000063,PC RAKITAN HARAPAN BUNDA SERVER,,,,TIDAK,0
4298,2508000287,PC RAKITAN PIONIKA MOTORINDO,,,,TIDAK,0
4299,2506000311,PC RAKITAN PT BATAM TEKNOLOGI GAS,,,,TIDAK,0
4300,2505000243,PC RAKITAN PT PIONIR AUTOMOBIL,,,,TIDAK,0
4301,2510000241,PC RAKITAN PT WONDER MOBILITAS BATAM (GEELY),,,,TIDAK,0
4302,2504000045,PC RAKITAN SAT NUSA PERSADA i5,,,,TIDAK,0
4303,2504000043,PC RAKITAN SAT NUSA PERSADA i7,,,,TIDAK,0
4304,2509000016,PC RAKITAN STT REAL BATAM,,,,TIDAK,0
4305,2509000042,PC RAKITAN TRESYA,,,,TIDAK,0
4306,2511000240,PC RAKITAN TRESYA 2,,,,TIDAK,0
4307,2506000036,PC RAKITAN WONDER MOBILITAS BATAM,,,,TIDAK,0
4308,100325,PHONE COOLER FANTECH GLETSER MAX PCM10  - BLACK,100325,PHONE COOLER,FANTECH,YA,0
4309,100324,PHONE COOLER FANTECH GLETSER PC10  - GREY,6972661280876,PHONE COOLER,FANTECH,TIDAK,0
4310,100326,PHONE COOLER FANTECH GLETSER PC10 - GREY,,PHONE COOLER,FANTECH,YA,0
4311,100190,POWER  SUPPLY DIGITAL ALLIANCE PBZ550 (550W) BRONZE BLACK,100190,PSU 550W,DIGITAL ALLIANCE,TIDAK,0
4312,100192,POWER DIGITAL ALLIANCE PBZ650 (650W) BRONZE BLACK,100192,PSU 650W,DIGITAL ALLIANCE,YA,0
4313,100997,POWER SUPPLY AEROCOOL LUX 550W RGB 80+ BRONZE,100997,PSU 550W,AEROCOOL,TIDAK,1
4314,100998,POWER SUPPLY AEROCOOL LUX 650W RGB 80+ BRONZE,,PSU 650W,AEROCOOL,TIDAK,0
4315,101283,POWER SUPPLY COOLERMASTER MWE 550 V3 BRONZE,4719512145104,PSU 550W,COOLER MASTER,TIDAK,0
4316,101282,POWER SUPPLY COOLERMASTER MWE 650 V3 BRONZE,4719512145227,PSU 650W,COOLER MASTER,TIDAK,0
4317,101284,POWER SUPPLY COOLERMASTER MWE 750 V2 ATX 3.1 GOLD,4719512152546,PSU 750W,COOLER MASTER,TIDAK,0
4318,100995,POWER SUPPLY CORSAIR 750RME 80+ GOLD FULL MODULAR,840006699347,PSU 750W,CORSAIR,TIDAK,0
4319,100996,POWER SUPPLY CORSAIR 850RME 80+ GOLD FULL MODULAR,840006699545,,,YA,0
4320,100993,POWER SUPPLY CORSAIR CX550 80+ BRONZE,100993,PSU 550W,CORSAIR,YA,0
4321,100994,POWER SUPPLY CORSAIR CX650 80+ BRONZE,100994,PSU 650W,CORSAIR,TIDAK,0
4322,101504,POWER SUPPLY CORSAIR CX750 80+ BRONZE,,PSU 750W,CORSAIR,TIDAK,0
4323,100712,POWER SUPPLY COUGAR ATLAS 550W BRONZE,4710483776793,PSU 550W,COUGAR,TIDAK,0
4324,100711,POWER SUPPLY COUGAR ATLAS 650W BRONZE,100711,PSU 650W,COUGAR,TIDAK,0
4325,100708,POWER SUPPLY COUGAR ATLAS 750W BRONZE,4710483774881,PSU 750W,COUGAR,TIDAK,0
4326,101249,POWER SUPPLY COUGAR GEX PRO 750W,101249,PSU 750W,COUGAR,YA,0
4327,101237,POWER SUPPLY COUGAR GEX SNOW 750W,101237,PSU 750W,COUGAR,YA,0
4328,101236,POWER SUPPLY COUGAR GEX X2 850W,4710483775437,PSU 850W,COUGAR,TIDAK,2
4329,101248,POWER SUPPLY COUGAR GLE 1000,101248,,COUGAR,YA,0
4330,100168,POWER SUPPLY DEEPCOOL PL650D 650W 80+ BRONZE - FLAT,000168,PSU 650W,DEEPCOOL,YA,0
4331,100169,POWER SUPPLY DEEPCOOL PL750D 750W 80+ BRONZE - FLAT,6933412721338,PSU 750W,DEEPCOOL,TIDAK,0
4332,100189,POWER SUPPLY DIGITAL  ALLIANCE PBZ650 650W BRONZE WHITE,100189,PSU 650W,DIGITAL ALLIANCE,YA,0
4333,100191,POWER SUPPLY DIGITAL ALLIANCE PBZ550 (550W) BRONZE WHITE,100191,PSU 550W,DIGITAL ALLIANCE,YA,0
4334,101306,POWER SUPPLY FSP VITA 650W 80+ BRONZE,,PSU 650W,FSP,YA,0
4335,100606,POWER SUPPLY MAG A650GL PCIE5 80+ GOLD - BLACK,4711377084277,PSU 650W,MSI,TIDAK,0
4336,100605,POWER SUPPLY MAG A750GL PCIE5 80+ GOLD - BLACK,100605,,,YA,0
4337,100603,POWER SUPPLY MAG A850GL PCIE5 80+ GOLD,4711377084253,PSU 850W,MSI,TIDAK,0
4338,100604,POWER SUPPLY MAG A850GL PCIE5 80+ GOLD -WHITE,100604,PSU 850W,MSI,TIDAK,0
4339,101409,POWER SUPPLY MSI MAG A1000GL PCIE5 1000W (80+GOLD) FULLY MODULAR ATX 3.1,,PSU 1000W,MSI,TIDAK,0
4340,100105,POWER SUPPLY MSI MAG A550BN BRONZE,100105,PSU 550W,MSI,YA,0
4341,100106,POWER SUPPLY MSI MAG A650BN BRONZE,100106,PSU 650W,MSI,TIDAK,0
4342,100107,POWER SUPPLY MSI MAG A750BN BRONZE,100107,PSU 750W,MSI,TIDAK,0
4343,101250,POWER SUPPLY TTA 550W,,PSU 550W,,TIDAK,0
4344,101405,POWERBANK ROBOT RT12 BLUE,,,,YA,0
4345,101319,POWERBANK ROBOT RT15 GRAY,,POWERBANK,ROBOT,TIDAK,0
4346,100837,PRINTER BLUEPRINT BP-LITE80L + LAN,,THERMAL PRINTER,BLUEPRINT,YA,0
4347,100549,PRINTER BROTHER DCP T426W,100549,PRINTER,BROTHER,YA,0
4348,100515,PRINTER BROTHER DCP-T220 ALL IN ONE,100515,PRINTER,BROTHER,YA,0
4349,100514,PRINTER BROTHER DCP-T420W ALL IN ONE WIRELESS,,PRINTER,BROTHER,YA,0
4350,100528,PRINTER BROTHER DCP-T425W ALL IN ONE,,PRINTER,BROTHER,YA,0
4351,100516,PRINTER BROTHER DCP-T520W ALL IN ONE WIFI,100516,PRINTER,BROTHER,YA,0
4352,100527,PRINTER BROTHER DCP-T720DW ALL IN ONE WIFI,,PRINTER,BROTHER,YA,0
4353,100530,PRINTER BROTHER DCP-T820DW AIO WIFI,100530,PRINTER,BROTHER,YA,0
4354,100531,PRINTER BROTHER HL-T4000DW A3 Wi-Fi Direct,4977766789455,PRINTER,BROTHER,YA,0
4355,100529,PRINTER BROTHER MFC-J3540DW AIO WIFI  A3,4977766817738,PRINTER,BROTHER,YA,0
4356,101544,PRINTER BROTHER HL-B2080DW - PRINT ONLY,101544,PRINTER,BROTHER,TIDAK,0
4357,100409,PRINTER CANON E410,4549292066296,PRINTER,CANON,TIDAK,0
4358,100550,PRINTER CANON G2010 ALL INI ONE,4549292095234,PRINTER,CANON,TIDAK,0
4359,100569,PRINTER CANON G3010,100569,PRINTER,CANON,YA,0
4360,100401,PRINTER CANON MG2570S,100401,PRINTER,CANON,YA,0
4361,100567,PRINTER CANON PIXMA G1010,100567,PRINTER,CANON,YA,0
4362,100675,PRINTER CANON PIXMA G2770,4549292205183,PRINTER,CANON,TIDAK,4
4363,100010,PRINTER DNP RX-1 (HS CODE : 8443.32.90),,PRINTER,DNP,YA,0
4364,101416,PRINTER EPSON ECOTANK L1216 - PRINT ONLY,8886482303189,PRINTER,EPSON,TIDAK,8
4365,100674,PRINTER EPSON ECOTANK L15150,,PRINTER,EPSON,YA,0
4366,101414,PRINTER EPSON ECOTANK L3216 WHITE - AIO,8886482303080,PRINTER,EPSON,TIDAK,4
4367,101415,PRINTER EPSON ECOTANK L3256 WIFI - AIO,8886482303134,PRINTER,EPSON,TIDAK,0
4368,100398,PRINTER EPSON L121 PRINT ONLY,8886482303530,PRINTER,EPSON,TIDAK,1
4369,101157,PRINTER EPSON L14150,,PRINTER,EPSON,YA,0
4370,100566,PRINTER EPSON L18050,8886482304490,PRINTER,EPSON,TIDAK,2
4371,100400,PRINTER EPSON L3210 ALL IN ONE,100400,PRINTER,EPSON,YA,0
4372,100399,PRINTER EPSON L3250 ALL IN ONE WIFI,100399,PRINTER,EPSON,YA,0
4373,100565,PRINTER EPSON L4260 A4 DUPLEX WIFI - AIO,8886482302984,PRINTER,EPSON,TIDAK,1
4374,100564,PRINTER EPSON L5290,100564,PRINTER,EPSON,YA,0
4375,101540,PRINTER EPSON L8050,,PRINTER,EPSON,YA,0
4376,100410,PRINTER EPSON LQ310,C11CC25341,PRINTER,EPSON,YA,0
4377,100570,PRINTER EPSON LX310,C11CC24341,PRINTER,EPSON,TIDAK,4
4378,101016,PRINTER HP DESKJET 2335,194850901171,PRINTER,HP,YA,0
4379,101017,PRINTER HP DESKJET ADVANTAGE 2875,196548542949,PRINTER,HP,YA,1
4380,101018,PRINTER HP INK TANK 315 - AIO,190781870982,PRINTER,HP,TIDAK,2
4381,101021,PRINTER HP LASER 108A 4ZB79A - PRINT ONLY,198122523689,PRINTER,HP,TIDAK,3
4382,101022,PRINTER HP LASER 108W 4ZB80A WI-FI - PRINT ONLY,198122523696,PRINTER,HP,TIDAK,4
4383,100942,PRINTER HP SMART TANK WIRELESS 520 ALL IN ONE,100942,PRINTER,HP,YA,0
4384,101020,PRINTER HP SMART TANK WIRELESS 580 ALL IN ONE,196548866809,PRINTER,HP,YA,0
4385,100200,PROCESSOR  AMD RYZEN 7-5700G 4.6 GHz AM4 BOX,,PROCESSOR RYZEN 7,AMD,YA,0
4386,100194,PROCESSOR AMD RYZEN 3-3200G 4 GHz AM4 BOX,100194,PROCESSOR RYZEN 3,AMD,YA,0
4387,101347,PROCESSOR AMD RYZEN 5 5500 AM4,101347,PROCESSOR RYZEN 5,AMD,YA,0
4388,101337,PROCESSOR AMD RYZEN 5 7600 WITH WRAITH STEALTH COOLER,,PROCESSOR RYZEN 5,AMD,YA,0
4389,100832,PROCESSOR AMD RYZEN 5 7600X 4.7 - 5.3 GHz AM5,100832,PROCESSOR RYZEN 5,AMD,YA,0
4390,101334,PROCESSOR AMD RYZEN 5 8400F WITH WRAITH STEALTH COOLER,,PROCESSOR RYZEN 5,AMD,YA,0
4391,100198,PROCESSOR AMD RYZEN 5-5600 4.4 GHz AM4 BOX,100198,PROCESSOR RYZEN 5,AMD,YA,0
4392,100195,PROCESSOR AMD RYZEN 5-5600G 4.4 GHz AM4 BOX,100195,PROCESSOR RYZEN 5,AMD,YA,0
4393,100199,PROCESSOR AMD RYZEN 5-5600X 4.6 GHz AM4 BOX,100199,PROCESSOR RYZEN 5,AMD,YA,0
4394,100196,PROCESSOR AMD RYZEN 5-7500F 5GHz AM5 TREY + FAN,100196,PROCESSOR RYZEN 5,AMD,YA,0
4395,100444,PROCESSOR AMD RYZEN 5-8500G 3.5 GHz AM5 BOX,100444,PROCESSOR RYZEN 5,AMD,YA,0
4396,101004,PROCESSOR AMD RYZEN 7 7700 5.3 GHz Max Boost,730143314497,PROCESSOR RYZEN 7,AMD,YA,0
4397,100802,PROCESSOR AMD RYZEN 7 7800X3D WITHOUT COOLER,730143314930,PROCESSOR RYZEN 7,AMD,YA,0
4398,101333,PROCESSOR AMD RYZEN 7 8700F WITH WRAITH STEALTH COOLER,,PROCESSOR RYZEN 7,AMD,YA,0
4399,101546,PROCESSOR AMD RYZEN 7 9800X3D 8-CORE,,PROCESSOR RYZEN 7,AMD,YA,0
4400,100197,PROCESSOR AMD RYZEN 7-5700X 4.6 GHz AM4 BOX - Non fan,100197,PROCESSOR RYZEN 7,AMD,YA,0
4401,100201,PROCESSOR AMD RYZEN 7-5700X3D 4.1 GHz AM4 BOX,730143316088,PROCESSOR RYZEN 7,AMD,YA,0
4402,101335,PROCESSOR AMD RYZEN 9 7900 WITH WRAITH PRISM COOLER,,PROCESSOR RYZEN 9,AMD,YA,0
4403,100796,PROCESSOR AMD RYZEN 9 7900X3D 4.4 - 5.6Ghz AM5,,PROCESSOR RYZEN 9,AMD,YA,0
4404,101363,PROCESSOR AMD RYZEN5 5600G AM4 TRAY,,PROCESSOR RYZEN 5,AMD,YA,0
4405,100188,PROCESSOR INTEL  I7-14700F 2.1 GHz LGA1700,100188,PROCESSOR INTEL I7,INTEL,YA,0
4406,101234,PROCESSOR INTEL CORE XEON E5-2690V3 2.6 GHz LGA 2011,,PROCESSOR INTEL XEON,INTEL,YA,0
4407,100208,PROCESSOR INTEL G6405 4.10 GHz LGA1200,100208,PROCESSOR INTEL PENTIUM GOLD,INTEL,YA,0
4408,100209,PROCESSOR INTEL I3-10105 3.70GHz LGA1200 D4,100209,PROCESSOR INTEL I3,INTEL,YA,0
4409,101036,PROCESSOR INTEL I3-10105F 3.70GHz LGA1200 D4,101036,PROCESSOR INTEL I3,INTEL,YA,0
4410,100185,PROCESSOR INTEL I3-12100 3.30 GHz LGA1700,100185,PROCESSOR INTEL I3,INTEL,YA,0
4411,100212,PROCESSOR INTEL I3-12100F 3.30GHz LGA1700,100212,PROCESSOR INTEL I3,INTEL,YA,0
4412,100822,PROCESSOR INTEL I3-14100 3.5-4.7 GHz  LGA1700,100822,PROCESSOR INTEL I3,INTEL,YA,0
4413,100170,PROCESSOR INTEL CORE I3-4170 3.7GHz LGA1150 TRAY,,PROCESSOR INTEL I3,INTEL,YA,0
4414,100035,PROCESSOR INTEL I5 12400 LGA1700,100035,PROCESSOR INTEL I5,INTEL,TIDAK,0
4415,100210,PROCESSOR INTEL I5-10400 2.90 GHz LGA1200,100210,PROCESSOR INTEL I5,INTEL,YA,0
4416,100211,PROCESSOR INTEL I5-10400F 2.90GHz LGA1200,,PROCESSOR INTEL I5,INTEL,YA,0
4417,101537,PROCESSOR INTEL I5-11400,5032037214902,PROCESSOR INTEL I5,INTEL,YA,0
4418,100213,PROCESSOR INTEL I5-12400F 2.50GHz LGA1700,100213,PROCESSOR INTEL I5,INTEL,YA,0
4419,100187,PROCESSOR INTEL I5-13400 3.30 GHz LGA1700,5032037260275,PROCESSOR INTEL I5,INTEL,YA,0
4420,100214,PROCESSOR INTEL I5-14400 2.5GHz LGA1700,100214,PROCESSOR INTEL I5,INTEL,YA,0
4421,100215,PROCESSOR INTEL I5-14400F 2.5GHz LGA1700,100215,PROCESSOR INTEL I5,INTEL,YA,0
4422,101383,PROCESSOR INTEL I5-14600KF,5032037278461,PROCESSOR INTEL I5,INTEL,YA,0
4423,100171,PROCESSOR INTEL CORE I5-4590 3.3GHz LGA1150 TRAY,100171,PROCESSOR INTEL I5,INTEL,YA,0
4424,100707,PROCESSOR INTEL I7 12700K LGA 1700,100707,PROCESSOR INTEL I7,INTEL,YA,0
4425,100186,PROCESSOR INTEL I7-12700 3.60 GHz LGA1700,100186,PROCESSOR INTEL I7,INTEL,YA,0
4426,100216,PROCESSOR INTEL I7-12700F 2.10GHz LGA1700,100216,PROCESSOR INTEL I7,INTEL,YA,0
4427,100217,PROCESSOR INTEL I7-14700 2.1GHz LGA1700,735858547673,PROCESSOR INTEL I7,INTEL,YA,0
4428,100184,PROCESSOR INTEL CORE I7-12700F 4.9GHz LGA1700 BOX,,PROCESSOR INTEL I7,INTEL,YA,0
4429,100172,PROCESSOR INTEL CORE I7-4770 3.4GHz LGA1150 TRAY,,PROCESSOR INTEL I7,INTEL,TIDAK,1
4430,100824,PROCESSOR INTEL I9-12900K 2.40 - 5.20Ghz  LGA1700,,PROCESSOR INTEL I9,INTEL,YA,0
4431,101300,PROCESSOR INTEL ULTRA 5 245KF LGA 1851,101300,PROCESSOR INTEL ULTRA 5,INTEL,YA,0
4432,101382,PROCESSOR INTEL Ultra 7 265F,101382,PROCESSOR INTEL ULTRA 7,INTEL,YA,0
4433,101298,PROCESSOR INTEL i5-13400F 2.50 GHz LGA1700,,PROCESSOR INTEL I5,INTEL,YA,0
4434,101420,PROCESSOR INTEL i7 12700KF LGA1700,,PROCESSOR INTEL I7,INTEL,YA,0
4435,101400,PROCESSOR INTEL i9 14900KF LGA 1700,5032037278546,PROCESSOR INTEL I9,INTEL,YA,0
4436,101336,PROCESSOR RYZEN 7 9700X 8-CORE PROCESSOR,,PROCESSOR RYZEN 7,AMD,YA,0
4437,101025,PROJECTOR ACER BS 021A SVGA 4800,4710886258322,PROJECTOR,ACER,TIDAK,2
4438,101024,PROJECTOR BENQ M5550 WHITE,,,,YA,0
4439,100672,PROJECTOR EPSON EB E600,100672,PROJECTOR,EPSON,YA,0
4440,100130,PROJECTOR EPSON EB-E500 XGA 3300 LUMEN,,PROJECTOR,EPSON,TIDAK,0
4441,100673,PROJECTOR EPSON EB-X600,8886482306050,PROJECTOR,EPSON,YA,0
4442,101372,PSU DEEPCOOL ASSASSIN 4S BLACK,6933412728696,CPU COOLER,DEEPCOOL,TIDAK,1
4443,101373,PSU DEEPCOOL ASSASSIN 4S WHITE,6933412728702,CPU COOLER,DEEPCOOL,TIDAK,0
4444,101532,PSU GALAX OMEGA GL650S,4895147155647,,,TIDAK,0
4445,101534,PSU GALAX OMEGA GLX850,,,,YA,0
4446,100025,Pembelian Aset,,,,TIDAK,0
4447,101003,Penggantian & Pengecekan,,,,TIDAK,0
4448,2509000015,RAKITAN PC I5 VITKA,,,,TIDAK,0
4449,2509000013,RAKITAN PC I7 VITKA,,,,TIDAK,0
4450,101503,RAM  CORSAIR SODIMM DDR5 16GB Vengeance 4800MHz,840006662235,SODIMM DDR5,CORSAIR,YA,0
4451,101354,RAM ADATA LONGDIMM DDR5 16GB PC4800,101354,LONGDIMM DDR5,ADATA,YA,0
4452,101114,RAM LONGDIMM DDR5 ADATA 8GB (1X8GB) 4800MHZ,4711085936417,LONGDIMM DDR5,ADATA,TIDAK,1
4453,101364,RAM ADATA SODIMM DDR4 16GB PC3200,,SODIMM DDR4,ADATA,YA,0
4454,101316,RAM ADATA SODIMM DDR4 32GB PC3200,842243027105,SODIMM DDR4,ADATA,YA,0
4455,101384,RAM ADATA SODIMM DDR5 16GB PC5600,101384,SODIMM DDR5,ADATA,YA,0
4456,101328,RAM ADATA XPG LONGDIMM DDR4 08GBX2 3200 MHz GAMMIX D35 BLACK,101328,LONGDIMM DDR4,ADATA,YA,0
4457,100933,RAM ADATA XPG LONGDIMM DDR4 08GBX2 3200Mhz GAMMIX D35 WHITE,100933,LONGDIMM DDR4,ADATA,YA,0
4458,100434,RAM ADATA XPG LONGDIMM DDR4 08GBX2 3600Mhz GAMMIX D35 BLACK,4711085942920,LONGDIMM DDR4,ADATA,YA,0
4459,101411,RAM ADATA XPG LONGDIMM DDR4 08GBX2 PC3200 SPECTRIX D35G RGB WHITE,101411,LONGDIMM DDR4,ADATA,YA,0
4460,101111,RAM LONGDIMM DDR4 ADATA XPG SPECTIX D35G 16GB (2X8GB) 3200MHZ RGB,,LONGDIMM DDR4,ADATA,TIDAK,3
4461,100439,RAM ADATA XPG LONGDIMM DDR5 08GBX2 6000Mhz LANCER BLADE RGB BLACK,100439,LONGDIMM DDR5,ADATA,YA,0
4462,101559,RAM ADATA XPG LONGDIMM DDR5 32GB (16x2) PC6400 LANCER BLADE BLACK,4711085944962,LONGDIMM DDR5,ADATA,YA,0
4463,101560,RAM ADATA XPG LONGDIMM DDR5 32GB (16x2) PC6400 LANCER BLADE WHITE,4711085944986,LONGDIMM DDR5,ADATA,YA,0
4464,101523,RAM CORSAIR DOMINATOR PLATINUM RGB DDR5 32GB (2X16GB)5200Z,840006697817,LONGDIMM DDR5,CORSAIR,YA,0
4465,101501,RAM CORSAIR DOMINATOR PLATINUM RGB DDR5 64GB (2X32GB)5600Z,,LONGDIMM DDR5,CORSAIR,YA,0
4466,101502,RAM DDR4 CORSAIR VENGEANCE LPX 8GB DRAM 3200MHz,840006608622,LONGDIMM DDR4,CORSAIR,YA,0
4467,100992,RAM DDR4 PC CORSAIR VENGEANCE RS 2X8GB16GB 3600 RGB - BLACK,840006648994,LONGDIMM DDR4,CORSAIR,YA,0
4468,100149,RAM DDR4 PC GSKILL SNIPER X F4 3600Mhz 32GB  - 32GSXKB,848354030560,LONGDIMM DDR4,G SKILL,YA,0
4469,100148,RAM DDR4 PC GSKILL TRIDEN Z RGB 3600Mhz 16GB - 16GTZRB,4713294220967,LONGDIMM DDR4,G SKILL,YA,0
4470,101285,RAM DDR4 PC KINGSTON FURY 2X8GB 16GB 3200Mhz,101285,LONGDIMM DDR4,KINGSTON,YA,0
4471,101161,RAM DDR4 PC TEAM GROUP ELITE 8GB 3200Mhz,,LONGDIMM DDR4,TEAM GROUP,YA,0
4472,100534,RAM DDR4 SODIMM TEAM ELITE 16GB 3200Mhz,100534,SODIMM DDR4,TEAM GROUP,YA,0
4473,100533,RAM SODIMM DDR4 TEAM GROUP ELITE 8GB 3200MHZ,100553,SODIMM DDR4,TEAM GROUP,TIDAK,0
4474,100181,RAM DDR5 ADATA XPG LANCER  2X8GB 5200Mhz - WHITE,4711085940117,LONGDIMM DDR5,ADATA,TIDAK,0
4475,101286,RAM LONGDIMM DDR5 KINGSTON FURY BEAST 16GB (2X8GB) 5200MHZ BLACK,740617328554,LONGDIMM DDR5,KINGSTON,TIDAK,1
4476,100150,RAM DDR5 NB GSKILL RIPJAWS 4800Mhz 16GB -S4039A16GX1 RS,4713294232533,LONGDIMM DDR5,G SKILL,YA,0
4477,100179,RAM DDR5 PC ADATA XPG LANCER 16GB 5200Mhz  BLACK,4711085940124,LONGDIMM DDR5,ADATA,YA,0
4478,100985,RAM LONGDIMM DDR5 CORSAIR VENGEANCE 32GB (2X16GB) 5200MHZ RGB BLACK,840006600084,LONGDIMM DDR5,CORSAIR,TIDAK,1
4479,100986,RAM DDR5 PC CORSAIR VENGEANCE 2X16GB 32GB 5200 - WHITE,840006694670,LONGDIMM DDR5,CORSAIR,YA,0
4480,100988,RAM DDR5 PC CORSAIR VENGEANCE 2X16GB 32GB 6000 - BLACK,100988,LONGDIMM DDR5,CORSAIR,YA,0
4481,100989,RAM DDR5 PC CORSAIR VENGEANCE 2X16GB 32GB 6000 - WHITE,840006674900,LONGDIMM DDR5,CORSAIR,YA,0
4482,100991,RAM LONGDIMM DDR5 CORSAIR VENGEANCE 16GB (2X8GB) 5200MHZ BLACK,840006670162,LONGDIMM DDR5,CORSAIR,TIDAK,0
4483,100151,RAM DDR5 PC GSKILL TRIDENT Z5 RGB 5600Mhz 32GB - J4040C16GX2,4713294230782,LONGDIMM DDR5,G SKILL,YA,0
4484,100826,RAM DDR5 PC T-CREATE 2X32GB 64GB 6400Mhz -  NON RGB,,LONGDIMM DDR5,TEAM GROUP,YA,0
4485,101387,RAM RIPJAWS DDR5 16GBX2 WHITE F5-5200J4040A,4713294230867,LONGDIMM DDR5,G SKILL,YA,0
4486,100555,RAM SODIM LEXAR 8GB DDR4,,SODIMM DDR4,LEXAR,YA,0
4487,100472,RAM TEAM ELITE LONGDIMM DDR5 16GB PC5600,100472,LONGDIMM DDR5,TEAM GROUP,YA,0
4488,100471,RAM LONGDIMM DDR5 TEAM GROUP ELITE 8GB (1X8GB) 5600MHZ,765441868991,LONGDIMM DDR5,TEAM GROUP,TIDAK,0
4489,101317,RAM TEAM ELITE SODIMM DDR4 32GB PC3200MHz,101317,SODIMM DDR4,TEAM GROUP,YA,0
4490,100932,RAM TEAM ELITE SODIMM DDR4 8GB PC3200,,SODIMM DDR4,TEAM GROUP,YA,0
4491,100862,RAM TEAM ELITE SODIMM DDR5 16GB PC5600,765441871403,SODIMM DDR5,TEAM GROUP,YA,0
4492,100934,RAM SODIMM DDR5 TEAM GROUP ELITE 32GB 5600MHZ,765441871397,SODIMM DDR5,TEAM GROUP,TIDAK,1
4493,100800,RAM TEAM ELITE SODIMM DDR5 8GB PC5600,765441871410,SODIMM DDR5,TEAM GROUP,YA,0
4494,101113,RAM TEAM TFORCE DELTA LONGDIMM DDR4 08GBX2 PC3600 RGB BLACK,10113,LONGDIMM DDR4,TEAM GROUP,YA,0
4495,100636,RAM TEAM TFORCE DELTA LONGDIMM DDR4 16GBX2 PC3600 RGB WHITE,765441651784,LONGDIMM DDR4,TEAM GROUP,YA,0
4496,100637,RAM TEAM TFORCE DELTA LONGDIMM DDR4 16GBX2 PC3600RGB BLACK,765441651753,LONGDIMM DDR4,TEAM GROUP,YA,0
4497,100638,RAM LONGDIMM DDR4 TEAM GROUP TFORCE DELTA 16GB (2X8GB) 3200MHZ RGB BLACK,765441654617,LONGDIMM DDR4,TEAM GROUP,TIDAK,0
4498,100639,RAM TEAM TFORCE DELTA LONGDIMM DDR4 8GBX2 PC3200 RGB WHITE,100639,LONGDIMM DDR4,TEAM GROUP,YA,0
4499,101410,RAM TEAM TFORCE DELTA LONGDIMM DDR5 08GBX2 PC6000 RGB WHITE,101410,LONGDIMM DDR5,TEAM GROUP,YA,0
4500,100839,RAM TEAM TFORCE DELTA LONGDIMM DDR5 16GBX2 PC6400 RGB BLACK,100839,LONGDIMM DDR5,TEAM GROUP,TIDAK,0
4501,100799,RAM TEAM TFORCE DELTA LONGDIMM DDR5 16GBX2 PC6400 RGB WHITE,100799,LONGDIMM DDR5,TEAM GROUP,TIDAK,0
4502,101421,RAM TEAM TFORCE DELTA LONGDIMM DDR5 32GBX2 PC6000 BLACK,,LONGDIMM DDR5,TEAM GROUP,YA,0
4503,101422,RAM TEAM TFORCE DELTA LONGDIMM DDR5 32GBX2 PC6000 WHITE,,LONGDIMM DDR5,TEAM GROUP,YA,0
4504,101385,RAM TRIDENT Z5 16GBX2 DDR5 5600 BLACK,84354040781,LONGDIMM DDR5,G SKILL,YA,0
4505,101386,RAM TRIDENT Z5 16GBX2 DDR5 6000 WHITE,4713294234049,LONGDIMM DDR5,G SKILL,YA,0
4506,100803,REDMI 14C 8/256GB,,,,TIDAK,0
4507,100874,USB HUB REXUS RXT-601 6in1 TYPE-C,6992007210046,USB HUB (DOCKING STATION),REXUS,TIDAK,0
4508,100875,USB HUB REXUS RXT-701 7in1 TYPE-C,100875,USB HUB (DOCKING STATION),REXUS,TIDAK,0
4509,100876,USB HUB REXUS RXT-801 8in1 TYPE-C,6992007212040,USB HUB (DOCKING STATION),REXUS,TIDAK,0
4510,100883,REXUS EARPHONE EZ5 AUX -BLACK,6993009172011,EARPHONE,REXUS,YA,0
4511,100884,REXUS EARPHONE EZ5 AUX -BLUE,6993009173063,EARPHONE,REXUS,YA,0
4512,100881,REXUS EARPHONE TYPE C RX-ME7 - RED,100881,EARPHONE,REXUS,YA,0
4513,100882,REXUS EARPHONE RX-ME7 TYPE-C - SILVER,8994067607024,EARPHONE,REXUS,TIDAK,1
4514,100885,REXUS FOOTREST PEDESTAL PLUS PE-2 - BLACK,,FOOTREST,REXUS,TIDAK,0
4515,100929,REXUS STEERING WHEEL STAND VELTRO RSS-01,,RACING SIMULATOR STAND,REXUS,TIDAK,1
4516,100851,ROBOT HUB&CONVERTOR HT3110 GREY,100851,,,YA,0
4517,100850,ROBOT USB HUB TYPE-C HT360 GREY,6936678415973,USB HUB (DOCKING STATION),ROBOT,TIDAK,0
4518,100097,RTX 4060 VENTUS 2X BLACK 8G OC,,,,YA,0
4519,101350,SAMONO INDUCTION COOKER WS-02 BLACK,,,,TIDAK,0
4520,100661,SANDISK CRUZER GLIDE 3.0 USB FLASH DRIVE CZ600 128,100661,FLASHDISK,SANDISK,TIDAK,0
4521,100659,SANDISK CRUZER GLIDE 3.0 USB FLASH DRIVE CZ600 16,619659115883,FLASHDISK,SANDISK,TIDAK,5
4522,100660,SANDISK CRUZER GLIDE 3.0 USB FLASH DRIVE CZ600 32,100660,FLASHDISK,SANDISK,TIDAK,2
4523,100668,SANDISK CRUZER GLIDE 3.0 USB FLASH DRIVE CZ600 64,100668,FLASHDISK,SANDISK,TIDAK,0
4524,2508000188,NEW SSD PORTABLE SAMSUNG T7 TOUCH 1TB - GREY,8806090351679,SSD EXTERNAL,SAMSUNG,TIDAK,4
4525,2508000189,NEW SSD PORTABLE SAMSUNG T7 TOUCH 2TB - GREY,8806090312380,SSD EXTERNAL,SAMSUNG,TIDAK,0
4526,2506000121,"NEW SSD SATA WD BLUE SA510 3D NAND 2.5"" 250GB",718037884622,SATA 256 GB,WD (WESTERN DIGITAL),TIDAK,2
4527,2506000282,NEW SSD NVME SAMSUNG 980 500GB GEN 3.0 - 2280,,NVME 500 GB,SAMSUNG,TIDAK,3
4528,2506000283,NEW SSD NVME SAMSUNG 990 PRO 1TB GEN 4.0 - 2280,8806094215021,NVME 1 TB,SAMSUNG,TIDAK,1
4529,2510000283,NEW SSD PORTABLE SAMSUNG T7 TOUCH 2TB - BLUE,,SSD EXTERNAL,SAMSUNG,TIDAK,0
4530,100658,SANDISK ULTRA SHIFT USB 3.2 GEN 1 128GB,100658,FLASHDISK,SANDISK,TIDAK,0
4531,100656,SANDISK ULTRA SHIFT USB 3.2 GEN 1 32GB,100656,FLASHDISK,SANDISK,TIDAK,0
4532,100657,SANDISK ULTRA SHIFT USB3.2 GEN 1 64GB,100657,FLASHDISK,SANDISK,TIDAK,0
4533,101115,SCANNER CANON LIDE 300,,,,YA,0
4534,100689,SCANNER EPSON DS-410,,SCANNER,EPSON,YA,0
4535,100687,SCANNER EPSON WORKFORCE DS-410 A4,,,EPSON,YA,0
4536,101514,"SCREEN PROTECTOR 14""",,SCREEN PROTECTOR,,TIDAK,8
4537,101515,"SCREEN PROTECTOR 15.6""",,SCREEN PROTECTOR,,TIDAK,2
4538,101351,SCREEN PROTECTOR LAPTOP 14'6,,SCREEN PROTECTOR,,TIDAK,0
4539,100645,SERVICE LAPTOP,,,,TIDAK,96
4540,2511000155,SET PC iCAFE 1,,,,TIDAK,0
4541,2511000156,SET PC iCAFE 2,,,,TIDAK,0
4542,2511000157,SET PC iCAFE 3,,,,TIDAK,0
4543,2511000158,SET PC iCAFE 4,,,,TIDAK,0
4544,100060,SMART-UPS SRT3000RMXLI,,,,YA,0
4545,101293,SPARE PARTS,,,,TIDAK,0
4546,100973,SPEAKER GAMEN GAMING DEVICE GS7 BLACK,6936678462052,SPEAKER BLUETOOTH,GAMEN,YA,0
4547,100458,SPEAKER GAMEN GS10 SUBWOOFER,,SPEAKER WIRED,GAMEN,YA,0
4548,101320,SPEAKER GAMEN GS2 BLACK,,SPEAKER WIRED,GAMEN,YA,0
4549,100974,SPEAKER ROBOT BLUETOOTH RB120 BLACK,,SPEAKER BLUETOOTH,ROBOT,TIDAK,0
4550,100972,SPEAKER ROBOT BLUETOOTH RB290 BLACK,100972,,,YA,0
4551,100975,SPEAKER ROBOT MULTIMEDIA RS200 BLACK,100975,SPEAKER WIRED,ROBOT,TIDAK,0
4552,100794,SPEAKER VIVAN VS12 BLACK,6971548135797,SPEAKER BLUETOOTH,VIVAN,TIDAK,0
4553,100804,SPEAKER VIVAN VS12 GREY,6971548135803,SPEAKER BLUETOOTH,VIVAN,TIDAK,0
4554,100047,SPINDLE UNIT DE,,,,TIDAK,0
4555,2506000284,NEW SSD NVME SAMSUNG 990 PRO 2TB GEN 4.0 - 2280,8806094215038,NVME 2 TB,SAMSUNG,TIDAK,5
4556,2506000285,NEW VGA CARD POWER COLOR RED WOLF RX 580 8GB GDDR5 - WHITE,,NVME 1 TB,SAMSUNG,TIDAK,4
4557,2506000286,NEW SSD NVME SAMSUNG 990 EVO PLUS 1TB GEN 4.0 - 2280,8806095575674,NVME 1 TB,SAMSUNG,TIDAK,0
4558,2506000287,NEW SSD NVME SAMSUNG 990 EVO PLUS 2TB GEN 4.0 - 2280,8806095575650,NVME 2 TB,SAMSUNG,TIDAK,0
4559,2506000323,"NEW SSD SATA SANDISK PLUS 2.5"" 1TB",,SATA 1 TB,SANDISK,TIDAK,0
4560,101369,SSD CASE EXTERNAL NVME KESU-K1,,ENCLOSURE NVME,KESU,TIDAK,0
4561,2506000341,NEW SSD NVME PATRIOT P400 1TB GEN 4.0 - 2280,,NVME 1 TB,PATRIOT,TIDAK,0
4562,2506000342,NEW SSD NVME PATRIOT P300 1TB GEN 3.0 - 2280,814914026533,NVME 1 TB,PATRIOT,TIDAK,0
4563,2506000350,"NEW SSD SATA TOROSUS T25 2.5"" 1TB",6935515138990,SATA 1 TB,TOROSUS,TIDAK,0
4564,2507000037,NEW SSD NVME ADATA LEGEND 860 1TB GEN 4.0 - 2280,4711085949493,NVME 1 TB,ADATA,TIDAK,4
4565,2507000056,NEW SSD NVME KINGSTON NV3 SNV3S/500G 500GB GEN 4.0 - 2280,,NVME 500 GB,KINGSTON,TIDAK,0
4566,2507000057,"NEW SSD SATA KINGSTON A400 SA400S37/960G 2.5"" 960GB",740617277357,SATA 1 TB,KINGSTON,TIDAK,4
4567,2507000067,NEW SSD NVME ADATA XPG GAMMIX S70 BLADE 8TB GEN 4.0 - 2280,,NVME 8 TB,ADATA,TIDAK,0
4568,2507000169,NEW SSD SATA MSI SPATIUM S270 2.5″ 480GB,4711377001168,SATA 500 GB,MSI,TIDAK,8
4569,2507000170,NEW SSD SATA MSI SPATIUM S270 2.5″ 960GB,,SATA 1 TB,MSI,TIDAK,3
4570,2507000173,NEW SSD NVME WD BLACK SN850X NON HEAT SINK 1TB GEN 4.0 - 2280,,NVME 1 TB,WD (WESTERN DIGITAL),TIDAK,0
4571,2508000011,"NEW SSD SATA WD GREEN 2.5"" 1TB",718037894188,SATA 1 TB,WD (WESTERN DIGITAL),TIDAK,0
4572,2508000012,NEW SSD NVME WD GREEN SN3000 500GB GEN 4.0 - 2280,718037904634,NVME 500 GB,WD (WESTERN DIGITAL),TIDAK,3
4573,2508000013,NEW SSD NVME WD GREEN SN3000 1TB GEN 4.0 - 2280,718037907154,NVME 1 TB,WD (WESTERN DIGITAL),TIDAK,0
4574,2508000014,NEW SSD NVME WD BLACK SN7100 2TB GEN 4.0 - 2280,718037893211,NVME 2 TB,WD (WESTERN DIGITAL),TIDAK,1
4575,2508000020,"NEW SSD SATA WD GREEN 2.5"" 250GB",619659219246,SATA 256 GB,WD (WESTERN DIGITAL),TIDAK,6
4576,2508000021,"NEW SSD SATA WD GREEN 2.5"" 500GB",619659219253,SATA 500 GB,WD (WESTERN DIGITAL),TIDAK,14
4577,2508000034,"NEW SSD SATA APACER AS350 2.5"" 256GB - AP256GAS350-1",,SATA 256 GB,ACE POWER,TIDAK,0
4578,2508000035,"NEW SSD SATA APACER AS350 2.5"" 512GB - AP512GAS350-1",,SATA 500 GB,ACE POWER,TIDAK,0
4579,2508000041,NEW SSD NVME APACER AS2280Q4L 512GB GEN 4.0 - 2280 - AP512GAS2280Q4L-1,,NVME 500 GB,ACE POWER,TIDAK,0
4580,2508000042,NEW SSD NVME APACER AS2280Q4L 1TB GEN 4.0 - 2280 - AP1TBAS2280Q4L-1,,NVME 1 TB,ACE POWER,TIDAK,0
4581,2508000088,NEW SSD NVME SAMSUNG 980 1TB GEN 3.0 - 2280,,NVME 1 TB,SAMSUNG,TIDAK,0
4582,2508000134,"NEW SSD SATA SAMSUNG 870 EVO 2.5"" 250GB",,SATA 256 GB,SAMSUNG,TIDAK,0
4583,2510000284,NEW SSD PORTABLE SAMSUNG T7 TOUCH 2TB - RED,,SSD EXTERNAL,SAMSUNG,TIDAK,0
4584,2508000135,"NEW SSD SATA SAMSUNG 870 EVO 2.5"" 500GB",,SATA 500 GB,SAMSUNG,TIDAK,6
4585,2508000136,"NEW SSD SATA SAMSUNG 870 EVO 2.5"" 1TB",8806090527456,SATA 1 TB,SAMSUNG,TIDAK,1
4586,2508000150,NEW SSD SATA MSI SPATIUM S270 2.5″ 240GB,4711377001151,SATA 256 GB,MSI,TIDAK,0
4587,2508000179,NEW SSD NVME MSI SPATIUM M470 PRO 2TB GEN 4.0 - 2280,4711377279970,NVME 2 TB,MSI,TIDAK,3
4588,2508000198,"NEW SSD SATA TEAM GROUP VULCAN Z 2.5"" 1TB",765441060470,SATA 1 TB,TEAM GROUP,TIDAK,5
4589,2508000199,"NEW SSD SATA TEAM GROUP VULCAN Z 2.5"" 512GB",765441061958,SATA 500 GB,TEAM GROUP,TIDAK,6
4590,2508000200,NEW SSD NVME TEAM GROUP MP44L 500GB GEN 4.0 - 2280,,NVME 500 GB,TEAM GROUP,TIDAK,0
4591,2508000201,NEW SSD NVME TEAM GROUP MP33 512GB GEN 3.0 - 2280,765441048089,NVME 500 GB,TEAM GROUP,TIDAK,1
4592,2508000300,NEW SSD NVME ADATA LEGEND 710 1TB GEN 3.0 - 2280,,NVME 1 TB,ADATA,TIDAK,5
4593,2508000330,NEW SSD NVME ACE POWER N1 512GB GEN 3.0 - 2280,,NVME 500 GB,ACE POWER,TIDAK,0
4594,2508000331,NEW SSD NVME ACE POWER N1 1TB GEN 3.0 - 2280,,NVME 1 TB,ACE POWER,TIDAK,0
4595,2509000001,NEW SSD NVME TEAM GROUP G70 PRO ALUMINUM HEAT SINK 2TB GEN 4.0 - 2280,,NVME 2 TB,TEAM GROUP,TIDAK,0
4596,2509000002,NEW SSD NVME DIGITAL ALLIANCE 128GB GEN 3.0 - 2280,,NVME 128 GB,DIGITAL ALLIANCE,TIDAK,0
4597,2509000034,NEW SSD NVME VENOMRX 128GB GEN 3.0 - 2280,2509000034,NVME 128 GB,VENOMRX,TIDAK,5
4598,2509000257,NEW SSD NVME MSI SPATIUM M370 1TB GEN 3.0 - 2280,,NVME 1 TB,MSI,TIDAK,0
4599,2510000150,"NEW SSD SATA WD BLUE SA510 3D NAND 2.5"" 500GB",718037884639,SATA 500 GB,WD (WESTERN DIGITAL),TIDAK,3
4600,2510000151,"NEW SSD SATA WD BLUE SA510 3D NAND 2.5"" 1TB",718037884653,SATA 1 TB,WD (WESTERN DIGITAL),TIDAK,0
4601,2510000152,"NEW SSD SATA WD BLUE SA510 3D NAND 2.5"" 2TB",718037884660,SATA 2 TB,WD (WESTERN DIGITAL),TIDAK,2
4602,2510000153,NEW SSD NVME WD BLUE SN5100 500GB GEN 4.0 - 2280,718037906287,NVME 500 GB,WD (WESTERN DIGITAL),TIDAK,5
4603,2510000154,NEW SSD NVME WD BLUE SN5100 1TB GEN 4.0 - 2280,718037906256,NVME 1 TB,WD (WESTERN DIGITAL),TIDAK,0
4604,2510000155,NEW SSD NVME WD BLUE SN5100 2TB GEN 4.0 - 2280,,NVME 2 TB,WD (WESTERN DIGITAL),TIDAK,0
4605,2511000087,NEW SSD NVME MSI SPATIUM M450 1TB GEN 4.0 - 2280,4711377022484,NVME 1 TB,MSI,TIDAK,0
4606,2511000094,NEW SSD NVME SOLIDIGM P41+ 512GB GEN 4.0 - 2280,1210001700000,NVME 500 GB,SOLIDIGM,TIDAK,0
4607,2511000138,"NEW SSD SATA VENOMRX SUPER VRX 2.5"" 256GB",2511000138,SATA 256 GB,VENOMRX,TIDAK,0
4608,2511000165,"NEW SSD SATA VENOMRX SUPER VRX 2.5"" 512GB",2511000165,SATA 500 GB,VENOMRX,TIDAK,1
4609,2511000187,"NEW SSD SATA WD RED SA500 NAS 2.5"" 1TB",718037872384,SATA 1 TB,WD (WESTERN DIGITAL),TIDAK,1
4610,100896,STAND REXUS DECHA FROST FP04 COOLINGPAD - GREY,6992008242046,COOLINGPAD,REXUS,YA,0
4611,100897,STAND REXUS DECHA FROST FP04 COOLINGPAD - SILVER,6992008243036,COOLINGPAD,REXUS,YA,0
4612,101127,STARLINK ETHERNET ADAPTER,,,,YA,0
4613,100747,STARLINK STANDARD KIT DUAL WIFI SYSTEM,,ISP (INTERNET SERVICE PROVIDER),STARLINK,TIDAK,0
4614,101026,STARLINK STANDARD V4 GEN 3 WIFI SYSTEM 2LAN PORTS,,ISP (INTERNET SERVICE PROVIDER),STARLINK,TIDAK,0
4615,101057,SYMTEC NVME ENCLOSURE USB 3.1 TYPE C,,ENCLOSURE NVME,SYMTEC,YA,0
4616,100462,TAS - Acer Aspire Lite AL14 Silver N100,,BACKPACK / TAS,ACER,YA,0
4617,101398,TAS SPUNBOND HNS,,,,TIDAK,326
4618,2505000021,TAS SPUNBOND JUMBO RAKITAN,,,,TIDAK,0
4619,2511000225,NEW SSD NVME TEAM GROUP MP33 1TB GEN 3.0 - 2280,,NVME 1 TB,TEAM GROUP,TIDAK,0
4620,101275,THERMAL COOLER MASTER THERMAL PAD 1.0mm,4719512123195,THERMAL PAD,COOLER MASTER,TIDAK,0
4621,100846,THERMAL COOLER MASTER THERMAL PAD 2.0mm,6928968314806,THERMAL PAD,COOLER MASTER,TIDAK,0
4622,100650,THERMAL COOLER MASTER THERMAL PAD PRO 1.0mm,6928968314783,THERMAL PAD,COOLER MASTER,TIDAK,1
4623,101273,THERMAL PASTA  COOLERMASTER  MASTERGEL REGULER,4719512077757,THERMAL PASTE,COOLER MASTER,YA,0
4624,101269,THERMAL PASTA  COOLERMASTER CRYOFUZE 5 -  BLUE,101269,THERMAL PASTE,COOLER MASTER,YA,0
4625,101270,THERMAL PASTA  COOLERMASTER CRYOFUZE 5 -  GREEN,101270,THERMAL PASTE,COOLER MASTER,YA,0
4626,101271,THERMAL PASTA  COOLERMASTER CRYOFUZE 5 -  PURPLE,101271,THERMAL PASTE,COOLER MASTER,YA,0
4627,101268,THERMAL PASTA  COOLERMASTER CRYOFUZE 5 - YELLOW,101268,THERMAL PASTE,COOLER MASTER,YA,0
4628,101274,THERMAL PASTA COOLERMASTER ICE FUSION V2,4719512013281,THERMAL PASTE,COOLER MASTER,YA,0
4629,100159,THERMAL PASTA DEEPCOOL DM9 1.5g,100159,THERMAL PASTE,DEEPCOOL,YA,0
4630,100160,THERMAL PASTA DEEPCOOL DM9 4g,100160,THERMAL PASTE,DEEPCOOL,YA,0
4631,100161,THERMAL PASTA DEEPCOOL Z3 1.5g,100161,THERMAL PASTE,DEEPCOOL,TIDAK,0
4632,101304,THERMAL PASTA DEEPCOOL Z5,,THERMAL PASTE,DEEPCOOL,YA,0
4633,100477,TINTA BROTHER BT5000 CYAN,100477,TINTA,BROTHER,YA,0
4634,100479,TINTA BROTHER BT5000 MAGENTA,100479,TINTA,BROTHER,YA,0
4635,100478,TINTA BROTHER BT5000 YELLOW,100478,TINTA,BROTHER,YA,0
4636,100476,TINTA BROTHER D60 BLACK,4977766786324,TINTA,BROTHER,TIDAK,0
4637,100580,CARTRIDGE CANON 746-S COLOUR,4549292044713,TINTA CATRIDGE,CANON,TIDAK,29
4638,100582,CARTRIDGE CANON 811 COLOUR,4960999617077,TINTA CATRIDGE,CANON,TIDAK,0
4639,100571,TINTA CANON GI-71 BLACK,4549292169584,TINTA,CANON,TIDAK,94
4640,100572,TINTA CANON GI-71 CYAN,4549292169942,TINTA,CANON,TIDAK,192
4641,100573,TINTA CANON GI-71 MAGENTA,4549292169966,TINTA,CANON,TIDAK,190
4642,100586,TINTA CANON GI-71 YELLOW,4549292169980,TINTA,CANON,TIDAK,190
4643,100575,TINTA CANON PIXMA 790 BLACK,4549292041880,TINTA,CANON,TIDAK,78
4644,100576,TINTA CANON PIXMA 790 CYAN,4549292041903,TINTA,CANON,TIDAK,174
4645,100577,TINTA CANON PIXMA 790 MAGENTA,4549292041927,TINTA,CANON,TIDAK,181
4646,100578,TINTA CANON PIXMA 790 YELLOW,4549292041941,TINTA,CANON,TIDAK,180
4647,100574,TINTA CANON GI71 YELLOW,,TINTA,CANON,YA,0
4648,100579,CARTRIDGE CANON 745-S BLACK,4549292044690,TINTA CATRIDGE,CANON,TIDAK,0
4649,100581,TINTA CANON PG810 BLACK,,TINTA CATRIDGE,CANON,YA,0
4650,2508000173,TINTA EPSON 001 - CYAN,,TINTA,EPSON,YA,0
4651,100402,TINTA EPSON 003 BLACK,8885007028422,TINTA,EPSON,TIDAK,0
4652,100403,TINTA EPSON 003 CYAN,100403,TINTA,EPSON,YA,0
4653,100404,TINTA EPSON 003 MAGENTA,100404,TINTA,EPSON,YA,0
4654,100405,TINTA EPSON 003 YELLOW,100405,TINTA,EPSON,YA,0
4655,100464,TINTA EPSON T6641 BLACK,8885007024080,TINTA,EPSON,TIDAK,260
4656,100406,TINTA EPSON T6642 CYAN,8885007024097,TINTA,EPSON,TIDAK,189
4657,100407,TINTA EPSON T6643 MAGENTA,8885007024103,TINTA,EPSON,TIDAK,165
4658,100408,TINTA EPSON T6644 YELLOW,8885007024110,TINTA,EPSON,TIDAK,174
4659,101265,TINTA HP GT 52 CYAN,889296713111,TINTA,HP,TIDAK,6
4660,101266,TINTA HP GT 52 MAGENTA,889296713128,TINTA,HP,TIDAK,6
4661,101267,TINTA HP GT 52 YELLOW,889296713135,TINTA,HP,TIDAK,5
4662,101264,TINTA HP GT 53 BLACK,192545527569,TINTA,HP,TIDAK,1
4663,2510000198,NEW HARDISK EKSTERNAL TOSHIBA CANVIO ADVANCE PORTABLE HARD DRIVE 2TB - BLACK,4547808811927,HARDDISK EXTERNAL,TOSHIBA,TIDAK,3
4664,2510000199,NEW HARDISK EKSTERNAL TOSHIBA CANVIO ADVANCE PORTABLE HARD DRIVE 2TB - RED,4547808811989,HARDDISK EXTERNAL,TOSHIBA,TIDAK,0
4665,2510000200,NEW HARDISK EKSTERNAL TOSHIBA CANVIO ADVANCE PORTABLE HARD DRIVE 2TB - WHITE,4547808812016,HARDDISK EXTERNAL,TOSHIBA,TIDAK,3
4666,100784,TP-LINK ARCHER AX23 AX1800 DUAL BAND - ROUTER,4897098687048,ROUTER,TP LINK,YA,0
4667,100753,TP-LINK ARCHER C54 AC1200 WIRELESS DUAL-BAND ROUTER,,ROUTER,TP LINK,YA,0
4668,100844,TP-LINK ARCHER T2UB NANO AC600 WIFI BLUETOOTH USB ADAPTER,100844,USB WIFI ADAPTER,TP LINK,YA,0
4669,100126,TP-LINK EAP115 CEILING,,ACCESS POINT,TP LINK,YA,0
4670,100750,TP-LINK LS1005 SWITCH HUB 5 PORT,100750,DESKTOP SWITCH,TP LINK,YA,0
4671,100751,TP-LINK LS1005G SWITCH HUB 5 PORT,6935364085469,DESKTOP SWITCH,TP LINK,YA,0
4672,100752,TP-LINK LS1008 HUB 8 PORT 10-100Mbps,10752,DESKTOP SWITCH,TP LINK,YA,0
4673,101467,TP-LINK LS1008G HUB 8 PORT 10-100Mbps,101467,DESKTOP SWITCH,TP LINK,YA,0
4674,100749,TP-LINK TL-WR840N 300MBPS - ROUTER,,ROUTER,TP LINK,YA,0
4675,100634,TP-LINK TL- WN725N 150Mbps USB,100634,USB WIFI ADAPTER,TP LINK,YA,0
4676,100124,TP-LINK TL-SG1005P HUB 5-PORT GIGABIT - HUB SWITCH,,DESKTOP SWITCH,TP LINK,TIDAK,0
4677,100125,TP-LINK TL-SG1024D HUB 24 PORT GIGABIT,,DESKTOP SWITCH,TP LINK,YA,0
4678,100783,TP-LINK TL-WA850RE WIFI RANGE EXTENDER,,WIFI EXTENDER,TP LINK,YA,0
4679,101160,TP-LINK TL-WA855RE 300Mbps Wi-Fi Range Extender,101160,WIFI EXTENDER,TP LINK,YA,0
4680,100633,TP-LINK TL-WN722N 150Mbps USB,100633,USB WIFI ADAPTER,TP LINK,YA,0
4681,100631,TP-LINK TL-WN781ND PCI-E WIFI,100631,PCI EXPRESS,TP LINK,YA,0
4682,100754,TP-LINK TL-WN881ND 300M WIRELESS N PCI-E,100754,PCI EXPRESS,TP LINK,YA,0
4683,100843,TP-LINK TL-WR844N 300MBPS - ROUTER,,ROUTER,TP LINK,TIDAK,0
4684,100845,TP-LINK UB500 BLUETOOTH 5.3 NANO USB ADAPTER,100845,USB BLUETOOTH ADAPTER,TP LINK,YA,0
4685,100935,TP-LINK UE330 USB 3.0 3-Port Hub & Gigabit Ethenet Adapter 2 in 1 USB Adapter,6935364094553,CONVERTER USB A TO LAN,TP LINK,YA,0
4686,100066,Toshiba USB-C to USB-A Adapters,,CONVERTER C TO A,TOSHIBA,TIDAK,11
4687,100048,Tray Mesin Inkjet DE100 XD,,,,TIDAK,0
4688,100082,UPS APC 1200VA BVX1200LI-MS,,UPS,APC,YA,0
4689,100080,UPS APC 700VA  BVX700LUI-MS,10080,UPS,APC,YA,0
4690,100081,UPS APC 900VA BVX900LI-MS,100081,UPS,APC,YA,0
4691,100390,UPS APC BX1600MI 1600VA 900 WATT,731304410720,,,YA,0
4692,100134,UPS APC SMART UPS 3000VA RM 230V,,,,YA,0
4693,100083,UPS APC1600VA  BVX1600LI-MS,,,,YA,0
4694,100285,USB HUB REXUS RXH-331 TYPE-C V.3.1 TRANSPARAN - 4 PORT,8994067183313,USB HUB (DOCKING STATION),REXUS,YA,0
4695,100286,USB HUB REXUS H332 7in1 + CONVERTER TYPE-C,6992004192017,USB HUB (DOCKING STATION),REXUS,TIDAK,0
4696,100287,USB HUB REXUS RXH-345 6in1 + CONVERTER TYPE-C,8994067345018,USB HUB (DOCKING STATION),REXUS,TIDAK,0
4697,2503000415,NEW DOCKING STATION VENTION CNCHB USB-C 6 IN 1 - BLACK,6922794741355,USB HUB (DOCKING STATION),VENTION,TIDAK,0
4698,2503000419,VENTION HDMI Male to Male 4K HD Cable Aluminum Alloy Type 1.5M Blue ALHSG,,KABEL HDMI TO HDMI,VENTION,YA,0
4699,2503000452,VENTION HDMI to VGA Converter with Female Micro USB and Audio Port 0.15M Black 42161,,CONVERTER HDMI TO VGA,VENTION,YA,0
4700,101542,VGA CARD ASUS DUAL GAMING GEFOORCE RTX3050 6GB OC,,VGA RTX 3000,ASUS,TIDAK,0
4701,100206,VGA CARD ASUS DUAL RX6600 8G V3 GDDR6,4711387618929,VGA RX 6000,ASUS,TIDAK,0
4702,100205,VGA CARD ASUS DUAL-RTX4060 8G GDDR6 WHITE,4711387274927,VGA RTX 4000,ASUS,YA,0
4703,100204,VGA CARD ASUS DUALRTX3060 12G GDDR6 WHITE,4711387125328,VGA RTX 3000,ASUS,YA,0
4704,101013,VGA CARD ASUS ROG RTX 4060STRIX GAMING OC 8GB,4711387239681,VGA RTX 4000,ASUS,TIDAK,0
4705,101404,VGA CARD ASUS ROG STRIX RTX4060 O8G GAMING,,VGA RTX 4000,ASUS,TIDAK,0
4706,101436,VGA CARD ASUS ROG STRIX RTX4060TI GAMING OC 8GB,4711387183144,VGA RTX 4000,ASUS,YA,0
4707,101528,VGA CARD ASUS RTX4060 ROG STRIX GAMING OC 8GB(90YV0JB0-M0NA00),,VGA RTX 4000,ASUS,YA,0
4708,101571,VGA CARD ASUS TUF GAMING RTX 4070Ti OC 12GB DDR6,,VGA RTX 4000,ASUS,YA,0
4709,101541,VGA CARD ASUS TUF GAMING RTX5070TI 16GB OC,,VGA RTX 5000,ASUS,TIDAK,0
4710,101438,VGA CARD COLORFUL IGAME GEFORCE RTX 4060TI 8GB,6970417592808,VGA RTX 4000,COLORFUL,TIDAK,0
4711,100819,VGA CARD COLORFUL IGAME RTX5080 SUPER ULTRA W OC 16GB - WHITE,,VGA RTX 5000,COLORFUL,YA,0
4712,100428,VGA CARD DIGITAL ALLIANCE GTX750TI 4GB GDDR5,DAVGA00701,VGA GTX,DIGITAL ALLIANCE,YA,0
4713,101531,VGA CARD GALAX RTX4060 1 CLICK OC 2X 8GB GDDR6 128BIT,,VGA RTX 4000,GALAX,TIDAK,0
4714,101527,VGA CARD GALAX RTX4060TI 1-CLICK OC V2 PCI-E 8GB GDDR6 128BIT,4895147157733,VGA RTX 4000,GALAX,TIDAK,0
4715,101530,VGA CARD GALAX RTX4070 D6 1-CLICK OC 2X PCI-E 12GB GDDR6 192BIT,4895147157542,VGA RTX 4000,GALAX,TIDAK,0
4716,101533,VGA CARD GALAX RTX5080 1-CLICK OC PCI-E 16GB GDDR7 256BIT,,VGA RTX 5000,GALAX,YA,0
4717,101466,VGA CARD GIGABYTE RTX4060 AERO OC 8GB,4719331313661,VGA RTX 4000,GIGABYTE,YA,0
4718,101278,VGA CARD GIGABYTE RX7600 GAMING OC 8GB,4719331313425,VGA RX 7000,GIGABYTE,YA,0
4719,101497,VGA CARD HOLDER DL 280,,VGACARD HOLDER,,TIDAK,1
4720,100094,VGA CARD MSI VENTUS XS OCV3 GTX 1650 4GB OC GDDR6,4711377123044,VGA GTX,MSI,TIDAK,0
4721,100095,VGA CARD MSI RTX3050 VENTUS 2X XS 8G OC,4711377084796,VGA RTX 3000,MSI,YA,0
4722,100096,VGA CARD MSI RTX3060 VENTUS 2X 12G OC,100096,VGA RTX 3000,MSI,TIDAK,0
4723,100098,VGA CARD MSI RTX4060 VENTUS 2X BLACK 8G OC,4711377115421,VGA RTX 4000,MSI,TIDAK,0
4724,101346,VGA CARD MSI RTX5070,,VGA RTX 5000,MSI,TIDAK,0
4725,101376,VGA CARD MSI RTX5080 16G SUPRIM LIQUID SOC,,VGA RTX 5000,MSI,TIDAK,0
4726,101388,VGA CARD PALIT GEFORCE RTX5080,,VGA RTX 5000,PALIT,TIDAK,0
4727,100432,VGA CARD RTX 3060 12 TWIN EDGE GDDR6 - BLACK,,VGA RTX 3000,,TIDAK,0
4728,100431,VGA CARD RTX 3060 12GB TWIN EDGE GDDR5 - BLACK,,VGA RTX 3000,,TIDAK,0
4729,100789,VGA CARD XFX QICK319 RX 6750 XT TRI FAN 12GB DDR6,840191500497,VGA RX 6000,XFX,YA,0
4730,101356,VGA CARD XFX SWIFT RX 7700 XT DUAL FAN 12GB DDR6,,VGA RX 7000,XFX,TIDAK,0
4731,100174,VGA CARD XFX SWIFT210 RX 6600 8GB GDDR,840191500015,VGA RX 6000,XFX,YA,0
4732,101358,VGA CARD ZOTAC 4060 TWIN EDGE OC WHITE EDITION 8GB DDR6 128BIT,4895173627187,VGA RTX 4000,ZOTAC,TIDAK,0
4733,100430,VGA CARD ZOTAC RTX 3050 6GB DUA LP GDDR6 - BLACK,4895173628795,VGA RTX 3000,ZOTAC,TIDAK,0
4734,101500,VGA CARD ZOTAC RTX 3050 ECO 8GB GDDR6 3Y,,VGA RTX 3000,ZOTAC,TIDAK,0
4735,101318,VGA CARD ZOTAC RTX 3060 8GB TWIN EDGE BLACK GDDR6 3Y,,VGA RTX 3000,ZOTAC,TIDAK,0
4736,100429,VGA CARD ZOTAC RTX 4060 TI 16GB AMP GDDR6 - BLACK,4895173627811,VGA RTX 4000,ZOTAC,YA,0
4737,100930,VGA CARD ZOTAC RTX 4060 TI 8GB TWIN EDGE GDDR6 - BLACK,100930,VGA RTX 4000,ZOTAC,YA,0
4738,100931,VGA CARD ZOTAC RTX 4060 TI 8GB TWIN EDGE GDDR6 - WHITE,100931,VGA RTX 4000,ZOTAC,YA,0
4739,101357,VGA CARD ZOTAC RTX 4060 TWIN EDGE OC 8GB DDR6 128BIT,4895173627361,VGA RTX 4000,ZOTAC,YA,0
4740,100443,VGA CARD ZOTAC RTX3060 12GB TWIN EDGE GDDR6 - BLACK,4895173622823,VGA RTX 3000,ZOTAC,TIDAK,0
4741,100642,VGA COLORFUL GT1030 4G-V,6970417596127,VGA GTX,COLORFUL,TIDAK,0
4742,100643,VGA COLORFUL GTX1650 EX 4GD6-V,6970417593256,VGA GTX,COLORFUL,TIDAK,0
4743,100644,VGA COLORFUL RTX3060 NB DUO 12G V2 L-V,6970417596073,VGA RTX 3000,COLORFUL,TIDAK,0
4744,100433,VGA DIGITAL ALLIANCE GTX 750TI 4GB GDDR5,,VGA GTX,DIGITAL ALLIANCE,YA,0
4745,101046,VGA XFX AMD RADEON RX 7900 GRE 16GB GDDR6,840191502545,VGA RX 7000,XFX,YA,0
4746,101005,VGA ZOTAC GAMING GEFORCE RTX 4070 SUPER TWIN EDGE 12GB DDR6X 3Y,,VGA RTX 4000,ZOTAC,YA,0
4747,100831,VGA ZOTAC GAMING GEFORCE RTX4070TI SUPER TRINITY BLACK ED 16GB DDR6X,4895173628573,VGA RTX 4000,ZOTAC,YA,0
4748,101403,VIDEOTRON OUTDOOR P4 7680HZ 3M X 6M,,,,TIDAK,0
4749,101437,VOUCHER CASHBACK PRINTER 150.000 S/D 28 FEBRUARI 2025,,,,TIDAK,0
4750,100063,Verbatim Store N Go USB Drive 2.0 - New Slider 16GB Black / Black,4895117959251,FLASHDISK,VERBATIM,TIDAK,1
4751,100064,Verbatim Store N Go USB Drive 2.0 - Slider 64GB Black,023942986980,FLASHDISK,VERBATIM,TIDAK,0
4752,100049,WEBCAM LOGITECH C270H,100049,WEBCAM,LOGITECH,YA,0
4753,100002,WPS DE INK CARTRIDGE BLACK,,TINTA,FUJIFILM,YA,0
4754,100003,WPS DE INK CARTRIDGE CYAN,,TINTA,FUJIFILM,YA,0
4755,100004,WPS DE INK CARTRIDGE MAGENTA,,TINTA,FUJIFILM,YA,0
4756,100005,WPS DE INK CARTRIDGE YELLOW,,TINTA,FUJIFILM,YA,0
4757,100001,"WPS PAPER ROLL DRYPHOTO Paper DX 220 LU 152MMX65MA - 6""",,,,TIDAK,0
4758,100038,Xiaomi Pad 6 Gravity Gray 8GB RAM 256GB,,TAB,XIAOMI,TIDAK,0
4759,2511000245,NEW ADAPTER LENOVO 20V-6.75A 135W USB PIN,,CHARGER LAPTOP,LENOVO,TIDAK,0
4760,2512000029,NEW BRACKET VGA CARD PHANTEKS PREMIUM VERTICAL BLACK,886523003199,BRACKET VGA,PHANTEKS,TIDAK,1
4761,2512000030,NEW BRACKET VGA CARD PHANTEKS PREMIUM VERTICAL WHITE,886523003205,BRACKET VGA,PHANTEKS,TIDAK,1
4762,2512000001,NEW CASH DRAWER IWARE CD-339,,CASH DRAWER,IWARE,TIDAK,0
4763,2512000002,NEW CASH DRAWER IWARE CD-408,2512000002,CASH DRAWER,IWARE,TIDAK,2
4764,2512000055,NEW CASING ARMAGGEDDON AQUARON BLACK - m-ATX,8886411984397,CASING PC GAMING,ARMAGGEDDON,TIDAK,2
4765,2512000056,NEW CASING ARMAGGEDDON AQUARON WHITE - m-ATX,8886411984427,CASING PC GAMING,ARMAGGEDDON,TIDAK,4
4766,2512000060,NEW CASING ARMAGGEDDON AQUARON XTREME X10 BLACK - e-ATX,8886411999070,CASING PC GAMING,ARMAGGEDDON,TIDAK,2
4767,2512000057,NEW CASING ARMAGGEDDON DEEPFREEZE DUPLEX 2 ARGB-C - m-ATX,8886411981044,CASING PC GAMING,ARMAGGEDDON,TIDAK,0
4768,2512000058,NEW CASING ARMAGGEDDON DEEPFREEZE DUPLEX 2 CHROMA WHITE - m-ATX,,CASING PC GAMING,ARMAGGEDDON,TIDAK,0
4769,2512000059,NEW CASING ARMAGGEDDON NIMITZ N5 AURORA WHITE - m-ATX,8886411984311,CASING PC GAMING,ARMAGGEDDON,TIDAK,3
4770,2512000061,NEW CASING ARMAGGEDDON TESSARAXX CORE 1 AIR BLACK - m-ATX,2512000061,CASING PC GAMING,ARMAGGEDDON,TIDAK,4
4771,2512000025,NEW CASING PHANTEKS EVOLV X2 - EATX - WHITE,886523303695,CASING PC GAMING,PHANTEKS,TIDAK,1
4772,2512000024,NEW CASING PHANTEKS EVOLV X2 - EATX - BLACK,886523303688,CASING PC GAMING,PHANTEKS,TIDAK,0
4773,2512000027,NEW CASING PHANTEKS NV5 - EATX - WHITE,886523303473,CASING PC GAMING,PHANTEKS,TIDAK,2
4774,2512000026,NEW CASING PHANTEKS NV5 - EATX - BLACK,886523303466,CASING PC GAMING,PHANTEKS,TIDAK,2
4775,2512000028,NEW CASING PHANTEKS NV5S BLACK,886523303664,CASING PC GAMING,PHANTEKS,TIDAK,1
4776,2512000022,NEW CASING PHANTEKS XT M3 - mATX - BLACK,886523303763,CASING PC GAMING,PHANTEKS,TIDAK,0
4777,2512000023,NEW CASING PHANTEKS XT M3 - mATX - WHITE,886523303770,CASING PC GAMING,PHANTEKS,TIDAK,4
4778,2512000021,NEW CASING PHANTEKS XT PRO ULTRA - EATX - WHITE,886523303145,CASING PC GAMING,PHANTEKS,TIDAK,1
4779,2512000018,NEW CASING TRYX LUCA L70 WHITE MID TOWER - E-ATX,6977029650209,CASING PC GAMING,TRYX,TIDAK,1
4780,2512000051,NEW CASING VENOMRX MYSTRA BLACK - ATX,2512000051,CASING PC GAMING,VENOMRX,TIDAK,2
4781,2512000052,NEW CASING VENOMRX RIVA BLACK - ATX,2512000052,CASING PC GAMING,VENOMRX,TIDAK,0
4782,2512000053,NEW CASING VENOMRX SOLAS - ATX,2512000053,CASING PC GAMING,VENOMRX,TIDAK,0
4783,2512000054,NEW CASING VENOMRX ULTIMA BLACK - m-ATX,2512000054,CASING PC GAMING,VENOMRX,TIDAK,0
4784,2512000031,NEW CONTROLLER SEGOTEP ARGB + REMOTE,6959371313087,,,TIDAK,0
4785,2512000011,NEW COOLINGPAD FANTECH NC11 - BLACK,6972661285406,COOLINGPAD,FANTECH,TIDAK,62
4786,2512000063,NEW FAN CASING ARMAGGEDDON KIT 5000 5 IN 1 ARGB - BLACK,,FAN CASING,ARMAGGEDDON,TIDAK,1
4787,2512000066,NEW FAN LAPTOP LENOVO THINKPAD X280,,SPAREPART LAPTOP,LENOVO,TIDAK,0
4788,2512000049,NEW KABEL CHASSIS FAN 4 CABANG,,,,TIDAK,7
4789,2512000050,NEW KABEL CHASSIS FAN 5 CABANG,,,,TIDAK,0
4790,2512000065,"NEW LED LAPTOP 16""0 SLIM 40PIN 160HZ",,SPAREPART LAPTOP,,TIDAK,0
4791,2512000048,NEW FAN PROCESSOR DIGITAL ALLIANCE KAZE B400 DIGITAL RGB - WHITE,2512000048,CPU COOLER,DIGITAL ALLIANCE,TIDAK,0
4792,2512000019,NEW LIQUID COOLER PHANTEKS GLACIER ONE 360M25G2 ARGB - BLACK,886523703242,AIO LIQUID COOLER,PHANTEKS,TIDAK,3
4793,2512000020,NEW LIQUID COOLER PHANTEKS GLACIER ONE 360M25G2 ARGB - WHITE,886523703259,AIO LIQUID COOLER,PHANTEKS,TIDAK,3
4794,2512000017,NEW LIQUID COOLER TRYX PANORAMA SE 360 ARGB - SCREEN - WHITE,6977029650254,AIO LIQUID COOLER,TRYX,TIDAK,0
4795,2512000067,NEW NB ASUS VIVOBOOK GO 14 E1404FA FHD3823M RYZEN 3-7320U 8GB 256GB 14″ FHD WIN 11 HOME + OHM 2024 + M365 (COOL SILVER),4711387850749,LAPTOP,ASUS,TIDAK,0
4796,2512000041,"NEW NB COLORFUL EPOCH N14 AI PC INTEL I7-13620H 16GB 512GB RTX4060 8GB 14"" QHD WIN 11 HOME (DEEP OCEAN BLUE)",6971703440117,LAPTOP,COLORFUL,TIDAK,2
4797,2512000037,"NEW NB COLORFUL EVOL P15 23 HE55D-G INTEL I5-12450H 16GB 512GB RTX4050 6GB 15.6"" FHD WIN 11 HOME (GREY)",6971703449776,LAPTOP,COLORFUL,TIDAK,0
4798,2512000034,"NEW NB COLORFUL EVOL P15 23 HJ76B-B INTEL I7-13620H 16GB 512GB RTX4060 8GB 15.6"" QHD WIN 11 HOME (STEEL BLUE)",6971703446447,LAPTOP,COLORFUL,TIDAK,3
4799,2512000035,"NEW NB COLORFUL EVOL P15 23 HJ76B-G INTEL I7-13620H 16GB 512GB RTX4060 8GB 15.6"" QHD WIN 11 HOME (GREY)",6971703449783,LAPTOP,COLORFUL,TIDAK,1
4800,2512000036,"NEW NB COLORFUL EVOL P15 23 HJ76B-W INTEL I7-13620H 16GB 512GB RTX4060 8GB 15.6"" QHD WIN 11 HOME (WHITE)",6971703448403,LAPTOP,COLORFUL,TIDAK,2
4801,2512000040,"NEW NB COLORFUL EVOL P15 HD76A-G INTEL I7-14650HX 16GB 512GB RTX5060 8GB 15.6"" FHD WIN 11 HOME (GREY)",6978261851126,LAPTOP,COLORFUL,TIDAK,2
4802,2512000039,"NEW NB COLORFUL EVOL P15 HK55F-W INTEL I5-13420H 16GB 512GB RTX5050 8GB 15.6"" FHD WIN 11 HOME (WHITE)",6978261851102,LAPTOP,COLORFUL,TIDAK,0
4803,2512000038,"NEW NB COLORFUL EVOL X15 XS HD5501-G CORE I5 12500H 16GB 512GB RTX3050 4GB 15.6"" FHD 144HZ W11 HOME",,LAPTOP,COLORFUL,TIDAK,0
4804,2512000042,"NEW NB COLORFUL RIMBOOK S1 CE500-G INTEL I5-12450H 16GB 512GB 14"" FHD WIN 11 HOME + WPS OFFICE (GREY)",6978261850044,LAPTOP,COLORFUL,TIDAK,3
4805,2512000043,"NEW NB COLORFUL RIMBOOK S1 CK500-S INTEL I5-13420H 16GB 512GB 14"" FHD WIN 11 HOME + WPS OFFICE (SILVER)",6978261850877,LAPTOP,COLORFUL,TIDAK,1
4806,2512000008,NEW POS IWARE HB-156DII,,POS,IWARE,TIDAK,1
4807,2512000006,NEW POS IWARE HB-156SII,,POS,IWARE,TIDAK,2
4808,2512000007,NEW POS ALL IN ONE IW-X281 INTEL CORE I5 3210 4GB 256GB 15.6 DUAL TOUCHSCREEN W10,X2812510018,POS,IWARE,TIDAK,2
4809,2512000064,NEW POWER SUPPLY ARMAGGEDDON OVERCLOCK PRO 200W - BLACK,,PSU 200W,ARMAGGEDDON,TIDAK,0
4810,2512000062,NEW POWER SUPPLY ARMAGGEDDON VOLTRON 350FX 80+ BRONZE - NON MODULAR - BLACK,8886411986070,PSU 350W,ARMAGGEDDON,TIDAK,5
4811,2512000012,NEW POWER SUPPLY POWER UP 600W - BLACK,,PSU 600W,,TIDAK,28
4812,2512000013,NEW PRINTER HP LASERJET MFP 139FNW WIFI - AIO FAX,,PRINTER,HP,TIDAK,0
4813,2512000009,NEW PRINTER IWARE IW800,,THERMAL PRINTER,IWARE,TIDAK,2
4814,2512000010,NEW PRINTER IWARE ULT-80BT,,THERMAL PRINTER,IWARE,TIDAK,2
4815,2512000046,NEW RAM LONGDIMM DDR4 ADATA XPG GAMMIX D35 16GB (2x8GB) 3200MHZ BLACK,4711085942807,LONGDIMM DDR4,XPG,TIDAK,1
4816,2512000047,NEW RAM LONGDIMM DDR4 ADATA XPG GAMMIX D35 16GB (2x8GB) 3200MHZ WHITE,4711085942821,LONGDIMM DDR4,XPG,TIDAK,7
4817,2512000033,NEW RIBBON CATRIDGE EPSON LX300,,CATRIDGE RIBBON,EPSON,TIDAK,4
4818,2512000003,NEW SCANNER IWARE 81BT 1D BLUETOOTH DONGLE,E81B2403087,SCANNER,IWARE,TIDAK,0
4819,2512000004,NEW SCANNER IWARE OS-930 2D BLACK,930B2510025,SCANNER,IWARE,TIDAK,1
4820,2512000005,NEW SCANNER IWARE R8BT 2D + STAND BLUETOOTH,,SCANNER,IWARE,TIDAK,0
4821,2512000044,NEW SSD NVME ADATA LEGEND 900 1TB GEN 4.0 - 2280,4711085944153,NVME 1 TB,ADATA,TIDAK,5
4822,2512000045,"NEW SSD SATA TEAM GROUP VULCAN Z 2.5"" 256GB",765441061965,SATA 256 GB,TEAM GROUP,TIDAK,0
4823,2512000032,NEW TECWARE SATA OMNI RGB DONGLE - TWAC-SATAB-BKAR,810072523693,KABEL SATA,TECHWARE,TIDAK,32
4824,2512000068,NEW UPS APC BVG700I-GR 700VA 360 WATT,731304769545,UPS,APC,TIDAK,5
4825,2512000014,NEW VGA CARD GIGABYTE WINDFORCE SFF RTX 5070 TI 16GB OC GDDR7,,VGA RTX 5000,GIGABYTE,TIDAK,0
4826,2512000016,NEW VGA CARD VURRION HYPERCLAW X1 GTX 750 TI 4GB GDDR5,2512000016,VGA GTX,VURRION,TIDAK,5
4827,2512000015,NEW VGA CARD VURRION HYPERCLAW X2 GTX 1050 TI 4GB GDDR5,2512000015,VGA GTX,VURRION,TIDAK,2
4828,2512000125,NEW MOUSE AJAZZ AJ039 - RED WHITE,,UNCATEGORIZED,,TIDAK,0
4829,2512000124,NEW KEYBOARD LEGIONARE REXUS MX5.2 TKL OCEAN BLUE - BROWN SWITCH,6991003220707,UNCATEGORIZED,,TIDAK,1
4830,2512000184,LAMP TECGEAR BEAM,,,,YA,0
4831,2512000116,NEW ADAPTER MSI THIN 19.5V-6.35A-120W,,CHARGER LAPTOP,MSI,TIDAK,0
4832,2512000128,NEW APPLE IPHONE 17 PROMAX 256GB ORANGE,,HANDPHONE,APPLE,TIDAK,0
4833,2512000123,NEW BATERAI ASUS C41N2010 ORIGINAL,,LAPTOP,ASUS,TIDAK,0
4834,2512000135,NEW BATERAI ASUS C42N2008 ORIGINAL,,BATERAI LAPTOP,ASUS,TIDAK,0
4835,2512000113,NEW BATERAI ASUS X455/C21N1401 BLACK ORIGINAL,,BATERAI LAPTOP,ASUS,TIDAK,0
4836,2512000118,NEW BATERAI DELL E5580/GJKNX 68WH ORIGINAL,,BATERAI LAPTOP,DELL,TIDAK,0
4837,2512000133,NEW CARTIDGE CANON 745S ORIGINAL - BLACK,,TINTA CATRIDGE,CANON,TIDAK,0
4838,2512000134,NEW CARTIDGE CANON 746S ORIGINAL - COLOUR,,TINTA CATRIDGE,CANON,TIDAK,1
4839,2512000186,NEW CHARGER BASEUS CUBE FAST CHARGER C+U 20W CLUSTER BLACK - P10111403113-00,6932172651152,CHARGER HANDPHONE,BASEUS,TIDAK,0
4840,2512000185,NEW CHARGER BASEUS CUBE FAST CHARGER C+U 20W MOON WHITE - P10111403213-00,6932172651169,CHARGER HANDPHONE,BASEUS,TIDAK,0
4841,2512000191,NEW CHARGER BASEUS CUBE FAST CHARGING 1U 18W EU CLUSTER - OUTOUT USB CLUSTER BLACK - P10111405117-ZI,6932172657116,CHARGER HANDPHONE,BASEUS,TIDAK,0
4842,2512000190,NEW CHARGER BASEUS CUBE FAST CHARGING 1U 18W EU CLUSTER - OUTPUT USB MOON WHITE - P10111405217-ZI,6932172657123,CHARGER HANDPHONE,BASEUS,TIDAK,2
4843,2512000181,NEW CHARGER BASEUS PALM FAST CHARGER 1C 20W EU WITH MINI CLUSTER BLACK CABLE USB-C to USB-C 60W (20V/3A) 1m - P10111602113,6932172677411,CHARGER HANDPHONE,BASEUS,TIDAK,1
4844,2512000180,NEW CHARGER BASEUS PALM FAST CHARGER 1C 20W EU WITH MINI MOON WHITE CABLE USB-C to USB-C 60W (20V/3A) 1m - P10111602213,6932172677428,CHARGER HANDPHONE,BASEUS,TIDAK,2
4845,2512000183,NEW CHARGER BASEUS SUPER SI QUICK CHARGER 1C 25W EU SETS WITH MINI WHITE CABLE TYPE C BLACK - TZCCSUP-L01,6953156206021,CHARGER HANDPHONE,BASEUS,TIDAK,0
4846,2512000182,NEW CHARGER BASEUS SUPER SI QUICK CHARGER 1C 25W EU WHITE SETS WITH MINI WHITE CABLE TYPE C WHITE - TZCCSUP-L02,6953156206038,CHARGER HANDPHONE,BASEUS,TIDAK,0
4847,2512000192,NEW CHARGER BASEUS SUPER Si QUICK CHARGER 1C 20W EU FAST CHARGING - TZCCSUP-B02,6953156230064,CHARGER HANDPHONE,BASEUS,TIDAK,0
4848,2512000193,NEW CHARGER BASEUS SUPER Si QUICK CHARGER 1C 20W EU FAST CHARGING BLACK - TZCCSUP-B01,6953156230057,CHARGER HANDPHONE,BASEUS,TIDAK,0
4849,2512000114,NEW CHARGER MACBOOK,,CHARGER LAPTOP,APPLE,TIDAK,0
4850,2512000156,NEW CHARGING BASEUS FREE2PULL MINI CHARGING CABLE USB-C TO USB-C 60W FAST CHARGING 1M CLUSTER BLACK - P10364500111-01,6932172657505,KABEL DATA USB C TO C,BASEUS,TIDAK,2
4851,2512000155,NEW CHARGING BASEUS FREE2PULL MINI CHARGING CABLE USB-C TO USB-C 60W FAST CHARGING 1M GALAXY BLUE - P10364500311-01,6932172657482,KABEL DATA USB C TO C,BASEUS,TIDAK,1
4852,2512000154,NEW CHARGING BASEUS FREE2PULL MINI CHARGING CABLE USB-C TO USB-C 60W MOON WHITE FAST CHARGING 1M - P10364500211-017,6932172657499,KABEL DATA USB C TO C,BASEUS,TIDAK,2
4853,2512000144,NEW KABEL USB OLIKE D206M USB A TO MICRO - MIX COLOR,,KABEL DATA USB A TO MICRO,OLIKE,TIDAK,11
4854,2512000177,NEW EARPHONE BASEUS BOWIE E11 TRUE WIRELESS EARPHONE CLUSTER BLACK - A00053500113-ZI,6932172653415,TWS,BASEUS,TIDAK,0
4855,2512000176,NEW EARPHONE BASEUS BOWIE E13 TWS BLUETOOTH 5.3 ULTRA LOW LATENCY WIRELESS GALAXY BLACK - A00059701127-ZI,6932172636661,TWS,BASEUS,TIDAK,0
4856,2512000175,NEW EARPHONE BASEUS BOWIE E13 TWS BLUETOOTH 5.3 ULTRA LOW LATENCY WIRELESS MOON WHITE - A00059701217-ZI,6932172636685,TWS,BASEUS,TIDAK,0
4857,2512000178,NEW EARPHONE BASEUS BOWIE E17 TRUE WIRELESS BLUETOOTH STELLAR WHITE - A0007200223-ZI,6932172658052,TWS,BASEUS,TIDAK,0
4858,2512000173,NEW EARPHONE BASEUS BOWIE E18 TRUE WIRELESS EARPHONE 25H-LISTENING IPX4 ENC STAR PURPLE - A00023800537-ZI,6932172655679,TWS,BASEUS,TIDAK,0
4859,2512000174,NEW EARPHONE BASEUS BOWIE E18 TRUE WIRELESS EARPHONE 25H-LISTENING IPX4 ENC STELLAR WHITE - A00023800227-ZI,6932172655662,TWS,BASEUS,TIDAK,0
4860,2512000187,NEW EARPHONE BASEUS ENCOK Type-C LATERAL in-EAR WIRED C17 NGCR - NGCR010002,6932172604264,EARPHONE,BASEUS,TIDAK,0
4861,2512000149,NEW TWS OLIKE HERO T10 - WHITE (OH-T10F),18997225929058,EARPHONE,OLIKE,TIDAK,2
4862,2512000148,NEW TWS OLIKE OPENFIT GT OW3 - PURPLE,8990049006304,EARPHONE,OLIKE,TIDAK,2
4863,2512000106,"NEW HARDISK INTERNAL SYNOLOGY SATA CLIENT HAT3300-4T 3.5"" 4TB",,HARDDISK INTERNAL,SYNOLOGY,TIDAK,0
4864,2512000117,"NEW HARDISK EKSTERNAL TRANSCEND STOREJET 25H3P 2.5"" 2TB - PURPLE",760557827009,HARDDISK EXTERNAL,TRANSCEND,TIDAK,8
4865,2512000141,NEW HDMI HDTV 10M BLUE BOX,,KABEL HDMI TO HDMI,,TIDAK,1
4866,2512000142,NEW HEADSET OLIKE GH2 WIRED GAMING - BLACK,8990049011216,HEADSET GAMING WIRED,OLIKE,TIDAK,0
4867,2512000166,NEW KABE BASEUS CRYSTAL SHINE SERIES FAST CHARGING DATA CABLE TYPE-C TO LIGHTNING 20W 2M SKY BLUE - CAJY001403,6932172614485,KABEL DATA USB C TO LIGHTNING,BASEUS,TIDAK,1
4868,2512000075,NEW KABEL AUKEY CB-CL1 MFI C TO LT 1.2M BLACK - AK CB-CL1 BK,,KABEL DATA USB C TO LIGHTNING,AUKEY,TIDAK,0
4869,2512000076,NEW KABEL AUKEY CB-CL2 BN C TO LT 2M BLACK - AK CB-CL2 BK,,KABEL DATA USB C TO LIGHTNING,AUKEY,TIDAK,0
4870,2512000077,NEW KABEL AUKEY CB-DCC241 C to C 240W 1M AL ALLOY GREY - CB-DCC241 GY,689323790418,KABEL DATA USB C TO C,AUKEY,TIDAK,4
4871,2512000078,NEW KABEL AUKEY CB-KCC101 BN C TO C 100W 1M BLACK - AK CB-KCC101 BK,689323785308,KABEL DATA USB C TO C,AUKEY,TIDAK,2
4872,2512000079,NEW KABEL AUKEY CB-KCC101 BN C TO C 100W 1M WHITE - AK CB-KCC101 WH,689323785315,KABEL DATA USB C TO C,AUKEY,TIDAK,3
4873,2512000080,NEW KABEL AUKEY CB-NCL1 BN MFI C TO LT 1M BLACK - AK CB-NCL1 BK,689323785131,KABEL DATA USB C TO LIGHTNING,AUKEY,TIDAK,2
4874,2512000081,NEW KABEL AUKEY CB-NCL2 BN MFI C TO LT 1.8M BLACK - AK CB-NCL2 BK,689323785155,KABEL DATA USB C TO LIGHTNING,AUKEY,TIDAK,3
4875,2512000082,NEW KABEL AUKEY CB-SCL1 CABLE SILICON C TO LT 1M WHITE - AK CB-SCL1 WH,,KABEL DATA USB C TO LIGHTNING,AUKEY,TIDAK,0
4876,2512000094,NEW KABEL AUKEY CB-SCL1 SC MFI C TO LT 1M BLACK - AK CB-SCL1 BK,,KABEL DATA USB C TO LIGHTNING,AUKEY,TIDAK,0
4877,2512000083,NEW KABEL AUKEY CB-SCL1 SC MFI C TO LT 1M BLACK - AK CB-SCL1 WH,,KABEL DATA USB C TO LIGHTNING,AUKEY,TIDAK,0
4878,2512000095,NEW KABEL AUKEY CB-SCL2 SC MFI C TO LT 1.8M WHITE - AK CB-SCL2 WH,,KABEL DATA USB C TO LIGHTNING,AUKEY,TIDAK,0
4879,2512000168,NEW KABEL BASEUS CHARGER FAST CHARGING TYPE-C TO LIGHTNING 2M 20W BLUE – CAJY000303,6932172602789,KABEL DATA USB C TO LIGHTNING,BASEUS,TIDAK,0
4880,2512000167,NEW KABEL BASEUS CHARGER FAST CHARGING TYPE-C TO LIGHTNING 2M 20W PURPLE – CAJY000305,6932172602796,KABEL DATA USB C TO LIGHTNING,BASEUS,TIDAK,1
4881,2512000165,NEW KABEL BASEUS CRYSTAL SHINE SERIES FAST CHARGING DATA CABLE TYPE-C TO LIGHTNING 20W 2M PINK - CAJY001404,6932172614492,KABEL DATA USB C TO LIGHTNING,BASEUS,TIDAK,1
4882,2512000170,NEW KABEL BASEUS CRYSTAL SHINE SERIES FAST CHARGING DATA CABLE USB-A TO TYPE-C 100W 1.2m BLUE – CAJY000403,6932172602819,KABEL DATA USB A TO C,BASEUS,TIDAK,0
4883,2512000169,NEW KABEL BASEUS CRYSTAL SHINE SERIES FAST CHARGING DATA CABLE USB-C TO USB-C BLUE – CAJY000603,6932172602871,KABEL DATA USB C TO C,BASEUS,TIDAK,0
4884,2512000172,NEW KABEL BASEUS CRYSTAL SHINE SERIES FAST CHARGING DATA USB-A TO LIGHTNING 2.4A 1.2m BLACK - CAJY000001,6932172602680,KABEL DATA USB A TO LIGHTNING,BASEUS,TIDAK,1
4885,2512000171,NEW KABEL BASEUS CRYSTAL SHINE SERIES FAST CHARGING DATA USB-A TO LIGHTNING 2.4A 1.2m BLUE - CAJY000003,6932172602697,KABEL DATA USB A TO LIGHTNING,BASEUS,TIDAK,1
4886,2512000158,NEW KABEL BASEUS DYNAMIC CHARGING DATA TYPE-C TO LIGHTNING 20W 1M BLUE – CALD000003,6932172601898,KABEL DATA USB C TO LIGHTNING,BASEUS,TIDAK,0
4887,2512000159,NEW KABEL BASEUS DYNAMIC CHARGING DATA TYPE-C TO LIGHTNING 20W 1M PURPLE - CALD000005–,6932172601904,KABEL DATA USB C TO LIGHTNING,BASEUS,TIDAK,0
4888,2512000161,NEW KABEL BASEUS DYNAMIC SERIES 2.4A USB-A TO LIGHTNING 1M BLUE – CALD000403,6932172602031,KABEL DATA USB A TO LIGHTNING,BASEUS,TIDAK,1
4889,2512000162,NEW KABEL BASEUS DYNAMIC SERIES 2.4A USB-A TO LIGHTNING 1M WHITE – CALD000402,6932172602024,KABEL DATA USB A TO LIGHTNING,BASEUS,TIDAK,1
4890,2512000164,NEW KABEL BASEUS GLIMMER FAST CHARGING DATA CABLE USB-A TO USB-C 100W BLACK – CADH000401,6932172617967,KABEL DATA USB A TO C,BASEUS,TIDAK,0
4891,2512000163,NEW KABEL BASEUS GLIMMER FAST CHARGING DATA CABLE USB-A TO USB-C 100W WHITE – CADH000402,6932172617981,KABEL DATA USB A TO C,BASEUS,TIDAK,0
4892,2512000160,NEW KABEL BASEUS KABEL DYNAMIC CHARGING DATA TYPE-C TO LIGHTNING 20W 1M WHITE - CALD000002,6932172601881,KABEL DATA USB C TO LIGHTNING,BASEUS,TIDAK,0
4893,2512000157,NEW KABEL BASEUS TUNGSTEN GOLD FAST CHARGING USB-A TO LIGHTNING 2.4A 1M – (CALWJ-01),6953156204959,KABEL DATA USB A TO LIGHTNING,BASEUS,TIDAK,0
4894,2512000109,NEW KABEL CONSOLE USB TO RJ45 1.8M,,,,TIDAK,0
4895,2512000105,NEW KASPERSKY PREMIUM 3U 1Y,2512000105,ANTI VIRUS,KASPERSKY,TIDAK,0
4896,2512000138,NEW KEYBOARD LENOVO IDEAPAD 14-G2 GREY BACKLIT,,SPAREPART LAPTOP,LENOVO,TIDAK,0
4897,2512000152,NEW MICRO SD OLIKE TF-08 8GB 90 MB/S - BLACK,8990049010455,MICRO SD,OLIKE,TIDAK,2
4898,2512000153,NEW MICRO SD OLIKE TF-128 12GB 90MB/S - BLACK,8990049010530,MICRO SD,OLIKE,TIDAK,0
4899,2512000205,"NEW MONITOR MSI MAG 274QF X24 27"" FLAT IPS WQHD 240Hz",,"MONITOR 27""",MSI,TIDAK,2
4900,2512000099,NEW MONITOR MSI PRO MP2412 24″ FLAT VA FHD 100Hz,,"MONITOR 24""",MSI,TIDAK,0
4901,2512000137,"NEW MONITOR SAMSUNG ODYSSEY G7 G70B 32"" FLAT IPS 4K UHD 144HZ - S32BG700EE",,"MONITOR 32""",SAMSUNG,TIDAK,0
4902,2512000108,"NEW MONITOR SAMSUNG ODYSSEY G3 G30D 24"" FLAT VA FHD 180HZ - S24DG302EE",8806095544984,"MONITOR 24""",SAMSUNG,TIDAK,10
4903,2512000107,NEW MOUSE AJAZZ AJ179 V2 TITAN - BLACK,6976412987038,MOUSE GAMING WIRELESS,AJAZZ,TIDAK,3
4904,2512000087,NEW MOTHERBOARD ASROCK A620AI WIFI AM5 DDR5 - ITX,4710483942747,MOBO AM5 - DDR5,ASROCK,TIDAK,2
4905,2512000115,NEW MOTHERBOARD ASROCK B650M-H/M.2+ WIFI AM5 DDR5 - mATX,4710483949913,MOBO AM5 - DDR5,ASROCK,TIDAK,0
4906,2512000089,NEW MOTHERBOARD ASROCK B850 CHALLENGER WIFI BLACK AM5 DDR5 - ATX,4711581491960,MOBO AM5 - DDR5,ASROCK,TIDAK,1
4907,2512000088,NEW MOTHERBOARD ASROCK B850 CHALLENGER WIFI WHITE AM5 DDR5 - ATX,4711581491977,MOBO AM5 - DDR5,ASROCK,TIDAK,1
4908,2512000085,NEW MOTHERBOARD ASROCK B650M PG RIPTIDE WIFI WHITE AM5 DDR5 - mATX,4710483947094,MOBO AM5 - DDR5,ASROCK,TIDAK,0
4909,2512000145,NEW MOUSE OLIKE M4 WIRELESS 1600DPI - BLUE,8990049005390,MOUSE OFFICE WIRELESS,OLIKE,TIDAK,2
4910,2512000147,NEW MOUSEPAD OLIKE MP1L (220x180mm) BLACK,8990049005369,MOUSEPAD BASIC,OLIKE,TIDAK,0
4911,2512000146,NEW MOUSEPAD OLIKE MP1S (220X180mm) BLACK,8990049005345,MOUSEPAD BASIC,OLIKE,TIDAK,0
4912,2512000140,NEW NB ACER ASPIRE GO 14 AG14-72P-38GD INTEL CORE I3-1315U 8GB 512GB SSD 14″ WUXGA WIN 11 HOME + OHM 2024 + M365,,LAPTOP,ACER,TIDAK,3
4913,2512000209,NEW NB ASUS VIVOBOOK 14 A1404VAP VIPS5853M INTEL CORE 5-120U 8GB 512GB SSD 14″ FHD WIN 11 HOME + OHM 2024 + M365 SILVER,,LAPTOP,ASUS,TIDAK,0
4914,2512000121,NEW NB ASUS VIVOBOOK K16 K3605VC I535B1T-HM INTEL I5-13420H 8GB 512GB RTX3050 4GB 16″ IPS WIN 11 HOME + OHM 2024 + M365 (INDIE BLACK) - LAMA,,LAPTOP,ASUS,TIDAK,0
4915,2512000206,"NEW NB AXIOO HYPE-R X8 OLED RYZEN 7-6850 16GB 512GB 14"" OLED WIN 11 HOME (GREY)",2512000206,LAPTOP,AXIOO,TIDAK,3
4916,2512000119,NEW NB LENOVO IDEAPAD SLIM 3 14IAU7 82RJ00GBID INTEL I3-1215U 8GB 256GB 14″ FHD TN WIN 11 HOME + OHS 2021 (MISTY BLUE),,LAPTOP,LENOVO,TIDAK,0
4917,2512000120,NEW NB LENOVO IDEAPAD SLIM 3 14IAU7 82RJ00GCID INTEL I3-1215U 8GB 256GB 14″ FHD TN WIN 11 HOME + OHS 2021 (ABYSS BLUE),,LAPTOP,LENOVO,TIDAK,0
4918,2512000084,NEW NB LENOVO IDEAPAD SLIM 3 14IRH10 83K000C0ID INTEL I7-13620H 16GB 512GB 14″ WIN 11 HOME + OHM 2024 + M365 (LUNA GREY),,LAPTOP,LENOVO,TIDAK,1
4919,2512000122,NEW NB LENOVO IDEAPAD SLIM 3 14IRU8 82X6006EID INTEL I3-1315U 8GB 512GB 14″ FHD W11 HOME + OHM 2024 + M365 (ABYSS BLUE),0199272323877,LAPTOP,LENOVO,TIDAK,0
4920,2512000110,NEW NB LENOVO IDEAPAD SLIM 3 15IRU8 82X700JVID INTEL I3-1315U 8GB 512GB 15.6″ FHD TN WIN 11 HOME + OHM 2024 + M365 (ARTIC GREY),,LAPTOP,LENOVO,TIDAK,1
4921,2512000207,NEW NB LENOVO IPS3 141RU8 AMD RYZEN7-7735HS 8GB 512GB 83K6005MID LUNA GREY,,LAPTOP,LENOVO,TIDAK,0
4922,2512000208,NEW NB LENOVO IPS3 141RU8 AMD RYZEN7-7735HS 8GB 512GB 83K6005NID COSMIC BLUE,,LAPTOP,LENOVO,TIDAK,0
4923,2512000093,NEW POWER SUPPLY ASROCK CHALLENGER CL-850G 850W 80+ GOLD - NON MODULAR - BLACK,4710483948350,PSU 850W,ASROCK,TIDAK,2
4924,2512000092,NEW POWER SUPPLY ASROCK STEEL LEGEND SL-750G 750W 80+ GOLD - FULL MODULAR - BLACK,4710483948978,PSU 750W,ASROCK,TIDAK,0
4925,2512000090,NEW POWER SUPPLY ASROCK STEEL LEGEND SL-850G 850W 80+ GOLD - FULL MODULAR - BLACK,4710483949050,PSU 850W,ASROCK,TIDAK,2
4926,2512000091,NEW POWER SUPPLY ASROCK STEEL LEGEND SL-850GW 850W 80+ GOLD - FULL MODULAR - WHITE,4710483949067,PSU 850W,ASROCK,TIDAK,1
4927,2512000096,NEW POWERBANK AUKEY PB-MS02 10.000MAH WC GREY - AK PB-MS02 GY,689323786107,POWERBANK,AUKEY,TIDAK,3
4928,2512000097,NEW POWERBANK AUKEY PB-MS03 5.000MAH WC WHITE - PB-MS03 WH,,POWERBANK,AUKEY,TIDAK,0
4929,2512000098,NEW POWERBANK AUKEY PB-MS03 5.000MAH WC GRAY - PB-MS03 GY,689323789085,POWERBANK,AUKEY,TIDAK,3
4930,2512000189,NEW POWERBANK BASEUS AIRPOW LITE 12W 10000mAh DUAL OUTPUT TYPE C & USB COSMIC BLACK - P10067501123-00,6932172652623,POWERBANK,BASEUS,TIDAK,1
4931,2512000188,NEW POWERBANK BASEUS AIRPOW lITE 12W 10000mAh DUAL OUTPUT Type C & USB MOON WHITE - P10067501213-00,6932172652616,POWERBANK,BASEUS,TIDAK,2
4932,2512000086,NEW PROCESSOR AMD RYZEN 7 7800X3D 4.2GHz AM5 TRAY,2512000086,PROCESSOR RYZEN 7,AMD,TIDAK,0
4933,2512000127,NEW PROCESSOR AMD RYZEN 7 5700G 3.8GHz AM4 TRAY,,PROCESSOR RYZEN 7,AMD,TIDAK,4
4934,2512000126,NEW RAM SODIMM DDR5 ADATA 32GB 5600MHZ,4711085941114,SODIMM DDR5,ADATA,TIDAK,0
4935,2512000112,NEW SCANNER CANON LIDE 300,,SCANNER,CANON,TIDAK,0
4936,2512000200,NEW SPEAKER OLIKE S4H WIRELESS - NAVY BLUE,8990049006816,SPEAKER BLUETOOTH,OLIKE,TIDAK,2
4937,2512000195,NEW SPEAKER OLIKE KM3 WIRELESS - BLACK,8990049011551,SPEAKER BLUETOOTH,OLIKE,TIDAK,0
4938,2512000204,NEW SPEAKER OLIKE KM4 WIRELESS - BLACK,8990049010691,SPEAKER BLUETOOTH,OLIKE,TIDAK,1
4939,2512000194,NEW SPEAKER OLIKE S10H WIRELESS - BLACK,8990049012022,SPEAKER BLUETOOTH,OLIKE,TIDAK,1
4940,2512000199,NEW SPEAKER OLIKE S5H WIRELESS - BLACK,8990049009435,SPEAKER BLUETOOTH,OLIKE,TIDAK,0
4941,2512000203,NEW SPEAKER OLIKE S7 WIRELESS - BLACK,8990049003303,SPEAKER BLUETOOTH,OLIKE,TIDAK,0
4942,2512000151,NEW SPEAKER OLIKE SC07 WIRED - BLACK,8990049013548,SPEAKER WIRED,OLIKE,TIDAK,0
4943,2512000198,NEW SPEAKER OLIKE SF12 WIRELESS - BLACK,8990049013487,SPEAKER BLUETOOTH,OLIKE,TIDAK,0
4944,2512000197,NEW SPEAKER OLIKE SF18 WIRELESS - BLACK,8990049012039,SPEAKER BLUETOOTH,OLIKE,TIDAK,0
4945,2512000196,NEW SPEAKER OLIKE SF9 MINI WIRELESS - BLACK,8990049010554,SPEAKER BLUETOOTH,OLIKE,TIDAK,0
4946,2512000201,NEW SPEAKER OLIKE SV2 WIRELESS - BLACK,8990049011247,SPEAKER BLUETOOTH,OLIKE,TIDAK,1
4947,2512000150,NEW SPEAKER OLKIE SC08 DUAL MODE - BLACK,8990049011544,SPEAKER BLUETOOTH,OLIKE,TIDAK,0
4948,2512000202,NEW SPEKAER OLIKE SF11 WIRELESS - BLACK,8990049010806,SPEAKER BLUETOOTH,OLIKE,TIDAK,1
4949,2512000104,"NEW SSD SATA VENOMRX SUPER VRX 2.5"" 128GB",2512000104,SATA 128 GB,VENOMRX,TIDAK,0
4950,2512000103,NEW SYNOLOGY DISK STATION DS425+ 4-BAY 2.0 GHZ 2GB,,,,TIDAK,0
4951,2512000111,"NEW TABLET MOTOROLA MOTOPAD 60 LITE HELIO G85 4GB 128GB EMMC 10.1"" WUXGA IPS ANDROID 15",0199271600078,TAB,MOTOROLA,TIDAK,0
4952,2512000136,NEW THERMAL PASTA SPLAVE ONE HIGH PERFORMANCE 1 GRAM,197644101290,THERMAL PASTE,SPLAVE,TIDAK,1
4953,2512000101,NEW TINTA EPSON 057 BLACK,8886482305077,TINTA,EPSON,TIDAK,1
4954,2512000100,NEW TINTA EPSON 057 MAGENTA,8886482305091,TINTA,EPSON,TIDAK,1
4955,2512000102,NEW TINTA EPSON 057 YELLOW,8886482305107,TINTA,EPSON,TIDAK,1
4956,2512000130,NEW TINTA HP GT52 CYAN,,TINTA,HP,TIDAK,2
4957,2512000131,NEW TINTA HP GT52 MAGENTA,,TINTA,HP,TIDAK,2
4958,2512000132,NEW TINTA HP GT52 YELLOW,,TINTA,HP,TIDAK,2
4959,2512000129,NEW TINTA HP GT53 BLACK,,TINTA,HP,TIDAK,5
4960,2512000071,NEW TWS AUKEY EP-B2 BEYOND ANC ELITE ELITE WHITE - EP-B2 WH,,TWS,AUKEY,TIDAK,2
4961,2512000069,NEW TWS AUKEY EP-B2 BEYOND ANC ELITE GRAY - EP-B2 GY,,TWS,AUKEY,TIDAK,2
4962,2512000070,NEW TWS AUKEY EP-B1 BEYOND ANC PRO GRAY (POSTEL) - EP-B1 GY,,TWS,AUKEY,TIDAK,2
4963,2512000072,NEW TWS AUKEY EP-M3A MOVE VIBE CELADON - AK EP-M3A CE,689323787999,TWS,AUKEY,TIDAK,2
4964,2512000073,NEW TWS AUKEY EP-M3A MOVE VIBE WHITE - AK EP-M3A WH,689323788026,TWS,AUKEY,TIDAK,3
4965,2512000074,NEW TWS AUKEY EP-M3A MOVE VIBE LAVENDER - AK EP-M3A LV,,TWS,AUKEY,TIDAK,0
4966,2512000143,NEW PHONE HOLDER OLIKE HC9 WHITE,8990049007530,PHONE HOLDER,OLIKE,TIDAK,0
4967,2512000179,NEW USB HUB BASEUS 6in1 METAL USB Type C HUB to HDMI 4K 3.0 RJ45 PD FAST CHARGING CARD COMPUTER SPLITTER GRAY - B00052807813-01,6932172630720,USB HUB (DOCKING STATION),BASEUS,TIDAK,0
4968,2512000139,NEW WEBCAM LOGITECH C922 PRO STREAM FHD - BLACK,097855124302,WEBCAM,LOGITECH,TIDAK,2
4969,2512000224,1 SET PC RAKITAN OFFICE PHOTOBOX,,,,TIDAK,0
4970,2512000264,NEW BATERAI ACER ASPIRE N16C7 FOR TOOLS,,BATERAI LAPTOP,ACER,TIDAK,0
4971,2512000211,NEW BATERAI ASUS X550A,,BATERAI LAPTOP,ASUS,TIDAK,0
4972,2512000248,NEW BATERAI HP KI04,,BATERAI LAPTOP,HP,TIDAK,0
4973,2512000268,NEW BATERAI HP LAPTOP TF03XI,,BATERAI LAPTOP,HP,TIDAK,0
4974,2512000245,NEW CANON CARTRIDGE 810 ORIGINAL BLACK,4960999617053,TINTA CATRIDGE,CANON,TIDAK,5
4975,2601000001,NEW CASING DIGITAL ALLIANCE OASIS PRO GAMER BLACK - MIDDLE TOWER,,CASING PC GAMING,DIGITAL ALLIANCE,TIDAK,16
4976,2512000249,NEW CASING PARADOX GAMING BLADESTORM - M - BLACK,2512000249,,,TIDAK,7
4977,2512000250,NEW CASING PARADOX GAMING STEELBUSTER - ATX,2512000250,,,TIDAK,5
4978,2512000215,NEW CASING PARADOX U621 HOMURA V2 BLACK,2512000215,,,TIDAK,5
4979,2512000269,NEW CASING RAPTOR GLASS FLOW A SERIES INCLUDE 3 FAN RGB WHITE,,,POWER UP,TIDAK,0
4980,2512000231,NEW COOLINGPAD DEEPCOOL MULTI CORE X6 BLACK,6933412725220,COOLINGPAD,DEEPCOOL,TIDAK,0
4981,2512000232,NEW COOLINGPAD DEEPCOOL U PAL BLACK,,COOLINGPAD,DEEPCOOL,TIDAK,0
4982,2512000233,NEW COOLINGPAD DEEPCOOL WIND PAL MINI - N110/N114,6933412775287,COOLINGPAD,DEEPCOOL,TIDAK,33
4983,2512000275,NEW FAN HP PAVILION GAMING 15-EC FOR SERVICE,,SPAREPART LAPTOP,HP,TIDAK,0
4984,2512000217,NEW FAN PROCESSOR PARADOX HYPERSONIC 421-B ARGB - BLACK,,,,TIDAK,0
4985,2512000280,NEW CONTROLLER ASUS ROG XBOX ALLY X RC73XA GAMING HANDHELD RYZEN Z2 EXTREME 24GB 1TB 7″ FHD TOUCH WIN 11 HOME,4711636155946,HANDHELD,ASUS,TIDAK,0
4986,2512000279,NEW CONTROLLER ASUS ROG XBOX ALLY RC73YA GAMING HANDHELD RYZEN Z2 A 16GB 512GB 7″ FHD TOUCH WIN 11 HOME,4711636151023,HANDHELD,ASUS,TIDAK,1
4987,2601000002,NEW HANDPHONE MOTOROLA EDGE 60 FUSION XT2503-6 12GB 256GB,,HANDPHONE,MOTOROLA,TIDAK,0
4988,2512000212,NEW HEADSET RAZER KRAKEN X LITE WIRED - BLACK,,HEADSET GAMING WIRED,RAZER,TIDAK,0
4989,2512000220,NEW KABEL WEKOME WDC-41 TYPE-C TO TYPE-C 100W 1.2M BLACK,6941027650776,KABEL DATA USB C TO C,WEKOME,TIDAK,44
4990,2512000222,NEW KABEL WEKOME WDC-42 TYPE-C TO LIGHTNING 35W 1M BLACK,6941027650783,KABEL DATA USB C TO C,WEKOME,TIDAK,45
4991,2512000221,NEW KABEL WEKOME WDC-43 TYPE-C TO TYPE-C 65W 1M BLACK,6941027650790,KABEL DATA USB C TO C,WEKOME,TIDAK,44
4992,2512000235,NEW KEYBOARD LAPTOP ACER ASPIRE,,SPAREPART LAPTOP,ACER,TIDAK,0
4993,2512000263,NEW KEYBOARD LAPTOP ACER FOR SERVICE,,SPAREPART LAPTOP,ACER,TIDAK,0
4994,2512000281,NEW KEYBOARD LENOVO FOR SERVICE,,SPAREPART LAPTOP,LENOVO,TIDAK,0
4995,2512000226,NEW KEYBOARD LENOVO LEGION 5 BACKLIT - BLUE BACKLIT,,SPAREPART LAPTOP,LENOVO,TIDAK,0
4996,2512000255,NEW KEYBOARD REXUS HEROIC KX4 TKL BLACK - BROWN SWITCH,,KEYBOARD GAMING WIRED,REXUS,TIDAK,0
4997,2512000253,NEW KEYBOARD REXUS LEGIONARE MX5.2 TKL SNOWY BLACK - BLUE SWITCH,,KEYBOARD GAMING WIRED,REXUS,TIDAK,0
4998,2512000277,NEW KEYBOARD REXUS LEGIONARE MX5.2 TKL STRATO BLACK - RED SWITCH,6991003218681,KEYBOARD GAMING WIRED,REXUS,TIDAK,0
4999,2512000260,NEW KEYBOARD LEGIONARE REXUS MX5.2 TKL SMOKY BLUE - BROWN SWITCH,2512000260,KEYBOARD GAMING WIRED,REXUS,TIDAK,2
5000,2512000261,NEW KEYBOARD REXUS LEGIONARE MX5.2 TKL STRATO BLACK - BROWN SWITCH,,KEYBOARD GAMING WIRED,REXUS,TIDAK,0
5001,2512000236,NEW LCD LAPTOP HP FOR SERVICE,,SPAREPART LAPTOP,HP,TIDAK,0
5002,2512000251,NEW LIQUID COOLER ASUS ROG RYUO IV SLC 360 ARGB - SCREEN - BLACK,4711387850657,,,TIDAK,1
5003,2512000274,NEW LIQUID COOLER MSI MAG CORELIQUID A13 240 RGB - WHITE,4711377276672,,,TIDAK,4
5004,2512000273,NEW LIQUID COOLER MSI MAG CORELIQUID A13 360 RGB - WHITE,4711377276689,,,TIDAK,1
5005,2512000256,NEW MEJA REXUS GAMING DESK RISE RXD-146 - WHITE,2512000256,MEJA GAMING,REXUS,TIDAK,8
5006,2512000258,NEW MEJA STANDING DESK REXUS MEZZA FOLD RSD-03 - WHITE,2512000258,MEJA GAMING,REXUS,TIDAK,4
5007,2512000259,NEW MEJA STANDING DESK REXUS MEZZA PLUS RSD-02 - BLACK,2512000259,MEJA GAMING,REXUS,TIDAK,2
5008,2512000257,NEW MEJA STANDING DESK REXUS MEZZA PLUS RSD-02 - WHITE,2512000257,MEJA GAMING,REXUS,TIDAK,2
5009,2512000246,"NEW MONITOR MSI MAG 273QP QD-OLED X24 27"" FLAT WQHD 240Hz",,"MONITOR 27""",MSI,TIDAK,0
5010,2512000267,NEW MONITOR XYZ X-EYE 22″ FLAT LCD FHD 75Hz,,"MONITOR 22""",XYZ,TIDAK,10
5011,2512000276,NEW MOTHERBOARD ASUS PRIME H610M-K D4-CSM LGA1700 DDR4 - mATX,,MOBO LGA1700 - DDR4,ASUS,TIDAK,0
5012,2512000234,NEW MOTHERBOARD MSI PRO H610M-E LGA1700 DDR5 - mATX,4711377125147,MOBO LGA1700 - DDR5,MSI,TIDAK,15
5013,2512000272,NEW MOTHERBOARD MSI PRO H810M-B LGA1851 DDR5 - mATX,4711377337977,MOBO LGA1851 - DDR5,MSI,TIDAK,3
5014,2512000238,NEW NB ACER ASPIRE GO 14 AG14-72P-50C7 INTEL CORE 5-120U 16GB 512GB SSD 14″ WUXGA WINDOWS 11 HOME + OHM 2024 + M365 PURE SILVER,4711474719096,LAPTOP,ACER,TIDAK,7
5015,2512000271,NEW NB ACER ASPIRE LITE AL14 37P 32AV INTEL CORE 3-N355/8GB 512GB SSD 14″ FHD/WIN 11 HOME + OHM 2024 + M365,,LAPTOP,ACER,TIDAK,0
5016,2512000240,"NEW NB ADVAN WORKMATE RYZEN 5-3500U 8GB 256GB 14"" FHD WIN 11 HOME (LIGHT BLUE)",,LAPTOP,ADVAN,TIDAK,2
5017,2512000243,"NEW NB ADVAN SOULMATE X2 AMD ATHLON 3020E 8GB 128GB 14"" FHD WIN 11 HOME (WHITE)",,LAPTOP,ADVAN,TIDAK,3
5018,2512000241,NEW NB ADVAN SOULMATE X2 AMD ATHLON 3020E 8GB 128GB 14″ W11 GREY,,LAPTOP,ADVAN,TIDAK,0
5019,2512000242,NEW NB ADVAN SOULMATE X2 AMD ATHLON 3020E 8GB 128GB 14″ FHD WIN 11 HOME (MIDGNIGHT BLUE),,LAPTOP,ADVAN,TIDAK,2
5020,2512000239,NEW NB ASUS VIVOBOOK 14 A1404VAP VIPS7113M INTEL CORE 7-150U 16GB 1TB SSD 14″ FHD IPS WIN 11 HOME + OHM 2024 + M365,,LAPTOP,ASUS,TIDAK,0
5021,2512000210,NEW PCB LENOVO ORI,,SPAREPART LAPTOP,LENOVO,TIDAK,0
5022,2512000266,NEW POWER SUPPLY COUGAR POLAR X2 1200W 80+ PLATINUM - FULL MODULAR - BLACK,,PSU 1200W,COUGAR,TIDAK,0
5023,2512000265,NEW POWER SUPPLY COUGAR POLAR 1200W 80+ PLATINUM - FULL MODULAR,4710483772351,PSU 1200W,COUGAR,TIDAK,0
5024,2512000216,NEW POWER SUPPLY PARADOX BASIC 500W - BLACK,2512000216,PSU 500W,PARADOX GAMING,TIDAK,1
5025,2512000214,NEW PROCESSOR AMD RYZEN 5 5600GT 3.6GHz AM4 TRAY,,PROCESSOR RYZEN 5,AMD,TIDAK,6
5026,2512000213,NEW PROCESSOR AMD RYZEN 5 8400F MPK (TRAY+FAN),2512000213,PROCESSOR RYZEN 5,AMD,TIDAK,4
5027,2512000228,NEW PROCESSOR INTEL CORE I5-10400F 2.9GHz LGA1200 TRAY,2512000228,PROCESSOR INTEL I5,INTEL,TIDAK,6
5028,2512000227,NEW PROCESSOR INTEL CORE I5-14400F 2.5GHz LGA1700 TRAY,,PROCESSOR INTEL I5,INTEL,TIDAK,5
5029,2512000270,NEW PROCESSOR INTEL CORE I7-12700F 2.1GHz LGA1700 TRAY,2512000270,PROCESSOR INTEL I7,INTEL,TIDAK,1
5030,2512000229,NEW PROCESSOR INTEL CORE I7-8700 3.2GHz TRAY,2512000229,PROCESSOR INTEL I7,INTEL,TIDAK,6
5031,2512000230,NEW PROCESSOR INTEL CORE I7-4790 3.6GHz LGA1150 TRAY,2512000230,PROCESSOR INTEL I7,INTEL,TIDAK,5
5032,2601000008,NEW RAM LONGDIMM DDR4 KINGBANK SOARBLADE 32GB (2X16GB) 3600MHZ XMP RGB BLACK,,LONGDIMM DDR4,KINGBANK,TIDAK,0
5033,2601000009,NEW RAM LONGDIMM DDR4 KINGBANK SOARBLADE 32GB (2X16GB) 3600MHZ XMP RGB BLACK C16,,LONGDIMM DDR4,KINGBANK,TIDAK,0
5034,2601000007,NEW RAM LONGDIMM DDR4 KINGBANK SOARBLADE 32GB (2X16GB) 3600MHZ XMP RGB WHITE,,LONGDIMM DDR4,KINGBANK,TIDAK,0
5035,2601000004,NEW RAM LONGDIMM DDR4 KINGBANK SOARBLADE 16GB (2X8GB) 3200MHZ XMP RGB BLACK,,LONGDIMM DDR4,KINGBANK,TIDAK,0
5036,2601000003,NEW RAM LONGDIMM DDR4 KINGBANK SOARBLADE 16GB (2X8GB) 3200MHZ XMP RGB WHITE,,LONGDIMM DDR4,KINGBANK,TIDAK,0
5037,2601000006,NEW RAM LONGDIMM DDR4 KINGBANK SOARBLADE 16GB (2X8GB) 3600MHZ XMP RGB BLACK,,LONGDIMM DDR4,KINGBANK,TIDAK,0
5038,2601000005,NEW RAM LONGDIMM DDR4 KINGBANK SOARBLADE 16GB (2X8GB) 3600MHZ XMP RGB WHITE,,LONGDIMM DDR4,KINGBANK,TIDAK,0
5039,2512000278,NEW RAM LONGDIMM DDR5 KINGSTON FURY BEAST 16GB (1x16GB) 5600MHZ BLACK,740617330809,LONGDIMM DDR5,KINGSTON,TIDAK,6
5040,2512000218,NEW RAM LONGDIMM DDR4 TEAM GROUP ELITE PLUS 16GB (1X16GB) 3200MHZ,,LONGDIMM DDR4,TEAM GROUP,TIDAK,0
5041,2512000237,NEW SSD M.2 SATA,,,,TIDAK,0
5042,2512000219,NEW SSD NVME PARADOX GAMING BALLISTA ADVANCE 512GB GEN 3.0 - 2280,,NVME 500 GB,PARADOX GAMING,TIDAK,0
5043,2512000244,NEW SYNOLOGY DS1525+ DISKSTATION 5-BAY NAS SERVER STORAGE CLOUD DS 1525+,,DS (DISK STATION),SYNOLOGY,TIDAK,0
5044,2512000223,NEW TWS WEKOME WS-26 LITON SERIE ANC+ENC - WHITE,6941027651261,TWS,WEKOME,TIDAK,24
5045,2512000262,NEW UPS APC BVG1200I-GR 1200VA 650WATT,,UPS,APC,TIDAK,2
5046,2512000252,NEW UPS APC BX2200MI-MS 2200VA 1200 WATT,731304410737,UPS,APC,TIDAK,1
5047,2512000254,NEW VGA CARD MSI VANGUARD SOC RTX 5060 TI 16GB GDDR7,4711377334464,VGA RTX 5000,MSI,TIDAK,0
5048,2512000225,NEW VGA CARD PALIT WHITE RTX 5060 8GB OC GDDR7,4710562245677,VGA RTX 5000,PALIT,TIDAK,2
5049,2512000247,NEW VGA CARD ZOTAC TWIN EDGE WHITE RTX 5050 8GB OC GDDR6,8886307701558,VGA RTX 5000,ZOTAC,TIDAK,0
5050,2601000048,NEW BACKPACK HP EVERYDAY 16 ORIGINAL,,BACKPACK / TAS,HP,YA,0
5051,2601000079,NEW BATERAI ASUS TUF GAMING FX505D,,BATERAI LAPTOP,ASUS,TIDAK,0
5052,2601000013,NEW BATERAI NB LENOVO THINKPAD X1 CARBON,,BATERAI LAPTOP,LENOVO,TIDAK,0
5053,2601000037,NEW CASING CORSAIR 3500X TG - ATX - BLACK,840006686033,CASING PC GAMING,CORSAIR,TIDAK,1
5054,2601000038,NEW CASING CORSAIR 3500X TG - ATX - WHITE,840006686040,CASING PC GAMING,CORSAIR,TIDAK,2
5055,2601000077,NEW CASING DIGITAL ALLIANCE OASIS THUNDER BLACK - MIDDLE TOWER,,CASING PC GAMING,DIGITAL ALLIANCE,TIDAK,10
5056,2601000068,NEW CASING GAMDIAS ATLAS AURA GC12 ARGB BLACK - ATX,2601000068,CASING PC GAMING,GAMDIAS,TIDAK,1
5057,2601000066,NEW CASING GAMDIAS ATLAS M1 WHITE - ATX,2601000066,CASING PC GAMING,GAMDIAS,TIDAK,2
5058,2601000067,NEW CASING GAMDIAS ATLAS M3M BLACK - m-ATX,,CASING PC GAMING,GAMDIAS,TIDAK,0
5059,2601000040,NEW CASING MONTECH KING 15 PRO - mATX - BLACK,2601000040,CASING PC GAMING,MONTECH,TIDAK,2
5060,2601000041,NEW CASING MONTECH KING 15 PRO WHITE - m-ATX,2601000041,CASING PC GAMING,MONTECH,TIDAK,2
5061,2601000039,NEW CASING NZXT H6 FLOW BLACK (CC-H61FB-01) - ATX,5056547204055,CASING PC GAMING,NZXT,TIDAK,6
5062,2601000053,NEW CASING OCYPUS IOTA C50 CURVE ARGB BLACK - m-ATX,2601000053,CASING PC GAMING,OCYPUS,TIDAK,1
5063,2601000054,NEW CASING OCYPUS IOTA C50 CURVE ARGB WHITE - m-ATX,2601000054,CASING PC GAMING,OCYPUS,TIDAK,3
5064,2601000055,NEW CASING OCYPUS IOTA C70 CURVE ARGB BLACK - ATX,,CASING PC GAMING,OCYPUS,TIDAK,0
5065,2601000056,NEW CASING OCYPUS IOTA C70 CURVE ARGB WHITE - ATX,2601000056,CASING PC GAMING,OCYPUS,TIDAK,0
5066,2601000019,NEW EARBUDS LOGITECH ZONE WIRED TEAMS 981-001094 - BLACK,097855168931,EARPHONE,LOGITECH,TIDAK,2
5067,2601000020,NEW EARBUDS LOGITECH ZONE WIRED UC 981-001095 - BLACK,097855168948,EARPHONE,LOGITECH,TIDAK,2
5068,2601000069,NEW FAN CASING GAMDIAS AEOLUS P2-1203U 3 IN 1 ARGB - BLACK,4712960138223,FAN CASING,GAMDIAS,TIDAK,4
5069,2601000070,NEW FAN CASING GAMDIAS AEOLUS P2-1203U 3 IN 1 ARGB - WHITE,4711514501117,FAN CASING,GAMDIAS,TIDAK,0
5070,2601000064,NEW FAN PROCESSOR GAMDIAS BOREAS E2-410 ARGB - BLACK,,CPU COOLER,GAMDIAS,TIDAK,0
5071,2601000065,NEW FAN PROCESSOR GAMDIAS BOREAS E2-410 ARGB - WHITE,4712960139466,CPU COOLER,GAMDIAS,TIDAK,0
5072,2601000075,NEW KEYBOARD ASUS X453 ORIGINAL,,SPAREPART LAPTOP,ASUS,TIDAK,0
5073,2601000010,NEW KEYBOARD LOGITECH G PRO TKL RGB - BLACK - CLICKY,,KEYBOARD GAMING WIRELESS,LOGITECH,TIDAK,0
5074,2601000058,NEW NB LENOVO IDEAPAD SLIM 5 14IRH10R 83J0005GID INTEL CORE 5 210H 16GB 512GB 14″ OLED WIN 11 HOME + OHM 2024 + M365 (COSMIC BLUE),2601000058,LAPTOP,LENOVO,TIDAK,0
5075,2601000057,NEW NB LENOVO IDEAPAD SLIM 5 14IRH10R 83J0005EID INTEL CORE 5 210H 16GB 512GB 14″ OLED WIN 11 HOME + OHM 2024 + M365 (LUNA GREY),,LAPTOP,LENOVO,TIDAK,0
5076,2601000073,NEW LIQUID COOLER GAMDIAS AURA GL240 LCD ARGB - BLACK,,AIO LIQUID COOLER,GAMDIAS,TIDAK,3
5077,2601000074,NEW LIQUID COOLER GAMDIAS AURA GL240 LCD ARGB - WHITE,,AIO LIQUID COOLER,GAMDIAS,TIDAK,2
5078,2601000071,NEW LIQUID COOLER GAMDIAS AURA GL360 360 ARGB SCREEN - BLACK,,AIO LIQUID COOLER,GAMDIAS,TIDAK,1
5079,2601000072,NEW LIQUID COOLER GAMDIAS AURA GL360 LCD ARGB - WHITE,,AIO LIQUID COOLER,GAMDIAS,TIDAK,0
5080,2601000062,NEW LIQUID COOLER GAMDIAS CHIONE P5-360 ARGB - SCREEN - BLACK,4711514501599,AIO LIQUID COOLER,GAMDIAS,TIDAK,3
5081,2601000063,NEW LIQUID COOLER GAMDIAS CHIONE P5-360 ARGB - SCREEN - WHITE,,AIO LIQUID COOLER,GAMDIAS,TIDAK,0
5082,2601000033,"NEW MONITOR GIGABYTE GS25F14 25"" FLAT IPS FHD 144HZ",,"MONITOR 25""",GIGABYTE,TIDAK,0
5083,2601000029,NEW MONITOR GIGABYTE GS25F2A 25″ FLAT IPS FHD 240Hz,4719331870683,"MONITOR 25""",GIGABYTE,TIDAK,0
5084,2601000034,NEW MONITOR GIGABYTE GS27F2 27″ FLAT IPS FHD 240Hz,4719331873226,"MONITOR 27""",GIGABYTE,TIDAK,1
5085,2601000035,NEW MONITOR GIGABYTE G27Q20 27″ FLAT IPS QHD 210Hz,4719331873851,"MONITOR 27""",GIGABYTE,TIDAK,1
5086,2601000036,"NEW MONITOR GIGABYTE MO27Q28G 27"" FLAT WOLED QHD 280HZ",,"MONITOR 27""",GIGABYTE,TIDAK,0
5087,2601000030,"NEW MONITOR GIGABYTE GS27QA 27"" FLAT IPS QHD 180HZ",,"MONITOR 27""",GIGABYTE,TIDAK,0
5088,2601000031,"NEW MONITOR GIGABYTE MO27Q2 27"" FLAT OLED QHD 240HZ",,"MONITOR 27""",GIGABYTE,TIDAK,0
5089,2601000032,"NEW MONITOR GIGABYTE G34WQC2 34"" CURVE VA WQHD 200HZ",,"MONITOR 34""",GIGABYTE,TIDAK,0
5090,2601000052,NEW MOTHERBOARD MSI PRO A620AM-B EVO AM5 DDR5 - mATX,4711377397216,MOBO AM5 - DDR5,MSI,TIDAK,3
5091,2601000049,NEW MOTHERBORD ASUS PRIME B760M-K D4 LGA1700 DDR4 - mATX,4711387006924,MOBO LGA1700 - DDR4,ASUS,TIDAK,3
5092,2601000021,NEW MOUSE LOGITECH M240 SILENT BLUETOOTH - ROSE,097855187741,MOUSE OFFICE WIRELESS,LOGITECH,TIDAK,33
5093,2601000014,NEW MOUSE LOGITECH MX MASTER 4 910-007565 - GRAPHITE,097855207548,MOUSE GAMING WIRELESS,LOGITECH,TIDAK,1
5094,2601000015,NEW MOUSE LOGITECH MX MASTER 4 910-007566 - PALE GREY,097855207531,MOUSE GAMING WIRELESS,LOGITECH,TIDAK,1
5095,2601000059,NEW NB ACER ASPIRE LITE AL14 37P 3511 /INTEL CORE 3-N355/8GB/256GB SSD/14″ FHD/WIN 11 HOME + OHM 2024 + M365 ROSE SAKURA,,LAPTOP,ACER,TIDAK,0
5096,2601000024,"NEW NB ACER ASPIRE LITE AL14-37P-C3DZ (SILVER) : INTEL N150 8GB DDR4 512SSD WUXGA 14"" FHD W11 OHS24 COPILOT KEY",,LAPTOP,ACER,TIDAK,0
5097,2601000046,NEW NB ACER NITRO LITE NL16-71G-75QK/INTEL CORE 7 240H/16GB/512GB SSD/GEFORCE RTX 3050 6GB/16″WUXGA/WINDOWS 11 HOME+ OFFICE HOME 2024/WHITE,,LAPTOP,ACER,TIDAK,0
5098,2601000076,NEW NB ASUS V16 V3607VJ I535B1T-HM INTEL CORE 5 210H 8GB 512GB RTX3050 6GB 16″ WIN 11 HOME + OHM 2024 + M365 (MATTE BLACK),4711636236881,LAPTOP,ASUS,TIDAK,4
5099,2601000012,NEW NB ASUS VIVOBOOK 14 A1404VAP VIPS7111M INTEL CORE 7-150U 16GB 1TB SSD 14″ FHD IPS WIN 11 HOME + OHM 2024 + M365,,LAPTOP,ASUS,TIDAK,0
5100,2601000047,"NEW NB ASUS VIVOBOOK GO 14 E1404GA FHD3852M INTEL I3-N305 8GB 512GB 14"" FHD WIN 11 HOME + OHM 2024 + M365 (GREEN GREY)",,LAPTOP,ASUS,TIDAK,1
5101,2601000011,"NEW NB LENOVO V14 G5 IRL 83GU007AID INTEL CORE I3-1315U 8GB DDR5 256GB 14"" FHD W11",,LAPTOP,LENOVO,TIDAK,0
5102,2601000018,NEW POINTER LOGITECH SPOTLIGHT 910-004862 PRESENTATION REMOTE - GOLD,,POINTER,LOGITECH,TIDAK,0
5103,2601000017,NEW POINTER LOGITECH 910-004863 SPOTLIGHT PRESENTATION REMOTE - SLATE,097855127778,POINTER,LOGITECH,TIDAK,2
5104,2601000042,NEW POWER SUPPLY AEROCOOL LUX 550W 230V - 80+ BRONZE,4718009156234,PSU 550W,AEROCOOL,TIDAK,0
5105,2601000043,NEW POWER SUPPLY AEROCOOL UNITED POWER APFC 500W 80+ - NON MODULAR - BLACK,,PSU 500W,AEROCOOL,TIDAK,2
5106,2601000044,NEW RAM SODIMM DDR4 ADATA 8GB 3200MHZ,,SODIMM DDR4,ADATA,TIDAK,0
5107,2601000023,NEW RAM SODIMM DDR4 KINGBANK KDSN 8GB 3200MHZ,,SODIMM DDR4,KINGBANK,TIDAK,0
5108,2601000022,NEW RAM SODIMM DDR5 KINGBANK KDSN 16GB 5600MHZ,,SODIMM DDR5,KINGBANK,TIDAK,0
5109,2601000045,NEW RAM SODIMM DDR5 VISIPRO 16GB 5600MHZ,,SODIMM DDR5,VISIPRO,TIDAK,0
5110,2601000025,"NEW SSD SATA PARADOX GAMING CORE CLASSIC 2.5"" 128GB",,SATA 128 GB,PARADOX GAMING,TIDAK,0
5111,2601000026,"NEW SSD SATA PARADOX GAMING CORE CLASSIC 2.5"" 256GB",,SATA 256 GB,PARADOX GAMING,TIDAK,0
5112,2601000027,"NEW SSD SATA PARADOX GAMING CORE CLASSIC 2.5"" 512GB",,SATA 500 GB,PARADOX GAMING,TIDAK,0
5113,2601000028,"NEW SSD SATA PARADOX GAMING CORE CLASSIC 2.5"" 1TB",,SATA 1 TB,PARADOX GAMING,TIDAK,0
5114,2601000060,"NEW SSD SATA DIGITAL ALLIANCE 2.5"" 256GB",6923172591081,SATA 256 GB,DIGITAL ALLIANCE,TIDAK,2
5115,2601000061,NEW SSD NVME DIGITAL ALLIANCE 256GB GEN 3.0 - 2280,,NVME 256 GB,DIGITAL ALLIANCE,TIDAK,2
5116,2601000050,NEW TAS COLORFUL BLACK,,BACKPACK / TAS,COLORFUL,TIDAK,10
5117,2601000051,NEW TAS COLORFUL GRAY,,BACKPACK / TAS,COLORFUL,TIDAK,5
5118,2601000016,NEW USB LOGITECH RECEIVER USB-C BOLT - 956-000158,097855203236,USB RECEIVER,LOGITECH,TIDAK,3
5119,2601000078,NEW VGA CARD GAINWARD PYTHON III RTX 5070 12GB GDDR7,4710562245110,VGA RTX 5000,GAINWARD,TIDAK,3
5120,2601000143,NEW ADAPTER AC ADP-33BW A,,,,TIDAK,0
5121,2601000096,NEW ASUS TUF GAMING BACKPACK,,BACKPACK / TAS,ASUS,TIDAK,0
5122,2601000093,NEW BATERAI HP HPP HS04,,,,TIDAK,0
5123,2601000210,NEW BRACKET FANTECH PRO MOUNT DUAL ARM MONITOR BRACKET MBD1 - BLACK,6977052254580,BRACKET MONITOR,FANTECH,TIDAK,6
5124,2601000211,NEW BRACKET FANTECH PRO MOUNT SINGLE ARM MONITOR BRACKET MBS1 - BLACK,6977052254573,BRACKET MONITOR,FANTECH,TIDAK,41
5125,2601000111,NEW CASING OCYPUS GAMMA C52 BLACK - m-ATX,,CASING PC GAMING,OCYPUS,TIDAK,0
5126,2601000112,NEW CASING OCYPUS GAMMA C52 WHITE - m-ATX,6977414881584,CASING PC GAMING,OCYPUS,TIDAK,4
5127,2601000138,NEW CHARGER UGREEN N SERIES GAN DUAL PORT 65014 30W - BLACK,,CHARGER HANDPHONE,UGREEN,TIDAK,0
5128,2601000137,NEW CHARGER UGREEN N SERIES GAN DUAL PORT 65016 30W - BLUE,,CHARGER HANDPHONE,UGREEN,TIDAK,0
5129,2601000142,NEW CHARGER UGREEN N SERIES GAN DUAL PORT 65058 45W - BLACK,,CHARGER HANDPHONE,UGREEN,TIDAK,0
5130,2601000134,NEW CHARGER SET UGREEN N SERIES GAN 65003 20W - BLACK,,CHARGER HANDPHONE,UGREEN,TIDAK,0
5131,2601000135,NEW CHARGER SET UGREEN N SERIES GAN 65005 20W - WHITE,,CHARGER HANDPHONE,UGREEN,TIDAK,0
5132,2601000136,NEW CHARGER UGREEN N SERIES GAN 65736 25W - BLACK,,CHARGER HANDPHONE,UGREEN,TIDAK,0
5133,2601000139,NEW CHARGER UGREEN RETRACTABLE CAR 55909B 90W - BLACK,,CHARGER MOBIL,UGREEN,TIDAK,2
5134,2601000202,NEW COOLINGPAD FANTECH NC22 - BLACK,6977052252104,COOLINGPAD,FANTECH,TIDAK,0
5135,2601000113,NEW FAN CASING OCYPUS BETA F12 1 IN 1 ARGB - WHITE,6977414881713,FAN CASING,OCYPUS,TIDAK,20
5136,2601000118,NEW FAN PROCESSOR OCYPUS IOTA A40 NON-RGB - BLACK,6977414880068,FAN PROCESSOR,OCYPUS,TIDAK,0
5137,2601000119,NEW FAN PROCESSOR OCYPUS IOTA A40 NON-RGB - WHITE,6977414880075,FAN PROCESSOR,OCYPUS,TIDAK,0
5138,2601000207,NEW GAMEPAD FANTECH SHOOTER II GP13 USB-WIRED - BLACK,6972661286694,GAMEPAD,FANTECH,TIDAK,5
5139,2601000204,NEW GAMEPAD FANTECH x ONEPIECE EGGHEAD EOS PRO WGP15V2A 3-CONNECTION - LUFFY (RED),6977052252357,GAMEPAD,FANTECH,TIDAK,4
5140,2601000205,NEW GAMEPAD FANTECH x ONEPIECE EGGHEAD EOS PRO WGP15V2A 3-CONNECTION - ZORO (BLACK),6977052252364,GAMEPAD,FANTECH,TIDAK,3
5141,2601000206,NEW GAMEPAD FANTECH x ONEPIECE EGGHEAD NOVA PRO WGP14V2 2-CONNECTION - LUFFY (RED),6977052252319,GAMEPAD,FANTECH,TIDAK,0
5142,2601000173,NEW HEADSET RAZER BARRACUDA X CHROMA WIRELESS - BLACK,,HEADSET GAMING WIRELESS,RAZER,TIDAK,0
5143,2601000175,NEW HEADSET RAZER BARRACUDA X CHROMA WIRELESS - GREEN,,HEADSET GAMING WIRELESS,RAZER,TIDAK,0
5144,2601000174,NEW HEADSET RAZER BARRACUDA X CHROMA WIRELESS - WHITE,,HEADSET GAMING WIRELESS,RAZER,TIDAK,2
5145,2601000176,NEW HEADSET RAZER BLACKSHARK V2 X WIRED 3.5MM - WHITE,,HEADSET GAMING WIRED,RAZER,TIDAK,14
5146,2601000132,NEW KABEL USB UGREEN USB-C TO LIGHTNING NYLON 70525 2M - SILVER,,KABEL DATA USB C TO LIGHTNING,UGREEN,TIDAK,0
5147,2601000133,NEW KABEL USB UGREEN USB-A TO USB-C NYLON 60125 50CM - BLACK,,KABEL DATA USB C TO C,UGREEN,TIDAK,1
5148,2601000216,NEW KERTAS SIDU A4 70Gsm,,,,TIDAK,26
5149,2601000230,NEW KEYBOARD AJAZZ AK029 HIFI VERSION BLACK YELLOW MAGNETIC - ICE ISLAND SWITCH,,KEYBOARD GAMING WIRED,AJAZZ,TIDAK,0
5150,2601000231,NEW KEYBOARD AJAZZ AK029 HIFI VERSION WHITE BLUE MAGNETIC - ICE ISLAND SWITCH,,KEYBOARD GAMING WIRED,AJAZZ,TIDAK,0
5151,2601000233,NEW KEYBOARD AJAZZ ALUX68MAX WIRED WHITE - KOTAI SWITCH RGB,6976412985188,KEYBOARD GAMING WIRED,AJAZZ,TIDAK,0
5152,2601000232,NEW KEYBOARD AJAZZ ALUX68PLUS WIRED WHITE - MAGNETIC SWITCH RGB,,KEYBOARD GAMING WIRED,AJAZZ,TIDAK,0
5153,2601000194,NEW KEYBOARD FANTECH ATOM96 MK890V2 MIZU SERIES BLUE NAVY - ROSIE SWITCH,6977052255044,KEYBOARD GAMING WIRED,FANTECH,TIDAK,0
5154,2601000195,NEW KEYBOARD FANTECH ATOM96 MK890V2 MIZU SERIES BLUE NAVY - TARO SWITCH,6977052255051,KEYBOARD GAMING WIRED,FANTECH,TIDAK,0
5155,2601000197,NEW KEYBOARD FANTECH ATOM96 MK890V2 MIZU SERIES NAVY BLUE - ROSIE SWITCH,6977052255020,KEYBOARD GAMING WIRED,FANTECH,TIDAK,0
5156,2601000196,NEW KEYBOARD FANTECH ATOM96 MK890V2 MIZU SERIES NAVY BLUE - TARO SWITCH,6977052255037,KEYBOARD GAMING WIRED,FANTECH,TIDAK,1
5157,2601000180,NEW KEYBOARD FANTECH ATOM61 MK211 RGB BLACK - RED SWITCH,6977052253927,KEYBOARD GAMING WIRED,FANTECH,TIDAK,3
5158,2601000183,NEW FANTECH SET COMBO KM103 BLACK,2601000183,OFFICE COMBO WIRED,FANTECH,TIDAK,31
5159,2601000188,NEW KEYBOARD FANTECH ATOM63 MK874V2 MIZU SERIES SKY BLUE - RED SWITCH,6972661289978,KEYBOARD GAMING WIRED,FANTECH,TIDAK,2
5160,2601000184,NEW KEYBOARD FANTECH ATOM63 MK874V2 MIZU SERIES NAVY BLUE - BLUE SWITCH,6972661289947,KEYBOARD GAMING WIRED,FANTECH,TIDAK,2
5161,2601000187,NEW KEYBOARD FANTECH ATOM63 MK874V2 MIZU SERIES NAVY BLUE - RED SWITCH,6972661289954,KEYBOARD GAMING WIRED,FANTECH,TIDAK,0
5162,2601000190,NEW KEYBOARD FANTECH ATOM81 MK875V2 MIZU SERIES BLUE NAVY - ROSIE SWITCH,6977052254504,KEYBOARD GAMING WIRED,FANTECH,TIDAK,0
5163,2601000191,NEW KEYBOARD FANTECH ATOM81 MK875V2 MIZU SERIES BLUE NAVY - TARO SWITCH,6977052254498,KEYBOARD GAMING WIRED,FANTECH,TIDAK,0
5164,2601000192,NEW KEYBOARD FANTECH ATOM81 MK875V2 MIZU SERIES NAVY BLUE - ROSIE SWITCH,6977052254481,KEYBOARD GAMING WIRED,FANTECH,TIDAK,0
5165,2601000193,NEW KEYBOARD FANTECH ATOM81 MK875V2 MIZU SERIES NAVY BLUE - TARO SWITCH,6977052254474,KEYBOARD GAMING WIRED,FANTECH,TIDAK,1
5166,2601000198,NEW KEYBOARD FANTECH ATOM87S MK877S MORI EDITION BLUE WHITE - ROSIE SWITCH,6977052254788,KEYBOARD GAMING WIRED,FANTECH,TIDAK,2
5167,2601000199,NEW KEYBOARD FANTECH ATOM87S MK877S MORI EDITION BLUE WHITE - TARO SWITCH,6977052254795,KEYBOARD GAMING WIRED,FANTECH,TIDAK,4
5168,2601000201,NEW KEYBOARD FANTECH ATOM87S MK877S MORI EDITION WHITE BLUE - ROSIE SWITCH,6977052254801,KEYBOARD GAMING WIRED,FANTECH,TIDAK,1
5169,2601000200,NEW KEYBOARD FANTECH ATOM87S MK877S MORI EDITION WHITE BLUE - TARO SWITCH,6977052254818,KEYBOARD GAMING WIRED,FANTECH,TIDAK,5
5170,2601000165,NEW KEYBOARD RAZER BLACKWIDOW V3 TKL - BLACK - GREEN SWITCH,,KEYBOARD GAMING WIRED,RAZER,TIDAK,3
5171,2601000166,NEW KEYBOARD RAZER BLACKWIDOW V3 MINI HYPERSPEED - BLACK - GREEN SWITCH,,KEYBOARD GAMING WIRELESS,RAZER,TIDAK,0
5172,2601000167,NEW KEYBOARD RAZER BLACKWIDOW V3 MINI HYPERSPEED - BLACK - YELLOW SWITCH,,KEYBOARD GAMING WIRELESS,RAZER,TIDAK,1
5173,2601000168,NEW KEYBOARD RAZER BLACKWIDOW V4 75% MECHANICAL GA HOT SWAP - GREEN,,KEYBOARD GAMING WIRED,RAZER,TIDAK,0
5174,2601000172,NEW KEYBOARD RAZER DEATHSTALKER V2 CLICKY - BLACK - PURPLE SWITCH,,KEYBOARD GAMING WIRELESS,RAZER,TIDAK,2
5175,2601000171,NEW KEYBOARD RAZER HUNTSMAN MINI - BLACK - PURPLE SWITCH,,KEYBOARD GAMING WIRELESS,RAZER,TIDAK,0
5176,2601000169,NEW KEYBOARD RAZER BLACKWIDOW V4 PRO - BLACK - GREEN SWITCH,,KEYBOARD GAMING WIRED,RAZER,TIDAK,0
5177,2601000170,NEW KEYBOARD RAZER BLACKWIDOW V4 PRO - BLACK - YELLOW SWITCH,,KEYBOARD GAMING WIRED,RAZER,TIDAK,0
5178,2601000099,NEW KEYBOARD VENOMRX COMBO BASIC USB KUJATA,2601000099,GAMING COMBO WIRED,VENOMRX,TIDAK,1
5179,2601000101,NEW KEYBOARD VENOMRX MECHANICAL USB BIONIC BLACK/WHITE - BROWN SWITCH,2601000101,KEYBOARD GAMING WIRED,VENOMRX,TIDAK,7
5180,2601000100,NEW KEYBOARD VENOMRX MECHANICAL USB BIONIC BLUE/WHITE - BROWN SWITCH,2601000100,KEYBOARD GAMING WIRED,VENOMRX,TIDAK,5
5181,2601000102,NEW KEYBOARD VENOMRX MECHANICAL USB BIONIC GRAY/WHITE - BROWN SWITCH,2601000102,KEYBOARD GAMING WIRED,VENOMRX,TIDAK,8
5182,2601000103,NEW KEYBOARD VENOMRX MECHANICAL USB XENON BLACK/WHITE - BROWN SWITCH,2601000103,KEYBOARD GAMING WIRED,VENOMRX,TIDAK,4
5183,2601000181,NEW KURSI FANTECH OFFICE DENVER CW2 - BLACK,,KURSI OFFICE,FANTECH,TIDAK,1
5184,2601000182,NEW KURSI FANTECH OFFICE DENVER CW2 - GREY,,KURSI OFFICE,FANTECH,TIDAK,1
5185,2601000208,NEW KURSI FANTECH VENICE CW1 OFFICE CHAIR BLACK,,KURSI OFFICE,FANTECH,TIDAK,1
5186,2601000209,NEW KURSI FANTECH VENICE CW1 OFFICE CHAIR GREY,,KURSI OFFICE,FANTECH,TIDAK,1
5187,2601000149,NEW KURSI ERGONOMIC REXUS NC2 V2 LUMBAR SUPPORT - BLACK,,KURSI OFFICE,REXUS,TIDAK,0
5188,2601000150,NEW KURSI ERGONOMIC REXUS NC2 V2 LUMBAR SUPPORT - WHITE,,KURSI OFFICE,REXUS,TIDAK,1
5189,2601000122,NEW LIQUID COOLER OCYPUS DELTA L24 V2 ARGB - DIGITAL - BLACK,,AIO LIQUID COOLER,OCYPUS,TIDAK,0
5190,2601000123,NEW LIQUID COOLER OCYPUS DELTA L24 V2 ARGB - DIGITAL - WHITE,6977414881232,AIO LIQUID COOLER,OCYPUS,TIDAK,1
5191,2601000120,NEW LIQUID COOLER OCYPUS DELTA L36 V2 ARGB - DIGITAL - BLACK,6977414881201,AIO LIQUID COOLER,OCYPUS,TIDAK,1
5192,2601000121,NEW LIQUID COOLER OCYPUS DELTA L36 V2 ARGB - DIGITAL - WHITE,6977414881218,AIO LIQUID COOLER,OCYPUS,TIDAK,2
5193,2601000126,NEW LIQUID COOLER OCYPUS IOTA L24 RGB - DIGITAL - BLACK,6977414880143,AIO LIQUID COOLER,OCYPUS,TIDAK,3
5194,2601000127,NEW LIQUID COOLER OCYPUS IOTA L24 RGB - DIGITAL - WHITE,6977414880150,AIO LIQUID COOLER,OCYPUS,TIDAK,6
5195,2601000124,NEW LIQUID COOLER OCYPUS IOTA L36 RGB - SCREEN - BLACK,6977414880129,AIO LIQUID COOLER,OCYPUS,TIDAK,3
5196,2601000125,NEW LIQUID COOLER OCYPUS IOTA L36 RGB - SCREEN - WHITE,6977414880136,AIO LIQUID COOLER,OCYPUS,TIDAK,5
5197,2601000116,NEW LIQUID COOLER OCYPUS SIGMA L24 PRO RGB - DIGITAL - BLACK,6977414881430,AIO LIQUID COOLER,OCYPUS,TIDAK,2
5198,2601000117,NEW LIQUID COOLER OCYPUS SIGMA L24 PRO RGB - DIGITAL - WHITE,6977414881447,AIO LIQUID COOLER,OCYPUS,TIDAK,3
5199,2601000114,NEW LIQUID COOLER OCYPUS SIGMA L36 PRO RGB - DIGITAL - BLACK,6977414881454,AIO LIQUID COOLER,OCYPUS,TIDAK,1
5200,2601000115,NEW LIQUID COOLER OCYPUS SIGMA L36 PRO RGB - DIGITAL - WHITE,6977414881461,AIO LIQUID COOLER,OCYPUS,TIDAK,0
5201,2601000085,NEW MEJA COUGAR E-GRAV 160 (160-75cm) - BLACK,2601000085,MEJA GAMING,COUGAR,TIDAK,4
5202,2601000177,NEW MICROPHONE RAZER SEIREN V3 MINI - BLACK,,MICROPHONE,RAZER,TIDAK,3
5203,2601000107,NEW MONITOR ASUS ZENSCREEN MB169CK PORTABLE 16″ FLAT IPS FHD,,"MONITOR PORTABLE 15.6""",ASUS,TIDAK,1
5204,2601000086,NEW MONITOR ASUS ROG STRIX XG27AQDMG 27″ FLAT OLED QHD 240Hz,,"MONITOR 27""",ASUS,TIDAK,0
5205,2601000105,NEW MONITOR ASUS TUF GAMING VG249QM5A 24″ FLAT IPS FHD 240Hz,,"MONITOR 24""",ASUS,TIDAK,6
5206,2601000106,"NEW MONITOR ASUS VP227HF 22"" FLAT IPS FHD 100HZ",,"MONITOR 22""",ASUS,TIDAK,0
5207,2601000098,NEW MOTHERBOARD ASROCK B850M PRO-A WIFI AM5 DDR5 - mATX,4711581490376,MOBO AM5 - DDR5,ASROCK,TIDAK,0
5208,2601000145,NEW MOTHERBOARD ASUS PRIME H510M-K LGA1200 DDR4 - mATX,4711387113196,MOBO LGA1200 - DDR4,ASUS,TIDAK,0
5209,2601000155,NEW MOUSE AJAZZ AJ159 APEX WIRELESS 3-MODE PAW3395 CHARGING DOCK - BLACK,6976412983078,MOUSE GAMING WIRELESS,AJAZZ,TIDAK,0
5210,2601000156,NEW MOUSE AJAZZ AJ159 APEX WIRELESS 3-MODE PAW3395 CHARGING DOCK - WHITE,6976412983085,MOUSE GAMING WIRELESS,AJAZZ,TIDAK,2
5211,2601000152,NEW MOUSE AJAZZ AJ159NL 3-MODES BLUETOOTH MOUSE - WHITE,6976412984907,MOUSE GAMING WIRELESS,AJAZZ,TIDAK,0
5212,2601000151,NEW MOUSE AJAZZ AJ159P SERIES TRI-MODE WITH CHARGING DOCK - BLACK,6976412982699,MOUSE GAMING WIRELESS,AJAZZ,TIDAK,2
5213,2601000154,NEW MOUSE AJAZZ AJ159PRO WIRELESS 3-MODE PAW3395 CHARGING DOCK - BLACK,,MOUSE GAMING WIRELESS,AJAZZ,TIDAK,0
5214,2601000153,NEW MOUSE AJAZZ AJ159PRO WIRELESS 3-MODE PAW3395 CHARGING DOCK - WHITE,6976412982903,MOUSE GAMING WIRELESS,AJAZZ,TIDAK,0
5215,2601000157,NEW MOUSE AJAZZ AJ179 - WHITE,6976412983320,MOUSE GAMING WIRELESS,AJAZZ,TIDAK,3
5216,2601000213,NEW MOUSE AJAZZ AJ179 APEX 3-MODE - BLACK,6976412983382,MOUSE GAMING WIRELESS,AJAZZ,TIDAK,0
5217,2601000214,NEW MOUSE AJAZZ AJ179 APEX 3-MODE - WHITE,6976412983375,MOUSE GAMING WIRELESS,AJAZZ,TIDAK,1
5218,2601000215,NEW MOUSE AJAZZ AJ179 V2 TITAN - RED,6976412987052,MOUSE GAMING WIRELESS,AJAZZ,TIDAK,2
5219,2601000219,NEW MOUSE AJAZZ AJ199 CARBON FIBER MAX 3-MODE WIRED PAW3395 - BLACK,6976412987168,MOUSE GAMING WIRELESS,AJAZZ,TIDAK,0
5220,2601000220,NEW MOUSE AJAZZ AJ199 CARBON FIBER MAX 3-MODE WIRED PAW3395 - WHITE,6976412987175,MOUSE GAMING WIRELESS,AJAZZ,TIDAK,2
5221,2601000217,NEW MOUSE AJAZZ AJ199 CARBON FIBER PAW3311 - BLACK,6976412987144,MOUSE GAMING WIRELESS,AJAZZ,TIDAK,0
5222,2601000218,NEW MOUSE AJAZZ AJ199 CARBON FIBER PAW3311 - WHITE,6976412987151,MOUSE GAMING WIRELESS,AJAZZ,TIDAK,0
5223,2601000227,NEW MOUSE AJAZZ AM3 MAX 3-MODE - BLACK,,MOUSE GAMING WIRELESS,AJAZZ,TIDAK,0
5224,2601000229,NEW MOUSE AJAZZ AM3 MAX 3-MODE - RED,,MOUSE GAMING WIRELESS,AJAZZ,TIDAK,0
5225,2601000228,NEW MOUSE AJAZZ AM3 MAX 3-MODE - WHITE,,MOUSE GAMING WIRELESS,AJAZZ,TIDAK,0
5226,2601000225,NEW MOUSE AJAZZ AM3 PRO 3-MODE - BLACK,,MOUSE GAMING WIRELESS,AJAZZ,TIDAK,0
5227,2601000226,NEW MOUSE AJAZZ AM3 PRO 3-MODE - RED,,MOUSE GAMING WIRELESS,AJAZZ,TIDAK,0
5228,2601000224,NEW MOUSE AJAZZ AM3 PRO 3-MODE - WHITE,,MOUSE GAMING WIRELESS,AJAZZ,TIDAK,0
5229,2601000222,NEW MOUSE AJAZZ M259 3-MODE PAW3395 - BLACK,6976412982798,MOUSE GAMING WIRELESS,AJAZZ,TIDAK,0
5230,2601000223,NEW MOUSE AJAZZ M259 3-MODE PAW3395 - RED,6976412982842,MOUSE GAMING WIRELESS,AJAZZ,TIDAK,2
5231,2601000221,NEW MOUSE AJAZZ M259 3-MODE PAW3395 - WHITE,6976412982781,MOUSE GAMING WIRELESS,AJAZZ,TIDAK,2
5232,2601000185,NEW MOUSE FANTECH GO W192 1600DPI - BLACK,6972661281842,MOUSE OFFICE WIRELESS,FANTECH,TIDAK,3
5233,2601000186,NEW MOUSE FANTECH KANATA VX9 S 7200DPI - BLACK,2601000186,MOUSE GAMING WIRED,FANTECH,TIDAK,2
5234,2601000158,NEW MOUSE RAZER BASILISK V3 PRO WIRELESS - WHITE,,MOUSE GAMING WIRELESS,RAZER,TIDAK,1
5235,2601000159,NEW MOUSE RAZER BASILISK V3 X HYPERSPEED WIRELESS ERGONOMIC GAMING MOUSE - BLACK,,MOUSE GAMING WIRELESS,RAZER,TIDAK,1
5236,2601000161,NEW MOUSE RAZER DEATHADDER V3 PRO WIRELESS - FORTNITE EDITION,,MOUSE GAMING WIRELESS,RAZER,TIDAK,1
5237,2601000160,NEW MOUSE RAZER DEATHADDER V3 PRO WIRELESS - WHITE,,MOUSE GAMING WIRELESS,RAZER,TIDAK,2
5238,2601000162,NEW MOUSE RAZER OROCHI V2 WIRELESS - WHITE,,MOUSE GAMING WIRELESS,RAZER,TIDAK,0
5239,2601000164,NEW MOUSE RAZER VIPER V3 PRO WIRELESS - COUNTER STRIKE 2 EDITION,,MOUSE GAMING WIRELESS,RAZER,TIDAK,0
5240,2601000163,NEW MOUSE RAZER VIPER V3 PRO WIRELESS - BLACK,,MOUSE GAMING WIRELESS,RAZER,TIDAK,0
5241,2601000203,NEW MOUSEPAD FANTECH x ONEPIECE EGGHEAD ATO MP905 (900x400mm) - ZORO,6977052253156,DESKMAT GAMING,FANTECH,TIDAK,7
5242,2601000108,NEW MOUSEPAD GAMEN GP-XXL (400x800mm) - BLACK,6936678489868,DESKMAT GAMING,GAMEN,TIDAK,2
5243,2601000110,NEW MOUSEPAD GAMEN GP-XXL (400x800mm) - BLUE,6936678489851,DESKMAT GAMING,GAMEN,TIDAK,0
5244,2601000109,NEW MOUSEPAD GAMEN GP-XXL (400x800mm) - GRAY,6936678489844,DESKMAT GAMING,GAMEN,TIDAK,13
5245,2601000178,NEW MOUSEPAD RAZER GIGANTUS V2 LARGE - BLACK,,MOUSEPAD GAMING,RAZER,TIDAK,0
5246,2601000179,NEW MOUSEPAD RAZER GIGANTUS V2 XXL - BLACK,,DESKMAT GAMING,RAZER,TIDAK,0
5247,2601000095,"NEW NB ASUS TUF GAMING A15 FA506NCG R735BZT-HM RYZEN 7-7445HS 16GB 512GB RTX3050 4GB 15.6"" FHD WIN 11 HOME + OHM 2024 + M365 (GRAPHITE BLACK)",,LAPTOP,ASUS,TIDAK,0
5248,2601000189,NEW NB HP VICTUS 15 FB3744AX RYZEN 7-7445H 16GB 512GB RTX3050 6GB 15.6″ WIN 11 HOME + OHS 2024 + M365 (MICA SILVER),199251611025,LAPTOP,HP,TIDAK,0
5249,2601000084,NEW NB LENOVO IDEAPAD SLIM 3 14IRH10 83K000BWID INTEL I5-13420H 8GB 512GB 14″ IPS WIN 11 HOME + OHM 2024 + M365 (LUNA GREY),,LAPTOP,LENOVO,TIDAK,0
5250,2601000080,NEW NB LENOVO IDEAPAD SLIM 3 14ARP10 83K6005KID RYZEN 5-7535HS 8GB 512GB 14″ WIN 11 HOME + OHM 2024 + M365 (COSMIC BLUE),199272961918,LAPTOP,LENOVO,TIDAK,3
5251,2601000081,NEW NB LENOVO IDEAPAD SLIM 3 14ARP10 83K6005LID RYZEN 5-7535HS 8GB 512GB 14″ WIN 11 HOME + OHM 2024 + M365 (LUNA GREY),0199272961925,LAPTOP,LENOVO,TIDAK,1
5252,2601000083,NEW NB LENOVO IDEAPAD SLIM 3 14ARP10 83K6005NID RYZEN 7-7735HS 16GB 512GB 14″ WIN 11 HOME + OHM 2024 + M365 (COSMIC BLUE),,LAPTOP,LENOVO,TIDAK,0
5253,2601000082,NEW NB LENOVO IDEAPAD SLIM 3 14ARP10 83K6005MID RYZEN 7-7735HS 16GB 512GB 14″ WIN 11 HOME + OHM 2024 + M365 (LUNA GREY),0199272961932,LAPTOP,LENOVO,TIDAK,0
5254,2601000148,"NEW NB LENOVO V15 G5 IRL 83GW008PID i5-13420H 8GB 512GB 15.6"" IPS WIN 11 HOME + OHS 2024",,LAPTOP,LENOVO,TIDAK,0
5255,2601000094,NEW POWER SUPPLY GALAX OMEGA GL650S 650W 80+ BRONZE - NON MODULAR - BLACK,,PSU 650W,GALAX,TIDAK,0
5256,2601000141,NEW POWERBANK UGREEN 35524B 130W 20000MAH - GRAY,,POWERBANK,UGREEN,TIDAK,0
5257,2601000140,NEW POWERBANK UGREEN BUILT-IN CABLE 45762 22.5W 20000MAH - GRAY,,POWERBANK,UGREEN,TIDAK,2
5258,2601000144,NEW PRINTER BLUEPRINT BLUETOOTH THERMAL - ECO58D,,THERMAL PRINTER,BLUEPRINT,TIDAK,0
5259,2601000097,NEW PROCESSOR AMD RYZEN 7 7700 3.8GHz AM5 TRAY,,PROCESSOR RYZEN 7,AMD,TIDAK,2
5260,2601000128,NEW RAM LONGDIMM DDR5 TOROSUS HEATSINK RH53 16GB (1X16GB) 5600MHZ RGB BLACK,2601000128,LONGDIMM DDR5,TOROSUS,TIDAK,5
5261,2601000129,NEW RAM LONGDIMM DDR5 TOROSUS HEATSINK RH53 16GB (1X16GB) 5600MHZ RGB WHITE,6935515151753,LONGDIMM DDR5,TOROSUS,TIDAK,5
5262,2601000130,NEW RAM LONGDIMM DDR5 TOROSUS HEATSINK RH53 32GB (2x16GB) 5600MHZ RGB BLACK,2601000130,LONGDIMM DDR5,TOROSUS,TIDAK,6
5263,2601000212,NEW STEERING WHEEL FANTECH R2 - BLACK,6977052254870,STEERING WHEEL,FANTECH,TIDAK,1
5264,2601000147,NEW TABLET XIAOMI REDMI PAD 7 8/256GB GRAY,,,,TIDAK,0
5265,2601000146,NEW TINTA EPSON 008 MAGENTA,,TINTA,EPSON,TIDAK,11
5266,2601000131,NEW USB HUB UGREEN 25851 USB 3.0 5 IN 1 - BLACK,,USB HUB (DOCKING STATION),UGREEN,TIDAK,0
5267,2601000234,NEW VGA CARD ASROCK MHW EDITION RX 9070 XT 16GB GDDR6,4711581492417,VGA RX 9000,AMD,TIDAK,1
5268,2601000087,NEW VGA CARD GALAX EX 1-CLICK-OC RTX 3050 8GB GDDR6,,VGA RTX 3000,GALAX,TIDAK,0
5269,2601000088,NEW VGA CARD GALAX HOF GAMING RTX 5080 16GB GDDR7,,VGA RTX 5000,GALAX,TIDAK,0
5270,2601000235,NEW VGA CARD PNY EPIC-X TRIPLE FAN ARGB RTX 5060 8GB OC GDDR7,4718006459024,VGA RTX 5000,PNY,TIDAK,3
5271,2601000091,NEW VGA CARD POWERCOLOR HELLHOUND RX 9070 GRE 12GB GDDR6,4713436176008,VGA RX 9000,POWERCOLOR,TIDAK,1
5272,2601000089,NEW VGA CARD POWERCOLOR HELLHOUND RX 9060 XT 16GB OC GDDR6,4713436175964,VGA RX 9000,POWERCOLOR,TIDAK,4
5273,2601000104,NEW VGA CARD POWERCOLOR HELLHOUND SPECTRAL WHITE RX 9070 XT 16GB GDDR6,4713436175940,VGA RX 9000,POWERCOLOR,TIDAK,2
5274,2601000090,NEW VGA CARD POWERCOLOR REAPER RX 9070 16GB GDDR6,4713436175780,VGA RX 9000,POWERCOLOR,TIDAK,2
5275,2601000092,NEW VGA CARD POWERCOLOR REAPER RX 9070 GRE 12GB GDDR6,4713436176015,VGA RX 9000,POWERCOLOR,TIDAK,2
5276,2601000369,NEW ADAPTER DELL 20V-3.25A TYPE-C 65W OVAL ORIGINAL,,CHARGER LAPTOP,DELL,TIDAK,0
5277,2602000001,NEW ADAPTER LENOVO 20V-8.5A 170W USB PIN,,CHARGER LAPTOP,LENOVO,TIDAK,1
5278,2601000388,NEW ADAPTER SAMSUNG 14V 2.14AM 30W,,CHARGER LAPTOP,SAMSUNG,TIDAK,0
5279,2601000314,NEW ADAPTOR POE RUIGIE RG-POE-AT30,,,,TIDAK,0
5280,2601000240,NEW BATERAI ACER FOR SERVICE,,BATERAI LAPTOP,,TIDAK,0
5281,2601000329,NEW BATERAI ASUS C31N1905 ORIGINAL,,BATERAI LAPTOP,,TIDAK,0
5282,2601000328,NEW BATERAI ASUS C31N2019,,BATERAI LAPTOP,,TIDAK,0
5283,2601000241,NEW BATERAI DELL FOR SERVICE,,BATERAI LAPTOP,,TIDAK,1
5284,2602000005,NEW BATERAI LENOVO L20L2PFO ORIGINAL,,BATERAI LAPTOP,,TIDAK,0
5285,2601000312,NEW BATERAI MSI BTY-M6L ORIGINAL,,BATERAI LAPTOP,,TIDAK,0
5286,2601000371,NEW CARD READER VENTION USB EXTERNAL VAB-S17 - BLACK,6922794734579,CARD READER,VENTION,TIDAK,4
5287,2601000327,NEW CARTRIDGE HP LASER TONER 110A BLACK ORIGINAL,,CATRIDGE RIBBON,HP,TIDAK,2
5288,2601000249,NEW CASING COOLER MASTER ELITE 490 - mATX - BLACK,,CASING PC GAMING,COOLER MASTER,TIDAK,0
5289,2601000250,NEW CASING COOLER MASTER ELITE 490 - mATX - WHITE,,CASING PC GAMING,COOLER MASTER,TIDAK,0
5290,2601000357,NEW CASING GAMDIAS AURA GC1 ELITE BLACK ARGB - ATX,,CASING PC GAMING,GAMDIAS,TIDAK,0
5291,2601000342,NEW CASING GAMDIAS AURA GC1 ELITE WHITE ARGB - ATX,,CASING PC GAMING,GAMDIAS,TIDAK,0
5292,2601000343,NEW CASING GAMDIAS AURA GC9M ELITE ARGB - m-ATX,,CASING PC GAMING,GAMDIAS,TIDAK,0
5293,2601000360,NEW CASING NZXT H5 FLOW RGB 2024 WHITE - ATX,,CASING PC GAMING,NZXT,TIDAK,1
5294,2601000361,NEW CASING NZXT H7 FLOW 2024 - EATX - BLACK,,CASING PC GAMING,NZXT,TIDAK,0
5295,2601000362,NEW CASING NZXT H7 FLOW 2024 RGB WHITE - E-ATX,5056547205533,CASING PC GAMING,NZXT,TIDAK,1
5296,2601000324,NEW CASING THERMALTAKE THE TOWER 300 - mATX - BLACK,,CASING PC GAMING,THERMALTAKE,TIDAK,0
5297,2601000253,NEW COOLINGPAD COOLER MASTER NOTEPAL CMC3 BLACK,,COOLINGPAD,COOLER MASTER,TIDAK,0
5298,2601000359,NEW FAN ASUS ROG STRIX G531 G512LV G532 G532LWS G712LV G712LW 12V PAIR ORI,,SPAREPART LAPTOP,,TIDAK,0
5299,2601000349,NEW FAN CASING GAMDIAS AEOLUS P2-1201 1 IN 1 ARGB - BLACK,4712960138254,FAN CASING,GAMDIAS,TIDAK,2
5300,2601000350,NEW FAN CASING GAMDIAS NOTUS M1-1203 3 IN 1 ARGB - BLACK,,FAN CASING,GAMDIAS,TIDAK,1
5301,2601000367,NEW FAN CASING NZXT F420 RGB CORE 1 IN 1 - WHITE,,FAN CASING,NZXT,TIDAK,1
5302,2601000251,NEW FAN PROCESSOR THERMALRIGHT ASSASSIN X 120R DIGITAL ARGB - BLACK,,FAN PROCESSOR,THERMALRIGHT,TIDAK,0
5303,2601000252,NEW FAN PROCESSOR THERMALRIGHT ASSASSIN X 120R DIGITAL ARGB - WHITE,,FAN PROCESSOR,THERMALRIGHT,TIDAK,0
5304,2601000345,NEW FAN PROCESSOR GAMDIAS BOREAS E1-210 LITE NON-RGB - BLACK,4712960137509,FAN PROCESSOR,GAMDIAS,TIDAK,0
5305,2601000347,NEW FAN PROCESSOR GAMDIAS BOREAS M1-620 ARGB - BLACK,4711514503210,FAN PROCESSOR,GAMDIAS,TIDAK,1
5306,2601000346,NEW FAN PROCESSOR GAMDIAS BOREAS M2-51D ARGB - BLACK,4711514503111,FAN PROCESSOR,GAMDIAS,TIDAK,0
5307,2601000386,NEW HARDISK INTERNAL WESTERN DIGITAL 1TB SATA WD10EARZ WD BLUE,,HARDDISK INTERNAL,WD (WESTERN DIGITAL),TIDAK,8
5308,2601000246,NEW IPAD AIR 11 A16 MD3YPA/A 128GB WIFI SILVER,,,,TIDAK,0
5309,2602000012,NEW KABEL HDMI VENTION 8K AANBG 1.5M - BLACK,6922794743496,KABEL HDMI TO HDMI,VENTION,TIDAK,0
5310,2602000013,NEW KABEL HDMI VENTION 8K AANBI 3M - BLACK,6922794743519,KABEL HDMI TO HDMI,VENTION,TIDAK,0
5311,2602000014,NEW KABEL HDMI VENTION 8K AANBJ 5M - BLACK,6922794755147,KABEL HDMI TO HDMI,VENTION,TIDAK,3
5312,2602000011,NEW KABEL HDMI VENTION COTTON BRAIDED AABIG 1.5M - SILVER,6922794731103,KABEL HDMI TO HDMI,VENTION,TIDAK,0
5313,2602000015,NEW KABEL HDMI VENTION TYPE-C TO HDMI CGUBG 1.5M - BLACK,6922794742062,KABEL USB C TO HDMI,VENTION,TIDAK,4
5314,2602000016,NEW KABEL HDMI VENTION TYPE-C TO HDMI CGUBH 2M - BLACK,6922794742079,KABEL USB C TO HDMI,VENTION,TIDAK,3
5315,2602000010,NEW KABEL LAN VENTION CAT8 SFTP IKKBL 10M - BLACK,6922794780378,KABEL LAN CAT 8,VENTION,TIDAK,6
5316,2601000321,NEW KABEL LAN UGREEN CAT7 FTP 11269 2M - BLACK,,KABEL LAN CAT 7,UGREEN,TIDAK,1
5317,2601000372,NEW KABEL UTP CAT 6 - 20M,,KABEL LAN CAT 6,,TIDAK,0
5318,2601000292,NEW KEYBOARD AJAZZ AF98 3-MODE BLACK - MEMBRANE RAINBOW,6976412985690,KEYBOARD GAMING WIRELESS,AJAZZ,TIDAK,5
5319,2601000295,NEW KEYBOARD AJAZZ AF98 3-MODE BLACK GREY YELLOW - MEMBRANE RAINBOW,6976412985720,KEYBOARD GAMING WIRELESS,AJAZZ,TIDAK,3
5320,2601000294,NEW KEYBOARD AJAZZ AF98 3-MODE BLUE WHITE DARK BLUE - MEMBRANE RAINBOW,6976412985713,KEYBOARD GAMING WIRELESS,AJAZZ,TIDAK,3
5321,2601000293,NEW KEYBOARD AJAZZ AF98 3-MODE WHITE - MEMBRANE RAINBOW,6976412985706,KEYBOARD GAMING WIRELESS,AJAZZ,TIDAK,5
5322,2601000291,NEW KEYBOARD AJAZZ AF98PLUS 3-MODE BLACK GREY YELLOW - MEMBRANE RGB,6976412985676,KEYBOARD GAMING WIRELESS,AJAZZ,TIDAK,1
5323,2601000290,NEW KEYBOARD AJAZZ AF98PLUS 3-MODE BLACK SHARK RED - MEMBRANE RGB,6976412985669,KEYBOARD GAMING WIRELESS,AJAZZ,TIDAK,0
5324,2601000289,NEW KEYBOARD AJAZZ AF98PLUS 3-MODE BLUE WHITE DARKBLUE - MEMBRANE RGB,6976412985652,KEYBOARD GAMING WIRELESS,AJAZZ,TIDAK,2
5325,2601000325,NEW KEYBOARD AJAZZ AK680MAX 3-MODES (8+1K) BLACK GREY YELLOW MAGNETIC SWITCH RGB,6976412985003,KEYBOARD GAMING WIRELESS,AJAZZ,TIDAK,2
5326,2601000302,NEW KEYBOARD AJAZZ AK820 MAX 3-MODES GREY RICE ORANGE - FLYING FISH SWITCH RGB,6976412983702,KEYBOARD GAMING WIRELESS,AJAZZ,TIDAK,1
5327,2601000298,NEW KEYBOARD AJAZZ AK820 TS PRO 3-MODE BLACK GREY YELLOW - FLYING FISH SWITCH RGB,,KEYBOARD GAMING WIRELESS,AJAZZ,TIDAK,0
5328,2601000300,NEW KEYBOARD AJAZZ AK820 TS PRO 3-MODE BLACK GREY YELLOW - GIFT SWITCH RGB,,KEYBOARD GAMING WIRELESS,AJAZZ,TIDAK,0
5329,2601000299,NEW KEYBOARD AJAZZ AK820 TS PRO 3-MODE PURPLE WHITE BLUE - FLYING FISH SWITCH RGB,,KEYBOARD GAMING WIRELESS,AJAZZ,TIDAK,0
5330,2601000301,NEW KEYBOARD AJAZZ AK820 TS PRO 3-MODE PURPLE WHITE BLUE - GIFT SWITCH RGB,6976412980787,KEYBOARD GAMING WIRELESS,AJAZZ,TIDAK,1
5331,2601000296,NEW KEYBOARD AJAZZ AK820 WIRED GRAY WHITE - RED SWITCH,,KEYBOARD GAMING WIRED,AJAZZ,TIDAK,0
5332,2601000297,NEW KEYBOARD AJAZZ AK820 WIRED WHITE GRAY - YELLOW SWITCH,,KEYBOARD GAMING WIRED,AJAZZ,TIDAK,0
5333,2601000303,NEW KEYBOARD AJAZZ AK820MAX 3-MODES PURPLE WHITE BLUE - SEA SALT V2 SWITCH RGB SCREEN,6976412981753,KEYBOARD GAMING WIRELESS,AJAZZ,TIDAK,5
5334,2601000304,NEW KEYBOARD AJAZZ AK820MAX PLUS 3-MODES BLUE WHITE DARK BLUE - DAYDREAM SWITCH RGB,6976412984822,KEYBOARD GAMING WIRELESS,AJAZZ,TIDAK,0
5335,2601000305,NEW KEYBOARD AJAZZ AK820MAX PLUS SCREEN 3-MODES ORANGE WHITE THEME - AVOCADO SWITCH RGB,6976412984402,KEYBOARD GAMING WIRELESS,AJAZZ,TIDAK,2
5336,2601000306,NEW KEYBOARD AJAZZ AK820MAX PLUS SCREEN 3-MODES ORANGE WHITE THEME - SILENT MUTE SWITCH RGB,6976412984457,KEYBOARD GAMING WIRELESS,AJAZZ,TIDAK,1
5337,2601000307,NEW KEYBOARD AJAZZ AK820MAX ULTRA 3-MODES SPIDER WEB/BLACK - MAGNET/SOLDIER KING SWITCH RGB,6976412986147,KEYBOARD GAMING WIRELESS,AJAZZ,TIDAK,0
5338,2601000266,NEW KEYBOARD AJAZZ AK870 3-MODE STAR GREY - GIFT SWITCH,6976412981920,KEYBOARD GAMING WIRELESS,AJAZZ,TIDAK,1
5339,2601000267,NEW KEYBOARD AJAZZ AK870 COLLABORATION GAME 3-MODES LIGHT BLUE-WHITE PINK - MAILLARD SWITCH RGB,E6976412983214,KEYBOARD GAMING WIRELESS,AJAZZ,TIDAK,3
5340,2601000269,NEW KEYBOARD AJAZZ AK870 V2 3-MODE BLACK WHITE GREEN - DAYDREAM SWITCH RGB,,KEYBOARD GAMING WIRELESS,AJAZZ,TIDAK,0
5341,2601000270,NEW KEYBOARD AJAZZ AK870 V2 3-MODE SIDE ENGRAVING CONTOUR WHITE - MAILLARD SWITCH RGB,,KEYBOARD GAMING WIRELESS,AJAZZ,TIDAK,0
5342,2601000268,NEW KEYBOARD AJAZZ AK870 V2 3-MODE YELLOW WHITE - DAYDREAM SWITCH RGB,6976412986659,KEYBOARD GAMING WIRELESS,AJAZZ,TIDAK,3
5343,2601000271,NEW KEYBOARD AJAZZ AK870 V2 BLACK - RED SWITCH RAINBOW,6976412986895,KEYBOARD GAMING WIRELESS,AJAZZ,TIDAK,0
5344,2601000273,NEW KEYBOARD AJAZZ AK870 V2 BLUE WHITE DARK BLUE - FLYING FISH SWITCH RGB,,KEYBOARD GAMING WIRELESS,AJAZZ,TIDAK,0
5345,2601000272,NEW KEYBOARD AJAZZ AK870 V2 STARRY GRAY - FLYING FISH SWITCH RGB,6976412986901,KEYBOARD GAMING WIRELESS,AJAZZ,TIDAK,3
5346,2601000276,NEW KEYBOARD AJAZZ AK980 BLACK RED MIX COLOR LIGHT - RED SWITCH RGB,,KEYBOARD GAMING WIRELESS,AJAZZ,TIDAK,0
5347,2601000277,NEW KEYBOARD AJAZZ AK980 BLACK RED - RED SWITCH RGB NORTH FACING,6976412985805,KEYBOARD GAMING WIRELESS,AJAZZ,TIDAK,0
5348,2601000278,NEW KEYBOARD AJAZZ AK980 V2 3-MODE BLACK GREY YELLOW - GIFT SWITCH V2 RGB,6976412986604,KEYBOARD GAMING WIRELESS,AJAZZ,TIDAK,0
5349,2601000279,NEW KEYBOARD AJAZZ AK980 V2 3-MODE BLACKBERRY - GIFT SWITCH V2 RGB,,KEYBOARD GAMING WIRELESS,AJAZZ,TIDAK,0
5350,2601000281,NEW KEYBOARD AJAZZ AK980 V2 3-MODE BLACKBERRY - MAILLARD SWITCH V2 RGB,6976412986109,KEYBOARD GAMING WIRELESS,AJAZZ,TIDAK,0
5351,2601000280,NEW KEYBOARD AJAZZ AK980 V2 3-MODE BLUE WHITE DARK BLUE - MUTE SWITCH V2 RGB,,KEYBOARD GAMING WIRELESS,AJAZZ,TIDAK,0
5352,2601000264,NEW KEYBOARD AJAZZ AKP815 BLUE-WHITE ORANGE - BROWN SWITCH RGB,6976412981081,KEYBOARD GAMING WIRED,AJAZZ,TIDAK,2
5353,2601000265,NEW KEYBOARD AJAZZ AKP815 WHITE BLUE-ORANGE - RED SWITCH RGB,6976412981074,KEYBOARD GAMING WIRED,AJAZZ,TIDAK,2
5354,2601000263,NEW KEYBOARD AJAZZ ALICE AKS068 GREY CREAMY ORANGE - RED SWITCH RGB,,KEYBOARD GAMING WIRED,AJAZZ,TIDAK,1
5355,2601000262,NEW KEYBOARD AJAZZ ALICE AKS068 STARRY NIGHT - BROWN SWITCH RGB,6976412980688,KEYBOARD GAMING WIRED,AJAZZ,TIDAK,2
5356,2601000260,NEW KEYBOARD AJAZZ ALUX68MAX CONTOUR LINE NIGHT AND DAY MAGNETIC AQUARIUS SWITCH RGB,6976412985201,KEYBOARD GAMING WIRED,AJAZZ,TIDAK,0
5357,2601000261,NEW KEYBOARD AJAZZ ALUX68MAX CONTOUR LINE SNOW AND ROCK MAGNETIC AQUARIUS SWITCH RGB,6976412985218,KEYBOARD GAMING WIRED,AJAZZ,TIDAK,0
5358,2601000259,NEW KEYBOARD AJAZZ ALUX68MAX GRADUAL PINK SIDE PRINTED MAGNETIC AQUARIUS SWITCH RGB,,KEYBOARD GAMING WIRED,AJAZZ,TIDAK,0
5359,2601000286,NEW KEYBOARD AJAZZ NK61 WIRED BLACK - RED SWITCH RAINBOW,6976412987199,KEYBOARD GAMING WIRED,AJAZZ,TIDAK,4
5360,2601000285,NEW KEYBOARD AJAZZ NK61 WIRED WHITE - RED SWITCH RAINBOW,6976412987182,KEYBOARD GAMING WIRED,AJAZZ,TIDAK,8
5361,2601000284,NEW KEYBOARD AJAZZ NK68 WIRED BLACK CONTOUR LINE - RED SWITCH RAINBOW,,KEYBOARD GAMING WIRED,AJAZZ,TIDAK,0
5362,2601000283,NEW KEYBOARD AJAZZ NK68 WIRED CONTOUR LINE WHITE - RED SWITCH RAINBOW,,KEYBOARD GAMING WIRED,AJAZZ,TIDAK,0
5363,2601000282,NEW KEYBOARD AJAZZ NK68 WIRED WHITE - RED SWITCH RAINBOW,,KEYBOARD GAMING WIRED,AJAZZ,TIDAK,0
5364,2601000288,NEW KEYBOARD AJAZZ NKL61 WIRED BLACK ORANGE - LP RED SWITCH NO LIGHT,6976412987212,KEYBOARD GAMING WIRED,AJAZZ,TIDAK,5
5365,2601000287,NEW KEYBOARD AJAZZ NKL61 WIRED LOW PROFILE WHITE PURPLE - RED SWITCH RAINBOW,6976412987205,KEYBOARD GAMING WIRED,AJAZZ,TIDAK,5
5366,2601000274,NEW KEYBOARD AJAZZ QS87 3-MODE GREEN WHITE BLUE - FLAME RED SWITCH,,KEYBOARD GAMING WIRELESS,AJAZZ,TIDAK,0
5367,2601000275,NEW KEYBOARD AJAZZ QS87 3-MODE GREY WHITE - FLAME RED SWITCH,,KEYBOARD GAMING WIRELESS,AJAZZ,TIDAK,0
5368,2601000317,NEW KEYBOARD ASUS TUF GAMING F15-A15 FX506 BLACK,,SPAREPART LAPTOP,,TIDAK,0
5369,2601000311,NEW LCD CLEANER 3IN1,2601000311,CLEANER,,TIDAK,12
5370,2601000313,"NEW LED LAPTOP 14""0 SLIM 40PIN 144HZ FULL HD NO SCREW LM140LF1 F02 LM140M1JW49",,SPAREPART LAPTOP,,TIDAK,0
5371,2601000332,NEW LENOVO AIO IDEACENTRE 24 RYZEN 5 220 16GB 512GB  W11+OHS+M365 23.8FHD IPS CLOUD GREY-0AID,,PC AIO,,TIDAK,0
5372,2601000344,NEW LIQUID COOLER GAMDIAS AURA GL240 V2 ARGB - WHITE,,AIO LIQUID COOLER,GAMDIAS,TIDAK,0
5373,2601000348,NEW LIQUID COOLER GAMDIAS CHIONE E4-240 RGB - DIGITAL - WHITE,4712960139411,AIO LIQUID COOLER,GAMDIAS,TIDAK,1
5374,2601000254,NEW LIQUID COOLER COOLER MASTER MASTERLIQUID CORE NEX 240 ARGB - BLACK,,AIO LIQUID COOLER,COOLER MASTER,TIDAK,0
5375,2601000255,NEW LIQUID COOLER COOLER MASTER MASTERLIQUID CORE NEX 360 ARGB - BLACK,,AIO LIQUID COOLER,COOLER MASTER,TIDAK,0
5376,2601000365,NEW LIQUID COOLER NZXT KRAKEN PLUS 240 V2 ARGB - DIGITAL - BLACK,5056547205199,AIO LIQUID COOLER,NZXT,TIDAK,1
5377,2601000366,NEW LIQUID COOLER NZXT KRAKEN PLUS 360 V2 RGB - SCREEN - WHITE,5056547205267,AIO LIQUID COOLER,NZXT,TIDAK,1
5378,2601000247,NEW LIQUID COOLER THERMALRIGHT FROZEN MJOLNIR VISION 360 UB PRO ARGB - SCREEN - BLACK,,AIO LIQUID COOLER,THERMALRIGHT,TIDAK,0
5379,2601000248,NEW LIQUID COOLER THERMALRIGHT FROZEN MJOLNIR VISION 360 UB PRO ARGB - SCREEN - WHITE,,AIO LIQUID COOLER,THERMALRIGHT,TIDAK,0
5380,2601000310,NEW MAINTENANCE BOX FOR SERVICE PRINTER,,,,TIDAK,0
5381,2601000315,NEW MIKROTIK RB750Gr3,,,,TIDAK,0
5382,2602000029,"NEW MONITOR SKYWORTH F22B30F 22"" FLAT VA FHD 120Hz",,"MONITOR 22""",SKYWORTH,TIDAK,4
5383,2602000030,"NEW MONITOR SKYWORTH F24G41F 24"" FLAT IPS FHD 240HZ",,"MONITOR 24""",SKYWORTH,TIDAK,8
5384,2601000340,NEW MOTHERBOARD COLORFUL BATTLE-AX H610M-E WIFI V20 LGA1700 DDR4 - mATX,6970417599623,MOTHERBOARD,COLORFUL,TIDAK,4
5385,2601000341,NEW MOTHERBOARD COLORFUL H310M-F M.2 V20 LGA1151 DDR4 - mATX,6970417592341,MOTHERBOARD,COLORFUL,TIDAK,14
5386,2601000339,NEW MOTHERBOARD COLORFUL CVN B760I FROZEN WIFI D5 V20 LGA1700 - ITX,6937232402910,MOTHERBOARD,COLORFUL,TIDAK,3
5387,2601000338,NEW MOTHERBOARD COLORFUL CVN B760M FROZEN WIFI V20 LGA1700 DDR5 - mATX,6937232402484,MOTHERBOARD,COLORFUL,TIDAK,8
5388,2601000389,NEW MOTHERBOARD MSI PRO B760M-A WIFI LGA1700 DDR4 - mATX,4711377026383,MOTHERBOARD,MSI,TIDAK,0
5389,2601000326,NEW MOTHERBOARD SAPPHIRE NITRO+ B850A WIFI 7 AM5 DDR5 - ATX,4895106296930,MOTHERBOARD,SAPPHIRE,TIDAK,1
5390,2601000236,NEW MOTHERBOARD SAPPHIRE PURE B850M WIFI WHITE AM5 DDR5 - mATX,4895106296923,MOTHERBOARD,SAPPHIRE,TIDAK,2
5391,2601000322,NEW NAS UGREEN NASYNC DH2300 95998 2-BAY - BLACK,,DS (DISK STATION),UGREEN,TIDAK,0
5392,2601000323,NEW NAS UGREEN NASYNC DH4300 PLUS 85660 4-BAY - BLACK,6941876286607,DS (DISK STATION),UGREEN,TIDAK,0
5393,2601000308,NEW NB ACER ASPIRE LITE AL14 42P R2RJ RYZEN 3 5300U 8GB 512GB SSD 14″ WUXGA IPS WINDOWS 11 HOME + OHM 2024 + M365,,LAPTOP,ACER,TIDAK,0
5394,2601000333,NEW NB ACER ASPIRE LITE AL14-37P-C3B7 N150 8GB 256GB 14'' FULL HD W11 M365 2024 FRESH BLUE,,LAPTOP,ACER,TIDAK,0
5395,2602000002,NEW NB ASUS VIVOBOOK GO 14 E1404FA VIPS3853M RYZEN 3-7320U 8GB 512GB 14 FHD IPS WIN 11 HOME + OHM 2024 + M365 (COOL SILVER),4711636182188,LAPTOP,ASUS,TIDAK,2
5396,2602000003,"NEW NB ASUS VIVOBOOK GO 15 E1504FA VIPS5152M RYZEN 5-7520U 16GB 512GB 15.6"" FHD WIN 11 HOME + OHM 2024 + M365 (GREEN GREY)",4711387904602,LAPTOP,ASUS,TIDAK,0
5397,2601000354,NEW NB ASUS VIVOBOOK S14 S3407VA VIPS5111M INTEL ULTRA 5 210H 16GB 1TB 14″ WIN 11 HOME + OHM 2024 + M365 (MATTE GRAY),,LAPTOP,ASUS,TIDAK,1
5398,2601000355,NEW NB ASUS VIVOBOOK S14 S3407VA VIPS5112M INTEL ULTRA 5 210H 16GB 1TB 14″ WIN 11 HOME + OHM 2024 + M365 (COOL SILVER),,LAPTOP,ASUS,TIDAK,1
5399,2601000356,NEW NB ASUS ZENBOOK OLED 14 UM3406KA OLED7151M RYZEN AI 7 350 16GB 512GB 14″ W11 HOME + OH2024 + M365 (JADE BLACK),4711636190237,LAPTOP,ASUS,TIDAK,3
5400,2601000243,NEW NB AXIOO HYPE 3 G11 I3 1125G4 8GB 256GB DOS 14.0FHD IPS HDMI GREY,,LAPTOP,AXIOO,TIDAK,0
5401,2601000330,"NEW NB HP ELITEBOOK 635 AERO G11 B1NX7PT#AR6 RYZEN 5 8640U 16GB 512GB 13.3"" WUXGA WIN 11 PRO",,LAPTOP,HP,TIDAK,0
5402,2601000245,NEW NB LENOVO IDEAPAD SLIM 3 14IRH10 83K000BYID INTEL I5-13420H 8GB 512GB 14″ IPS WIN 11 HOME + OHM 2024 + M365 (COSMIC BLUE),,LAPTOP,LENOVO,TIDAK,0
5403,2601000242,NEW PC DESKTOP ACER TCX I5 14400 H610 8GB 512GB W11+OHS +LED 21.5,2601000242,PC BRANDED,ACER,TIDAK,0
5404,2601000393,NEW POWER SUPPLY ASUS PRIME AP-650B 650W 80+ BRONZE - NON MODULAR - BLACK,4711387635285,PSU 650W,ASUS,TIDAK,0
5405,2601000394,NEW POWER SUPPLY ASUS PRIME AP-750G 750W 80+ GOLD - FULL MODULAR - WHITE,4711387192962,PSU 750W,ASUS,TIDAK,0
5406,2601000351,NEW POWER SUPPLY GAMDIAS HELIOS M1-550B 550W 80+ BRONZE - NON MODULAR - BLACK,,PSU 550W,GAMDIAS,TIDAK,0
5407,2601000352,NEW POWER SUPPLY GAMDIAS HELIOS M2-750B 750W 80+ SILVER - NON MODULAR - BLACK,4711514501353,PSU 750W,GAMDIAS,TIDAK,1
5408,2601000353,NEW POWER SUPPLY GAMDIAS HELIOS P2-1000G 1000W 80+ GOLD - FULL MODULAR - BLACK,4711514500141,PSU 1000W,GAMDIAS,TIDAK,1
5409,2601000368,NEW POWER SUPPLY NZXT C1000 GOLD 2024 1000W 80+ GOLD - FULL MODULAR - BLACK,5056547204710,PSU 1000W,NZXT,TIDAK,1
5410,2601000364,NEW POWER SUPPLY NZXT C1000 GOLD 2024 1000W 80+ GOLD - FULL MODULAR - WHITE,,PSU 1000W,NZXT,TIDAK,0
5411,2601000363,NEW POWER SUPPLY NZXT C850 GOLD 2024 850W 80+ GOLD - FULL MODULAR - BLACK,5056547206417,PSU 850W,NZXT,TIDAK,1
5412,2601000319,NEW POWERBANK UGREEN 25185 30W 10000MAH - GRAY,,POWERBANK,UGREEN,TIDAK,0
5413,2601000318,NEW POWERBANK UGREEN MAGSAFE QI2 45763 30W 10000MAH - GRAY,6941876247639,POWERBANK,UGREEN,TIDAK,1
5414,2602000004,NEW PROCESSOR AMD RYZEN 7 9850X3D 4.7GHz AM5 TRAY,,PROCESSOR RYZEN 7,AMD,TIDAK,0
5415,2602000009,NEW RAM LONGDIMM DDR5 ADATA XPG LANCER BLADE 16GB (2X8GB) 5600MHZ BLACK,,LONGDIMM DDR5,ADATA,TIDAK,0
5416,2601000387,NEW RAM LONGDIMM DDR4 LEXAR 16GB (1x16GB) 3200MHZ CL22 - LD4U16G32C22ST-BGS,,LONGDIMM DDR4,LEXAR,TIDAK,0
5417,2602000007,NEW RAM LONGDIMM DDR3 VENOMRX 8GB (1X8GB) 1600MHZ,,LONGDIMM DDR3,VENOMRX,TIDAK,16
5418,2602000008,NEW RAM SODIMM DDR3 VENOMRX 8GB 1600MHZ LOW VOLTAGE,,SODIMM DDR3,VENOMRX,TIDAK,4
5419,2601000316,NEW RUIJIE RAP-2266 CEILING ACCESS POINT,,ACCESS POINT,RUIJIE,TIDAK,0
5420,2601000244,NEW SLEEVECASE AXIOO,,BACKPACK / TAS,AXIOO,TIDAK,0
5421,2601000238,NEW SSD NVME LEXAR NQ780 2TB GEN 4.0 - 2280,843367137015,NVME 2 TB,LEXAR,TIDAK,14
5422,2601000239,NEW SSD PORTABLE LEXAR SL600 1TB,843367131617,SSD EXTERNAL,LEXAR,TIDAK,8
5423,2601000373,NEW SSD PORTABLE MSI MAGNETIC DATAMAG 2TB - 20GBPS,,SSD EXTERNAL,MSI,TIDAK,0
5424,2601000374,NEW SSD PORTABLE MSI MAGNETIC DATAMAG 1TB - 40GBPS,,SSD EXTERNAL,MSI,TIDAK,0
5425,2601000375,NEW SSD PORTABLE MSI MAGNETIC DATAMAG 2TB - 40GBPS,,SSD EXTERNAL,MSI,TIDAK,0
5426,2601000358,"NEW SSD SATA SAMSUNG EVO 870 2.5"" 4TB",,SATA 4 TB,SAMSUNG,TIDAK,0
5427,2601000376,NEW SSD NVME MSI SPATIUM M560 1TB GEN 5.0 - 2280,,NVME 1 TB,MSI,TIDAK,0
5428,2601000377,NEW SSD NVME MSI SPATIUM M560 2TB GEN 5.0 - 2280,,NVME 2 TB,MSI,TIDAK,0
5429,2601000378,NEW SSD NVME MSI SPATIUM M371 1TB GEN 3.0 - 2280,,NVME 1 TB,MSI,TIDAK,0
5430,2601000379,NEW SSD NVME MSI SPATIUM M461 1TB GEN 4.0 - 2280,,NVME 1 TB,MSI,TIDAK,0
5431,2601000380,NEW SSD NVME MSI SPATIUM M461 2TB GEN 4.0 - 2280,,NVME 2 TB,MSI,TIDAK,0
5432,2601000370,NEW STAND HEADSET VENTION PREMIUM U-SHAPED KSOB0 - BLACK,6922794796140,HEADSET STAND,VENTION,TIDAK,0
5433,2601000331,NEW UPS APC BVG900I-GR 900VA 480 WATT,731304769552,UPS,APC,TIDAK,3
5434,2601000320,NEW USB HUB UGREEN TYPE-C 15852 6 IN 1 - BLACK,,USB HUB (DOCKING STATION),UGREEN,TIDAK,0
5435,2602000025,NEW WIFI ADAPTER VENTION AC650 DUAL BAND BLUETOOTH KDUB0 - BLACK,6922794784482,USB WIFI ADAPTER,VENTION,TIDAK,0
5436,2602000026,NEW KABEL LAN VENTION CAT5E UTP VAP-A10-S1000 10M - BLUE,6922794718845,KABEL LAN CAT 5,VENTION,TIDAK,14
5437,2602000022,NEW KONEKTOR RJ45 VENTION CAT6 FTP IDCR0 50 PACK - TRANSPARENT,6922794744189,KEPALA RJ45,VENTION,TIDAK,23
5438,2602000021,NEW KABEL LAN VENTION CAT6 UTP IBKBQ 20M - BLACK,6922794745841,KABEL LAN CAT 6,VENTION,TIDAK,0
5439,2602000023,NEW KABEL LAN VENTION CAT8 SFTP IKKBG 1.5M - BLACK,6922794780323,KABEL LAN CAT 8,VENTION,TIDAK,1
5440,2602000024,NEW KABEL LAN VENTION CAT8 SFTP IKKBN 15M - BLACK,6922794780392,KABEL LAN CAT 8,VENTION,TIDAK,2
5441,2602000019,NEW KABEL LAN VENTION CAT6 UTP IBKBG 1.5M - BLACK,6922794745773,KABEL LAN CAT 6,VENTION,TIDAK,1
5442,2602000017,NEW KABEL LAN VENTION CAT6 UTP IBEBN 15M - BLACK,6922794743557,KABEL LAN CAT 6,VENTION,TIDAK,12
5443,2602000018,NEW KABEL LAN VENTION CAT6 UTP IBEBT 30M - BLACK,6922794745070,KABEL LAN CAT 6,VENTION,TIDAK,1
5444,2602000020,NEW KABEL LAN VENTION CAT6 UTP IBKBI 3M - BLACK,6922794745797,KABEL LAN CAT 6,VENTION,TIDAK,1
5445,2602000027,NEW VENTION USB 2.0 A MALE TO B MALE PRINT CABLE 2M BLACK -  VAS-A16-B200,6922794717596,KABEL PRINTER,VENTION,TIDAK,10
5446,2602000028,NEW VENTION USB 2.0 A MALE TO B MALE PRINT CABLE 3M BLACK -  VAS-A16-B300,6922794717602,KABEL PRINTER,VENTION,TIDAK,6
5447,2601000390,NEW VGA CARD ASUS DUAL RX 9060 XT 8GB GDDR6,4711387994269,VGA RX 9000,ASUS,TIDAK,4
5448,2601000396,NEW VGA CARD ASUS PRIME RTX 5060 TI 8GB GDDR7,4711636014960,VGA RTX 5000,ASUS,TIDAK,1
5449,2601000392,NEW VGA CARD ASUS PRIME RX 9060 XT 16GB OC GDDR6,4711387994214,VGA RX 9000,ASUS,TIDAK,1
5450,2601000391,NEW VGA CARD ASUS PRIME RX 9060 XT 8GB OC GDDR6,4711387994184,VGA RX 9000,ASUS,TIDAK,3
5451,2601000395,NEW VGA CARD ASUS TUF RTX 5060 8GB OC GDDR7,4711636058179,VGA RTX 5000,ASUS,TIDAK,0
5452,2601000385,NEW VGA CARD COLORFUL NB EX BATTLE AX V2 RTX 5070 12GB GDDR7,6937232400497,VGA RTX 5000,COLORFUL,TIDAK,0
5453,2601000256,NEW VGA CARD COLORFUL NB EX BATTLE AX DUO RTX 5060 8GB GDDR7,,VGA RTX 5000,COLORFUL,TIDAK,0
5454,2601000397,NEW VGA CARD COLORFUL NB EX BATTLE AX RTX 5070 TI 16GB GDDR7,6937232400411,VGA RTX 5000,COLORFUL,TIDAK,1
5455,2601000334,NEW VGA CARD COLORFUL IGAME ULTRA W DUO V2 RTX 3050 8GB GDDR6,6970417598411,VGA RTX 3000,COLORFUL,TIDAK,0
5456,2601000335,NEW VGA CARD COLORFUL IGAME ULTRA W DUO RTX 5050 8GB OC GDDR6,6937232401500,VGA RTX 5000,COLORFUL,TIDAK,0
5457,2601000337,NEW VGA CARD COLORFUL IGAME GAMING DUO RTX 5060 TI 16GB GDDR7,6937232403542,VGA RTX 5000,COLORFUL,TIDAK,1
5458,2601000336,NEW VGA CARD COLORFUL IGAME ULTRA W DUO RTX 5060 TI 16GB OC GDDR7,6937232400695,VGA RTX 5000,COLORFUL,TIDAK,1
5459,2601000384,NEW VGA CARD COLORFUL IGAME ULTRA W OC RTX 5070 12GB OC GDDR7,6937232400473,VGA RTX 5000,COLORFUL,TIDAK,0
5460,2601000383,NEW VGA CARD COLORFUL IGAME VULCAN OC RTX 5070 12GB OC GDDR7,6937232400459,VGA RTX 5000,COLORFUL,TIDAK,0
5461,2601000398,NEW VGA CARD COLORFUL IGAME ULTRA W RTX 5070 TI 16GB OC GDDR7,6937232400442,VGA RTX 5000,COLORFUL,TIDAK,0
5462,2601000382,NEW VGA CARD COLORFUL IGAME ULTRA W OC RTX 5080 16GB OC GDDR7,6937232400336,VGA RTX 5000,COLORFUL,TIDAK,0
5463,2601000381,NEW VGA CARD COLORFUL IGAME VULCAN RTX 5080 16GB OC GDDR7,6937232400305,VGA RTX 5000,COLORFUL,TIDAK,0
5464,2601000257,NEW VGA CARD COLORFUL iGAME GEFORCE RTX5060 ULTRA W DUO OC 8GB-V,,VGA RTX 5000,COLORFUL,TIDAK,0
5465,2601000258,NEW VGA CARD COLORFUL iGAME ULTRA W RTX 5060 8GB OC GDDR7,,VGA RTX 5000,COLORFUL,TIDAK,0
5466,2602000006,NEW VGA CARD PNY DUAL FAN RTX 5060 TI 16GB OC GDDR7,,VGA RTX 5000,PNY,TIDAK,0
5467,2601000237,NEW VGA CARD SAPPHIRE PULSE RX 9060 XT 16GB GDDR6,4895106296381,VGA RX 9000,SAPPHIRE,TIDAK,2
5468,2601000309,NEW VGA CARD ZOTAC TWIN EDGE BLACK RTX 3050 8GB OC GDDR6,,VGA RTX 3000,ZOTAC,TIDAK,0
5469,2602000129,NEW CCTV EZVIZ H8C 2MP,,CCTV,EZVIZ,TIDAK,0
5470,2602000131,NEW FAN CASING OCYPUS GAMMA F12 SINGLE NON-RGB - BLACK,6977414880389,FAN CASING,OCYPUS,TIDAK,2
5471,2602000133,NEW FAN CASING OCYPUS GAMMA F12 ELITE SINGLE ARGB - BLACK,,FAN CASING,OCYPUS,TIDAK,1
5472,2602000135,NEW FAN CASING OCYPUS GAMMA F12 ELITE SINGLE ARGB REVERSE - BLACK,,FAN CASING,OCYPUS,TIDAK,0
5473,2602000134,NEW FAN CASING OCYPUS GAMMA F12 ELITE SINGLE ARGB - WHITE,6977414881621,FAN CASING,OCYPUS,TIDAK,12
5474,2602000136,NEW FAN CASING OCYPUS GAMMA F12 ELITE SINGLE ARGB REVERSE - WHITE,6977414881669,FAN CASING,OCYPUS,TIDAK,37
5475,2602000132,NEW FAN CASING OCYPUS GAMMA F12 SINGLE NON-ARGB - WHITE,6977414880396,FAN CASING,OCYPUS,TIDAK,32
5476,2602000143,NEW FAN PROCESSOR OCYPUS DELTA A62 EX DIGITAL ARGB - BLACK,,FAN PROCESSOR,OCYPUS,TIDAK,0
5477,2602000139,NEW FAN PROCESSOR OCYPUS DELTA EX DIGITAL ARGB - BLACK,,FAN PROCESSOR,OCYPUS,TIDAK,0
5478,2602000140,NEW FAN PROCESSOR OCYPUS DELTA EX DIGITAL ARGB - WHITE,,FAN PROCESSOR,OCYPUS,TIDAK,0
5479,2602000141,NEW FAN PROCESSOR OCYPUS GAMMA A40 DIGITAL ARGB - BLACK,,FAN PROCESSOR,OCYPUS,TIDAK,0
5480,2602000142,NEW FAN PROCESSOR OCYPUS GAMMA A40 DIGITAL ARGB - WHITE,,FAN PROCESSOR,OCYPUS,TIDAK,1
5481,2602000137,NEW FAN PROCESSOR OCYPUS IOTA A40 DUAL NON-RGB - BLACK,,FAN PROCESSOR,OCYPUS,TIDAK,0
5482,2602000138,NEW FAN PROCESSOR OCYPUS IOTA A40 DUAL NON-RGB - WHITE,,FAN PROCESSOR,OCYPUS,TIDAK,0
5483,2602000130,NEW MICROSD CARD 64GB,,MICRO SD,,TIDAK,0
5484,2602000123,NEW PC RAKITAN SERVER PNY,,,,TIDAK,0
5485,2602000122,NEW PC RAKITAN SERVER ZOTAC,,,,TIDAK,0
5486,2602000125,NEW RAM LONGDIMM DDR3 VENOMRX 4GB (1X4GB) 1600MHZ,2602000125,LONGDIMM DDR3,VENOMRX,TIDAK,20
5487,2602000097,NEW GAMEPAD REXUS DAXA ASTERIA AX1 2-CONNECTION - MINT WHITE,,GAMEPAD,REXUS,TIDAK,0
5488,2602000113,NEW ADAPTER KIT NIX TRAVEL 7in1 RETRACTABE CABLE,,TRAVEL ADAPTER,NIX,TIDAK,0
5489,2602000098,NEW DOCKING GAMEPAD REXUS FOR GX500 - NAVY,,DOCKING CHARGER,REXUS,TIDAK,0
5490,2602000099,NEW DOCKING GAMEPAD REXUS FOR GX500 - WHITE,,DOCKING CHARGER,REXUS,TIDAK,0
5491,2602000037,NEW EARBUDS SONY LINKBUDS FIT BLACK - WF-LS910N BLACK,,EARPHONE,SONY,TIDAK,0
5492,2602000036,NEW EARBUDS SONY LINKBUDS S TWS NOISE CANCELING BLACK - WF-LS900N BLACK,,EARPHONE,SONY,TIDAK,0
5493,2602000039,NEW EARBUDS SONY WF-1000XM5 TWS NOISE CANCELLING BLACK - WF1000XM5 BLACK,,EARPHONE,SONY,TIDAK,0
5494,2602000040,NEW EARBUDS SONY WF-1000XM5 TWS NOISE CANCELLING SILVER - WF1000XM5 SILVER,,EARPHONE,SONY,TIDAK,0
5495,2602000114,NEW EARPHONE NIX CLARUS BONE CONDUCTION TOW-001 IPX8 WATERPROOF - BLACK,,EARPHONE,NIX,TIDAK,0
5496,2602000061,NEW EARPHONE REXUS EZ4 3.5mm - BLACK,,EARPHONE,REXUS,TIDAK,0
5497,2602000062,NEW EARPHONE REXUS EZ4 3.5mm - GREY,,EARPHONE,REXUS,TIDAK,1
5498,2602000063,NEW EARPHONE REXUS EZ4 3.5mm - WHITE,,EARPHONE,REXUS,TIDAK,0
5499,2602000060,NEW EARPHONE REXUS ME8 3.5mm - RED,6991009321057,EARPHONE,REXUS,TIDAK,2
5500,2602000032,NEW EARPHONE SONY IER-EX15C/BZE USB C - BLACK,,EARPHONE,SONY,TIDAK,0
5501,2602000041,NEW EARPHONE SONY WF-G700N INZONE BUDS GAMING BLACK - WF-G700N BLACK,,EARPHONE,SONY,TIDAK,0
5502,2602000042,NEW EARPHONE SONY WF-G700N INZONE BUDS GAMING WHITE - WF-G700N WHITE,,EARPHONE,SONY,TIDAK,0
5503,2602000117,NEW FAN PROCESSOR DEEPCOOL AG400 PLUS ARGB - BLACK,,FAN PROCESSOR,DEEPCOOL,TIDAK,0
5504,2602000058,NEW HEADSET REXUS DAXA GAEA TS2 3-CONNECTION - BLACK,6991007437019,HEADSET GAMING WIRELESS,REXUS,TIDAK,0
5505,2602000059,NEW HEADSET REXUS DAXA GAEA TS2 3-CONNECTION - WHITE,,HEADSET GAMING WIRELESS,REXUS,TIDAK,2
5506,2602000056,NEW HEADSET REXUS S9 PRO WITH ANC BLUETOOTH 5.3 CONNECTION - BLACK,,HEADSET OFFICE WIRELESS,REXUS,TIDAK,0
5507,2602000057,NEW HEADSET REXUS S9 PRO WITH ANC BLUETOOTH 5.3 CONNECTION - WHITE,,HEADSET OFFICE WIRELESS,REXUS,TIDAK,0
5508,2602000043,NEW HEADSET SONY NOISE CANCELLING NIRKABEL - WH1000XM5 SILVER,,HEADSET OFFICE WIRELESS,SONY,TIDAK,1
5509,2602000033,NEW HEADSET SONY WH CH520 WIRELESS HEADPHONES - CREAM,,HEADSET OFFICE WIRELESS,SONY,TIDAK,3
5510,2602000034,NEW HEADSET SONY WH CH520 WIRELESS HEADPHONES - PINK,,HEADSET OFFICE WIRELESS,SONY,TIDAK,0
5511,2602000035,NEW HEADSET SONY WH CH720N WIRELESS HEADPHONES - PINK,,HEADSET OFFICE WIRELESS,SONY,TIDAK,0
5512,2602000044,NEW HEADSET SONY WH-ULT900 N ULT WEAR - GREY,,HEADSET OFFICE WIRELESS,SONY,TIDAK,0
5513,2602000038,NEW HEADSET SONY WL-OE610 FLOAT RUN OPEN EAR BLACK - WI-OE610 BLACK,,HEADSET OFFICE WIRELESS,SONY,TIDAK,1
5514,2602000120,NEW KABEL LAN UTP CAT6 WITH RJ45,,KABEL LAN CAT 6,,TIDAK,0
5515,2602000078,NEW REXUS SET COMBO AYAKA SERIES KG7 2IN1 FUKENRO - BLUE SWITCH,,KEYBOARD GAMING WIRED,REXUS,TIDAK,5
5516,2602000079,NEW REXUS SET COMBO AYAKA SERIES KG7 2IN1 FUKENRO - RED SWITCH,,KEYBOARD GAMING WIRED,REXUS,TIDAK,4
5517,2602000084,NEW REXUS SET COMBO AYAKA SERIES KG10 2IN1 KISHA - BLUE SWITCH,,KEYBOARD GAMING WIRED,REXUS,TIDAK,5
5518,2602000085,NEW REXUS SET COMBO AYAKA SERIES KG10 2IN1 KISHA - RED SWITCH,,KEYBOARD GAMING WIRED,REXUS,TIDAK,5
5519,2602000082,NEW REXUS SET COMBO AYAKA SERIES KG9 2IN1 SHORAI - BLUE SWITCH,,KEYBOARD GAMING WIRED,REXUS,TIDAK,4
5520,2602000083,NEW REXUS SET COMBO AYAKA SERIES KG9 2IN1 SHORAI - RED SWITCH,,KEYBOARD GAMING WIRED,REXUS,TIDAK,3
5521,2602000080,NEW REXUS SET COMBO AYAKA SERIES KG8 2IN1 YUKO - BLUE SWITCH,6991011389991,KEYBOARD GAMING WIRED,REXUS,TIDAK,5
5522,2602000081,NEW REXUS SET COMBO AYAKA SERIES KG8 2IN1 YUKO - RED SWITCH,6991011391994,KEYBOARD GAMING WIRED,REXUS,TIDAK,2
5523,2602000068,NEW REXUS SET COMBO KM11 2IN1 ARTIC MOUNTAIN,,OFFICE COMBO WIRELESS,REXUS,TIDAK,2
5524,2602000069,NEW REXUS SET COMBO KM11 2IN1 BLUE LAGOON,,OFFICE COMBO WIRELESS,REXUS,TIDAK,2
5525,2602000070,NEW REXUS SET COMBO KM11 2IN1 LAVENDER MIST,,OFFICE COMBO WIRELESS,REXUS,TIDAK,2
5526,2602000071,NEW REXUS SET COMBO KM11 2IN1 OCEAN SUNSET,,OFFICE COMBO WIRELESS,REXUS,TIDAK,1
5527,2602000072,NEW REXUS SET COMBO KM11 2IN1 PEACH BLOSSOM,,OFFICE COMBO WIRELESS,REXUS,TIDAK,1
5528,2602000088,NEW REXUS SET COMBO VR4 3IN1 BLACK,6991011439016,GAMING COMBO WIRED,REXUS,TIDAK,3
5529,2602000087,NEW REXUS SET COMBO WARFACTION VR1 V2 BLACK,6991011469013,GAMING COMBO WIRED,REXUS,TIDAK,8
5530,2602000066,NEW KEYBOARD REXUS ERCHO KL280 BLACK,,KEYBOARD OFFICE WIRELESS,REXUS,TIDAK,5
5531,2602000067,NEW KEYBOARD REXUS ERCHO KL280 WHITE,,KEYBOARD OFFICE WIRELESS,REXUS,TIDAK,5
5532,2602000073,NEW KEYBOARD REXUS BATTLEFIRE K9L BLACK - MEMBRANE,,KEYBOARD GAMING WIRED,REXUS,TIDAK,9
5533,2602000074,NEW KEYBOARD REXUS BATTLEFIRE K9L GREY - MEMBRANE,,KEYBOARD GAMING WIRED,REXUS,TIDAK,0
5534,2602000076,NEW KEYBOARD REXUS BATTLEFIRE K9E CREAM BROWN V2 - MECHANICAL,,KEYBOARD GAMING WIRED,REXUS,TIDAK,1
5535,2602000075,NEW KEYBOARD BATTLEFIRE REXUS K9E GREY WHITE V2 - MECHANICAL,,KEYBOARD GAMING WIRED,REXUS,TIDAK,0
5536,2602000077,NEW KEYBOARD REXUS BATTLEFIRE K9E WHITE GREY V2 - MECHANICAL,,KEYBOARD GAMING WIRED,REXUS,TIDAK,2
5537,2602000064,NEW KEYBOARD REXUS KL200 BLACK,,KEYBOARD OFFICE WIRELESS,REXUS,TIDAK,0
5538,2602000065,NEW KEYBOARD REXUS KL200 WHITE,,KEYBOARD OFFICE WIRELESS,REXUS,TIDAK,0
5539,2602000086,NEW KEYBOARD REXUS x ATTACK OF TITAN (AOT) AETHER A65 - WHITE SWITCH,,KEYBOARD GAMING WIRELESS,REXUS,TIDAK,1
5540,2602000103,NEW KURSI ERGONOMIC REXUS NC5 MAX FOOTREST - LIGHT GREY,,KURSI OFFICE,REXUS,TIDAK,0
5541,2602000100,NEW KURSI GAMING REXUS RGC-101 - BLUE,,KURSI GAMING,REXUS,TIDAK,0
5542,2602000101,NEW KURSI GAMING REXUS RGC-101 - WHITE,6994001174027,KURSI GAMING,REXUS,TIDAK,3
5543,2602000102,NEW KURSI GAMING REXUS RGC-103 RGB - BLACK,8994067281309,KURSI GAMING,REXUS,TIDAK,3
5544,2602000109,NEW MICROPHONE REXUS XORA II - BLACK,,MICROPHONE,REXUS,TIDAK,0
5545,2602000110,NEW MICROPHONE REXUS XORA II - WHITE,,MICROPHONE,REXUS,TIDAK,0
5546,2602000111,NEW MICROPHONE STAND REXUS BOOM ARM BA100,,MICROPHONE STAND,REXUS,TIDAK,1
5547,2602000112,NEW MOUSE NIX PRISMIC OME-119 PIXSAR 3212 - WHITE,6990201158027,MOUSE OFFICE WIRELESS,NIX,TIDAK,4
5548,2602000054,NEW MOUSE REXUS ATTACK OF TITAN (AOT) 12000DPI - BLACK,,MOUSE GAMING WIRELESS,REXUS,TIDAK,0
5549,2602000055,NEW MOUSE REXUS ATTACK OF TITAN (AOT) 12000DPI - WHITE,,MOUSE GAMING WIRELESS,REXUS,TIDAK,0
5550,2602000046,NEW MOUSE REXUS XIERRA G15 6400DPI - BLACK,6991001435011,MOUSE GAMING WIRED,REXUS,TIDAK,7
5551,2602000047,NEW MOUSE REXUS XIERRA G15 6400DPI - WHITE,5991408436025,MOUSE GAMING WIRED,REXUS,TIDAK,9
5552,2602000052,NEW MOUSE REXUS x MARVEL RIVA RX-120 12000DPI - CAPTAIN AMERICA,,MOUSE GAMING WIRELESS,REXUS,TIDAK,2
5553,2602000050,NEW MOUSE REXUS x MARVEL RIVA RX-120 12000DPI - IRON MAN,,MOUSE GAMING WIRELESS,REXUS,TIDAK,1
5554,2602000053,NEW MOUSE REXUS x MARVEL RIVA RX-120 12000DPI - SPIDERMAN BLACK,6991002410987,MOUSE GAMING WIRELESS,REXUS,TIDAK,2
5555,2602000051,NEW MOUSE REXUS x MARVEL RIVA RX-120 12000DPI - SPIDERMAN RED,6991002409981,MOUSE GAMING WIRELESS,REXUS,TIDAK,2
5556,2602000048,NEW MOUSE REXUS CLIFF QV-270 1600DPI - BLACK,6992001240018,MOUSE OFFICE WIRELESS,REXUS,TIDAK,2
5557,2602000049,NEW MOUSE REXUS CLIFF QV-270 1600DPI - WHITE,6992001241022,MOUSE OFFICE WIRELESS,REXUS,TIDAK,1
5558,2602000090,NEW MOUSEPAD REXUS x DAXA MARVEL (800x400mm) - CAPTAIN AMERICA MM-50,6991016374985,DESKMAT GAMING,REXUS,TIDAK,10
5559,2602000089,NEW MOUSEPAD REXUS x DAXA MARVEL (800x400mm) - IRON MAN MM-51,6991016375982,DESKMAT GAMING,REXUS,TIDAK,7
5560,2602000091,NEW MOUSEPAD REXUS x DAXA MARVEL (800x400mm) - SPIDERMAN MM-52,6991016376989,DESKMAT GAMING,REXUS,TIDAK,9
5561,2602000092,NEW MOUSEPAD REXUS KVLAR T1 (800x300mm) - KVLAR,,DESKMAT GAMING,REXUS,TIDAK,0
5562,2602000093,NEW MOUSEPAD REXUS KVLAR T5 (640x210mm) - KVLAR BLACK,6991016359012,DESKMAT GAMING,REXUS,TIDAK,15
5563,2602000096,NEW MOUSEPAD REXUS x ATTACK OF TITAN RX-MP52 (800x400mm) - SR INSIGNIA,6991016420996,DESKMAT GAMING,REXUS,TIDAK,1
5564,2602000094,NEW MOUSEPAD REXUS x ATTACK OF TITAN RX-MP50 (800x400MM) - TRIO SCOUT,6991016418993,DESKMAT GAMING,REXUS,TIDAK,1
5565,2602000095,NEW MOUSEPAD REXUS x ATTACK OF TITAN RX-MP51 (800x400mm)  - TRIO TITTAN,6991016419990,DESKMAT GAMING,REXUS,TIDAK,2
5566,2602000126,NEW NB ASUS VIVOBOOK 14 M1405YA VIPS5151M RYZEN 5-7430U 16GB 512GB SSD 14″ WUXGA WIN 11 HOME + OHM 2024 + M365,,LAPTOP,ASUS,TIDAK,0
5567,2602000127,NEW NB AXIOO HYPE 3 G11 I3 1125G4 8GB 256GB DOS 14.0FHD IPS HDMI BLUE,,LAPTOP,AXIOO,TIDAK,0
5568,2602000121,NEW NB HP 14 EP1155TU INTEL CORE 5 120U 16GB 512GB 14″ FHD WIN 11 HOME + OHM 2024 + M365 (SILVER),,LAPTOP,HP,TIDAK,0
5569,2602000031,NEW NB LENOVO LOQ ESSENTIAL 15IAX9E 83LK00EHID INTEL I5-12450HX 16GB 512GB RTX3050 6GB 15.6″ FHD WIN 11 HOME + OHM 2024 + M365 (LUNA GREY),,LAPTOP,LENOVO,TIDAK,3
5570,2602000115,NEW NIX LUCENT AMBIENT DESK LAMP HLA-001 BLACK,,DESK LAMP,NIX,TIDAK,1
5571,2602000116,NEW NIX LUCENT AMBIENT DESK LAMP HLA-002 BLACK,,DESK LAMP,NIX,TIDAK,1
5572,2602000128,"NEW PC LENOVO AIO V50A-22IMB-9VID-3YW + KYD	Intel®️ Core™️ i5-10400T	1TB + 256 SSD 8GB W10 21.5""",,PC AIO,LENOVO,YA,0
5573,2602000118,NEW POWER SUPPLY ADATA XPG KYBER II 850W 80+ GOLD - FULL MODULAR - BLACK,,PSU 850W,ADATA,TIDAK,0
5574,2602000045,NEW SPEAKER SONY ULT WIRELESS PORTABLE SPEAKER - SRS-ULT10 GREY,,SPEAKER BLUETOOTH,SONY,TIDAK,0
5575,2602000104,NEW STAND REXUS TETRA FP08 - GREY,6992008261047,NOTEBOOK STAND,REXUS,TIDAK,11
5576,2602000105,NEW STAND REXUS TETRA PRO FP10 - GREY,6992008263041,NOTEBOOK STAND,REXUS,TIDAK,5
5577,2602000106,NEW TP-LINK ARCHER AX53 AX3000 DUAL-BAND - ROUTER,,ROUTER,TP LINK,TIDAK,2
5578,2602000119,NEW USB BOARD LENOVO IDEAPAD 3,,SPAREPART LAPTOP,,TIDAK,0
5579,2602000107,NEW USB HUB REXUS RXH-318 3in1 - BLACK,,USB HUB (DOCKING STATION),REXUS,TIDAK,3
5580,2602000108,NEW USB HUB REXUS RXH-318 3in1 - WHITE,,USB HUB (DOCKING STATION),REXUS,TIDAK,5
5581,2602000124,NEW VGA CARD VENOMRX RX 590 8GB DDR5,,VGA RX 500,VENOMRX,TIDAK,0
5582,2602000158,NEW 1 SET PC OFFICE I7 4790,,,,TIDAK,0
5583,2602000145,NEW CASING OCYPUS GAMMA C50 (4X 120MM ARGB FANS) WHITE 1Y - mATX,,CASING PC GAMING,OCYPUS,TIDAK,0
5584,2602000144,NEW FAN PROCESSOR OCYPUS DELTA A62 EX DIGITAL ARGB - WHITE,,FAN PROCESSOR,OCYPUS,TIDAK,0
5585,2602000156,NEW MICROPHONE RAZER SEIREN V3 MINI - WHITE,,MICROPHONE,RAZER,TIDAK,0
5586,2602000147,"NEW MONITOR BENQ GW2491 23.8"" FLAT IPS FHD 100HZ",,"MONITOR 24""",BENQ,TIDAK,0
5587,2602000148,NEW NB ASUS ZENBOOK 14 UM3406GA OLED7111M RYZEN AI 7 445 16GB 1TB 14″ WIN 11 HOME + OHM 2024 + M365 (JADE BLACK),4711636398749,LAPTOP,ASUS,TIDAK,3
5588,2602000149,"NEW NB AXIOO MYBOOK HYPE 7 X8-1 RYZEN 7-6800H 16GB 512GB 14"" FHD IPS WIN 11 HOME (GREY)",2602000149,LAPTOP,AXIOO,TIDAK,3
5589,2602000161,"NEW NB COLORFUL EVOL P15 23 HE55D-B INTEL I5-12450H 16GB 512GB RTX4050 6GB 15.6"" FHD WIN 11 HOME (STEEL BLUE)",,LAPTOP,COLORFUL,TIDAK,0
5590,2602000160,"NEW NB COLORFUL EVOL P15 23 HE55D-W INTEL I5-12450H 16GB 512GB RTX4050 6GB 15.6"" FHD WIN 11 HOME (WHITE)",,LAPTOP,COLORFUL,TIDAK,0
5591,2602000163,"NEW NB COLORFUL EVOL X15 XS-HD5501-G INTEL CORE I5-12450H 16GB 512GB RTX3050 4GB 15.6"" FHD 144HZ WIN 11 HOME",,LAPTOP,COLORFUL,TIDAK,0
5592,2602000162,NEW NB COLORFUL RIMBOOK S1 CA300-G INTEL CORE I3-1220P 16GB 512GB 14″ FHD WIN 11 HOME + WPS OFFICE,,LAPTOP,COLORFUL,TIDAK,0
5593,2602000150,NEW NB LENOVO IDEAPAD SLIM 5 13ARP10 83J2003VID RYZEN 7-7735HS 16GB 512GB 13.3″ IPS WIN 11 HOME + OHM 2024 + M365 (CLOUD GREY),,LAPTOP,LENOVO,TIDAK,0
5594,2602000146,NEW OCYPUS ARGB CONVERTER TO MOLEX CABLE,,,OCYPUS,TIDAK,0
5595,2602000159,"NEW PC AIO LENOVO V50A-22IMB-9VID INTEL CORE i5-10400T 8GB 256 SSD + 1TB HDD 21.5"" W10 3YPC",,PC AIO,LENOVO,TIDAK,0
5596,2602000157,NEW PROCESSOR INTEL ULTRA 5 245KF 4.2GHz LGA1851 BOX,5032037282109,PROCESSOR INTEL ULTRA 5,INTEL,TIDAK,1
5597,2602000155,NEW SPEAKER JBL CLIP 4 BLACK,6925281979279,SPEAKER BLUETOOTH,JBL,TIDAK,1
5598,2602000152,NEW SPEAKER JBL CLIP 4 BLUE,,SPEAKER BLUETOOTH,JBL,TIDAK,1
5599,2602000151,NEW SPEAKER JBL CLIP 4 BLUE PINK,6925281979309,SPEAKER BLUETOOTH,JBL,TIDAK,1
5600,2602000153,NEW SPEAKER JBL CLIP 4 RED,6925281979316,SPEAKER BLUETOOTH,JBL,TIDAK,1
5601,2602000154,NEW SPEAKER JBL CLIP 4 WHITE,6925281979385,SPEAKER BLUETOOTH,JBL,TIDAK,1
5602,2602000164,NEW VGA CARD PNY XLR8 VERTO RTX 4070 SUPER 12GB GDDR6,4718006456740,VGA RTX 4000,PNY,TIDAK,0
5603,2603000008,1 SET PC OFFICE,,,,TIDAK,0
5604,2602000229,NEW ACER AS14 2 IC POWER,,,,TIDAK,0
5605,2603000004,NEW ADAPTER ACER 19V-3.42A 65W 5.5*1.77MM WITH LIGHT,,,,TIDAK,0
5606,2602000231,NEW ADAPTER ACER 19V-3.42A 65W DC PORT 5.5-1.7mm YELLOW PIN,,,,TIDAK,0
5607,2602000190,NEW ADAPTER AUKEY PA-TA04 30W BLACK - AK PA-TA04 BK,,CHARGER HANDPHONE,AUKEY,TIDAK,0
5608,2602000191,NEW ADAPTER AUKEY PA-TA07A TRAVEL ADAPTER 35W GREY - AK PA-TA07A GY,689323787586,CHARGER HANDPHONE,AUKEY,TIDAK,2
5609,2602000192,NEW ADAPTER AUKEY PA-TA08A TRAVEL ADAPTER 65W GREY - AK PA-TA08A GY,689323787593,CHARGER HANDPHONE,AUKEY,TIDAK,3
5610,2603000005,NEW ADAPTER DELL 19.5V-3.34A-65W-4.5*3.0MM WITH LIGHT,,,,TIDAK,0
5611,2603000001,NEW ADAPTER HP 19V-4.7A 90W DC PORT 7.4*5.0mm,,,,TIDAK,0
5612,2602000224,NEW ADAPTOR ASUS 20V-10A-200W-6.0*3.7MM ORI BOX,,,,TIDAK,0
5613,2602000241,NEW BATERAI HP SP04XL ORIGINAL,,,,TIDAK,0
5614,2603000018,NEW BRACKET PROJECTOR MINI WHITE (KOTAK BOX  PUTIH),,,,TIDAK,0
5615,2603000014,NEW CANON LENSA RF-S10-18mm F/4.5-6.3 IS STM,,,,TIDAK,0
5616,2602000234,NEW CASING DEEPCOOL CH160 PLUS BLACK - m-ATX,,CASING PC GAMING,DEEPCOOL,TIDAK,0
5617,2602000208,NEW CASING NYK NEMESIS FC2 NEIRO BLACK - mATX,,CASING PC GAMING,NYK,TIDAK,0
5618,2602000209,NEW CASING NYK NEMESIS FC2 NEIRO WHITE - mATX,,CASING PC GAMING,NYK,TIDAK,0
5619,2602000207,NEW CASING NYK NEMESIS FC8 RUNE BLACK - mATX,,CASING PC GAMING,NYK,TIDAK,0
5620,2602000206,NEW CASING NYK NEMESIS T78 THANOZ BLACK - mATX,,CASING PC GAMING,NYK,TIDAK,0
5621,2602000204,NEW CASING NYK NEMESIS T79 CREST BLACK - mATX,,CASING PC GAMING,NYK,TIDAK,0
5622,2602000205,NEW CASING NYK NEMESIS T79 CREST WHITE - mATX,,CASING PC GAMING,NYK,TIDAK,0
5623,2602000193,NEW CHARGER AUKEY PA-B1T 20W WALL CHARGER USB-C BLACK - AK PA-B1T BK,689323786145,CHARGER HANDPHONE,AUKEY,TIDAK,5
5624,2602000194,NEW CHARGER AUKEY PA-B1T 20W WALL CHARGER USB-C WHITE - AK PA-B1T WH,689323786152,CHARGER HANDPHONE,AUKEY,TIDAK,5
5625,2602000195,NEW CHARGER AUKEY PA-C1 30W WALL CHARGER USB-C GRAY - PA-C1,689323788170,CHARGER HANDPHONE,AUKEY,TIDAK,3
5626,2602000196,NEW CHARGER AUKEY PA-C2 45W WALL CHARGER USB-C GRAY - AK PA-C2,689323788187,CHARGER HANDPHONE,AUKEY,TIDAK,2
5627,2602000197,NEW CHARGER AUKEY PA-C3 67W WALL CHARGER USB-C GRAY - AK PA-C3,689323788194,CHARGER HANDPHONE,AUKEY,TIDAK,5
5628,2602000198,NEW CHARGER AUKEY PA-R1 USB-C WALL CHARGER PD 20W BLACK - AK PA-R1 BK,,CHARGER HANDPHONE,AUKEY,TIDAK,0
5629,2602000238,NEW EARPHONE BASEUS BOWIE WM01 TRUE WIRELESS BLACK,6932172673628,TWS,BASEUS,TIDAK,0
5630,2603000017,NEW FAN KIPAS HP VICTUS 15-FA 15-FA000,,,,TIDAK,1
5631,2603000019,NEW FAN PROCESSOR COUGAR FORZA 50 LGA1700 NON-RGB - BLACK,,FAN PROCESSOR,COUGAR,TIDAK,0
5632,2603000002,NEW HP ENVY X360 - SERVICE,,,,TIDAK,0
5633,2602000172,NEW KABEL AUKEY CD3 BN USB-A TO USB-C 2M GREY - AK CB-CD3 GY,,KABEL DATA USB A TO C,AUKEY,TIDAK,0
5634,2602000173,NEW KABEL AUKEY DCC061 USB-C to USB-C 60W 1M AL ALLOY - CB-DCC061 GY,689323790395,KABEL DATA USB C TO C,AUKEY,TIDAK,2
5635,2602000174,NEW KABEL AUKEY DCC062 C to C 60W 1.8M AL ALLOY - CB-DCC062 GY,689323790401,KABEL DATA USB C TO C,AUKEY,TIDAK,2
5636,2602000175,NEW KABEL AUKEY DCC242 C to C 240W 1.8M AL ALLOY - CB-DCC242 GY,689323790425,KABEL DATA USB C TO C,AUKEY,TIDAK,3
5637,2602000176,NEW KABEL AUKEY MCC102 CABLE DISPLAY C TO C 1.8M BLACK - AK CB-MCC102 BK,689323785353,KABEL DATA USB C TO C,AUKEY,TIDAK,1
5638,2602000177,NEW KABEL AUKEY NAC1 A TO C BRAIDED NYLON 1M WHITE - AK CB-NAC1 WH,689323785872,KABEL DATA USB A TO C,AUKEY,TIDAK,2
5639,2602000178,NEW KABEL AUKEY NAC2 A TO C BRAIDED NYLON 1.8M WHITE - AK CB-NAC2 WH,689323785896,KABEL DATA USB A TO C,AUKEY,TIDAK,3
5640,2602000179,NEW KABEL AUKEY NCC2 C TO C BRAIDED NYLON 1.8M WHITE - AK CB-NCC2 WH,689323785391,KABEL DATA USB C TO C,AUKEY,TIDAK,3
5641,2603000003,NEW KABEL POWER ADAPTER EU COLOKAN KAKI 2 GOOD QUALITY,,,,TIDAK,2
5642,2602000235,NEW KABEL PRINTER USB YSB 1.5M - BLUE,,,,TIDAK,0
5643,2602000225,NEW KEYBOARD DELL VOSTRO 3401 VERSI US BACKLIT BLACK,,,,TIDAK,0
5644,2602000228,NEW LENOVO IDEAPAD GAMING 3 15IH06 IC POWER AND CONTROLLER,,,,TIDAK,0
5645,2602000233,NEW MICROSOFT 365 FAMILY POSA CARD,,LISENCE OFFICE & WINDOWS,MICROSOFT,TIDAK,0
5646,2603000007,NEW MINI PC MSI CUBI 5 1M CORE5-120U-BAREBONE DDR5-3 YEARS WARRANTY - BLACK,,MINI PC,MSI,TIDAK,0
5647,2603000015,NEW MONITOR ASUS TUF GAMING VG27AQM5A 27″ FLAT IPS FHD 240Hz,,"MONITOR 27""",ASUS,TIDAK,0
5648,2602000232,NEW MONITOR VIEWSONIC VP2756A-2K 27″ FLAT QHD 120Hz,,"MONITOR 27""",VIEWSONIC,TIDAK,0
5649,2602000166,NEW NB ACER ASPIRE LITE AL14 37P 38AK INTEL CORE 3-N355 8GB 256GB SSD 14″ FHD WIN 11 HOME + OHM 2024 + M365,,LAPTOP,ACER,TIDAK,0
5650,2602000165,NEW NB ACER ASPIRE LITE AL15-42P-R50P RYZEN 5-7430U 8GB 512GB SSD 15.6″ FHD IPS WIN 11 HOME+OHM 2024+M365 SILVER,,LAPTOP,ACER,TIDAK,0
5651,2602000167,NEW NB ASUS VIVOBOOK 14 A1404VAP VIPS5851M INTEL CORE 5-120U 8GB 512GB SSD 14″ FHD WIN 11 HOME + OHM 2024 + M365 BLUE,,LAPTOP,ASUS,TIDAK,0
5652,2602000168,NEW NB ASUS VIVOBOOK 14 A1404VAP VIPS5852M INTEL CORE 5-120U 8GB 512GB SSD 14″ FHD WIN 11 HOME + OHM 2024 + M365 TERACOTTA,,LAPTOP,ASUS,TIDAK,0
5653,2603000011,NEW NB ASUS VIVOBOOK GO 14 E1404FA VIPS3821M/RYZEN 3-7320U/8GB/256GB SSD/14″ FHD IPS/WIN 11 HOME+OHM 2024+M365,,LAPTOP,ASUS,TIDAK,2
5654,2603000012,NEW NB ASUS VIVOBOOK GO 14 E1404FA VIPS3822M/RYZEN 3-7320U/8GB/256GB SSD/14″ FHD IPS/WIN 11 HOME+OHM 2024+M365,,LAPTOP,ASUS,TIDAK,1
5655,2603000013,NEW NB ASUS VIVOBOOK GO 14 E1404FA VIPS3823M/RYZEN 3-7320U/8GB/256GB SSD/14″ FHD IPS/WIN 11 HOME+OHM 2024+M365,,LAPTOP,ASUS,TIDAK,2
5656,2602000170,"NEW NB AXIOO HYPE 5 AMD JKT48 X3 LOLLIPOP RYZEN 5 3500 8GB 256GB 14"" FHD IPS W11 - PINK",,LAPTOP,AXIOO,TIDAK,0
5657,2603000010,NEW NB LENOVO LEGION PRO 5 16IAX10H 83LU001LID CORE ULTRA 9-275HX 32GB 1TB RTX 5070TI 12GB 16″ OLED WIN 11 HOME + OHM 2024 + M365,,LAPTOP,LENOVO,TIDAK,0
5658,2602000169,"NEW NB LENOVO V14 G4 82YT010XID RYZEN 3 7320 8GB 256GB 14"" FHD W11",,LAPTOP,LENOVO,TIDAK,0
5659,2603000009,"NEW NB LENOVO V14 G4 AMN 82YT010UID RYZEN 5-7520U 16GB 512GB 14"" FHD WIN11 + OHS 2024",,LAPTOP,LENOVO,TIDAK,0
5660,2603000006,NEW PAPER SHREDDER SECURE EZSS-6315A,,,,TIDAK,0
5661,2602000226,NEW PC RAKITAN SERVER ZOTAC 5060TI BLACK,,,,TIDAK,0
5662,2602000211,NEW PORTABLE FAN JISULIFE HANDFAN LIFE10 5S 4000mAh BLUE,,PORTABLE FAN,JISULIFE,TIDAK,0
5663,2602000212,NEW PORTABLE FAN JISULIFE HANDFAN LIFE10 5S 4000mAh GREY,,PORTABLE FAN,JISULIFE,TIDAK,0
5664,2602000210,NEW PORTABLE FAN JISULIFE HANDFAN LIFE5 PLUS FA43 5S 6000mAh BLACK,,PORTABLE FAN,JISULIFE,TIDAK,0
5665,2602000213,NEW PORTABLE FAN JISULIFE HANDFAN LIFE9 5S 3600mAh BLACK,,PORTABLE FAN,JISULIFE,TIDAK,0
5666,2602000222,NEW PORTABLE FAN JISULIFE HANDFAN LIFE9 5S 3600mAh GREY,,PORTABLE FAN,JISULIFE,TIDAK,0
5667,2602000220,NEW PORTABLE FAN JISULIFE HANDFAN LIFE9 5S 3600mAh PINK,,PORTABLE FAN,JISULIFE,TIDAK,0
5668,2602000214,NEW PORTABLE FAN JISULIFE HANDFAN LIFE9 5S 5000mAh BLACK,,PORTABLE FAN,JISULIFE,TIDAK,0
5669,2602000221,NEW PORTABLE FAN JISULIFE HANDFAN LIFE9 5S 5000mAh GREY,,PORTABLE FAN,JISULIFE,TIDAK,0
5670,2602000215,NEW PORTABLE FAN JISULIFE HANDFAN LIFE9 5S 5000mAh PINK,,PORTABLE FAN,JISULIFE,TIDAK,0
5671,2602000216,NEW PORTABLE FAN JISULIFE NECKFAN LIFE3 FA14 5S 4000mAh BLACK,,PORTABLE FAN,JISULIFE,TIDAK,0
5672,2602000217,NEW PORTABLE FAN JISULIFE NECKFAN LIFE3 FA14 5S 4000mAh GREY,,PORTABLE FAN,JISULIFE,TIDAK,0
5673,2602000218,NEW PORTABLE FAN JISULIFE NECKFAN LIFE4 FA14X 5S 5000mAh BLACK,,PORTABLE FAN,JISULIFE,TIDAK,0
5674,2602000219,NEW PORTABLE FAN JISULIFE NECKFAN LIFE4 FA14X 5S 5000mAh BLUE,,PORTABLE FAN,JISULIFE,TIDAK,0
5675,2602000201,NEW POWERBANK AUKEY MS07 5000mAh Qi2 CCC DARK GRAY - PB-MS07A GY,,POWERBANK,AUKEY,TIDAK,2
5676,2602000202,NEW POWERBANK AUKEY MS07 5000mAh Qi2 CCC DAWN PEACH - PB-MS07A PK,,POWERBANK,AUKEY,TIDAK,2
5677,2602000200,NEW POWERBANK AUKEY MS07 5000mAh Qi2 CCC DESSERT GOLD - PB-MS07A GL,,POWERBANK,AUKEY,TIDAK,2
5678,2602000199,NEW POWERBANK AUKEY MS07 5000mAh Qi2 CCC MINT BLUE - PB-MS07A BU,,POWERBANK,AUKEY,TIDAK,2
5679,2602000203,NEW POWERBANK AUKEY MS07 5000mAh Qi2 CCC SILVER WHITE - PB-MS07A WH,,POWERBANK,AUKEY,TIDAK,2
5680,2602000181,NEW POWERBANK AUKEY N83S 10.000MAH 22.5W BLACK - AK PB-N83S BK,,POWERBANK,AUKEY,TIDAK,0
5681,2602000180,NEW POWERBANK AUKEY N83S 10.000MAH 20W BLACK PINK - AK PB-N83S BK PK,689323787340,POWERBANK,AUKEY,TIDAK,8
5682,2602000182,NEW POWERBANK AUKEY Y53 10.000MAH 15W CABLE WHITE - AK PB-Y53 WH,689323788453,POWERBANK,AUKEY,TIDAK,5
5683,2602000183,NEW POWERBANK AUKEY Y53 10.000MAH 15W WITH CABLE GRAY - AK PB-Y53 GY,689323787968,POWERBANK,AUKEY,TIDAK,5
5684,2602000184,NEW POWERBANK AUKEY Y55 10.000MAH 22.5W GREY - AK PB-Y55 GY,,POWERBANK,AUKEY,TIDAK,0
5685,2602000185,NEW POWERBANK AUKEY Y55 10.000MAH 22.5W WHITE - AK PB-Y55 WH,689323788293,POWERBANK,AUKEY,TIDAK,3
5686,2602000227,NEW PS5 SONY SLIM DIGITAL VERSION (CFI-2018B01) D-CHASSIS,,,,TIDAK,0
5687,2602000230,NEW RAK SERVER 60x45x28cm (4U WALL),,,,TIDAK,0
5688,2603000016,NEW SANDISK ULTRA MICRO SDHC 256GB,,MICRO SD,SANDISK,TIDAK,0
5689,2602000188,NEW SMART TRACKER AUKEY TM-10 DARK GRAY - AK TM-10 DGY,,SMART TRACKER,AUKEY,TIDAK,0
5690,2602000189,NEW SMART TRACKER AUKEY TM-21 TRACKER WITH NFC GREY - AK TM-21,689323787746,SMART TRACKER,AUKEY,TIDAK,5
5691,2602000186,NEW SMARTWATCH AUKEY 1 PRO BLACK - AK SW-1P BK,689323785735,SMART WATCH,AUKEY,TIDAK,3
5692,2602000187,NEW SMARTWATCH AUKEY 1 PRO GRAY - AK SW-1P GY,689323785810,SMART WATCH,AUKEY,TIDAK,3
5693,2602000171,NEW TWS AUKEY EP-B1 BEYOND ANC PRO SILVER - EP-B1 SL,,TWS,AUKEY,TIDAK,2
5694,2602000239,NEW USB HUB VENTION CHXB0 USB 3.0 7 IN 1 - BLACK,6922794774827,USB HUB (DOCKING STATION),VENTION,TIDAK,2
5695,2602000240,NEW KABEL USB VENTION USB-C TO USB-A PD CCAHB 0.15M - GRAY,6922794790513,USB HUB (DOCKING STATION),VENTION,TIDAK,0
5696,2602000223,NEW VGA CARD GALAX EX 1-CLICK-OC RTX 3050 6GB OC GDDR6,,VGA RTX 3000,GALAX,TIDAK,1
5697,2602000236,NEW VGA CARD GALAX 1-CLICK-OC V2 BLACK RTX 5060 8GB OC GDDR7,,VGA RTX 5000,GALAX,TIDAK,2
5698,2602000237,NEW VGA CARD GALAX 1-CLICK-OC V2 WHITE RTX 5060 8GB GDDR7,,VGA RTX 5000,GALAX,TIDAK,4
5699,2603000023,NEW ADAPTOR LAPTOP LENOVO 65W,,,,TIDAK,0
5700,2603000022,NEW CARTRIDGE CANON 811 ORIGINAL,,TINTA CATRIDGE,CANON,TIDAK,0
5701,2603000020,NEW CASE JSAUX BG0136X FOR ROG ALLY X,,,,TIDAK,0
5702,2603000030,NEW FAN PROCESSOR DEEPCOOL AK400 G2 DIGITAL NYX - BLACK,6933412729679,CPU COOLER,DEEPCOOL,TIDAK,7
5703,2603000026,NEW NB AXIOO HYPE 1 N4020 4GB 128GB 14″ HD W11 (BLUE),,LAPTOP,AXIOO,TIDAK,0
5704,2603000027,NEW NB AXIOO HYPE 1 N4020 4GB 128GB 14″ HD W11 (GREY),,LAPTOP,AXIOO,TIDAK,0
5705,2603000029,NEW NB LENOVO LOQ 15ARP10E 83S0001AID RYZEN 7-7735HS 16GB 512GB RTX3050 6GB 15.6″ FHD WIN 11 HOME + OHM 2024 + M365 (LUNA GREY),,LAPTOP,LENOVO,TIDAK,0
5706,2603000028,NEW NB LENOVO LOQ 15ARP10E 83S0001BID RYZEN 7-7735HS 16GB 512GB RTX4050 6GB 15.6″ FHD WIN 11 HOME + OHM 2024 + M365 (LUNA GREY),,LAPTOP,LENOVO,TIDAK,2
5707,2603000031,NEW ROUTER INDOSAT HIFI AIR CPE-XR RABIT WIFI 6,,ROUTER,INDOSAT,TIDAK,0
5708,2603000021,NEW TEMPERED GLASS COPPER FOR ASUS ROG ALLY X,,,,TIDAK,0
5709,2603000065,NEW ADAPTER ROBOT RUC05 TYPE-C TO 3.5MM,,,ROBOT,TIDAK,0
5710,2603000040,NEW ADAPTER VENTION USB-C TO DUAL HDMI ACZHB - BLACK,,,VENTION,TIDAK,0
5711,2603000044,NEW BATERAI ASUS C4IN2009 ORI,,,,TIDAK,0
5712,2603000059,NEW BATERAI LENOVO L17C3PG2/L17M3PG2/L17C3PG1 ORIGINAL,,,,TIDAK,0
5713,2603000050,NEW BRACKET MONITOR NORTH BAYOU NBP6,,,,TIDAK,0
5714,2603000035,NEW CHARGER OLIKE C107C TYPE-C FAST CHARGING - BLACK,,CHARGER HANDPHONE,OLIKE,TIDAK,0
5715,2603000038,NEW CONNECTOR BNC RG59 F TYPE,,,,TIDAK,20
5716,2603000053,NEW FAN CASING GAMEMAX RA300 (BLACK),,FAN CASING,GAMEMAX,TIDAK,3
5717,2603000054,NEW FAN CASING GAMEMAX RA300 (WHITE),,FAN CASING,GAMEMAX,TIDAK,5
5718,2603000042,NEW FLASHDISK OLIKE OFP2128 128GB,8990049010301,FLASHDISK,OLIKE,TIDAK,5
5719,2603000039,NEW JACK DC CAMERA,,,,TIDAK,10
5720,2603000034,NEW KABEL BELDEN CAT5E NON PLENUM U100FT 305M,,KABEL LAN CAT 5,BELDEN,TIDAK,0
5721,2603000037,NEW KABEL LAN BURNLUSH CAT6 2M,69058653,,,TIDAK,3
5722,2603000033,NEW KEYBOARD AJAZZ AK820 MAX PLUS SCREEN 3-MODES BLACK GRAY RGB - SILENT MUTE SWITCH,6976412984464,KEYBOARD GAMING WIRELESS,AJAZZ,TIDAK,0
5723,2603000032,NEW KEYBOARD AJAZZ ALUX68MAX WIRE GRADUAL PINK SIDE PRINTED RGB - MAGNETIC AQUARIUS SWITCH,6976412985195,KEYBOARD GAMING WIRED,AJAZZ,TIDAK,2
5724,2603000043,NEW MICRO SD OLIKE TF-64 64GB 90 MB/S - BLACK,,MICRO SD,OLIKE,TIDAK,0
5725,2603000045,"NEW MONITOR XIAOMI A24I 2026 24"" FLAT IPS FHD 144 Hz",,"MONITOR 24""",XIAOMI,TIDAK,8
5726,2603000041,"NEW NB ASUS ROG STRIX G16 G614PH R9N55J6G-HM RYZEN 9-8940HX 16GB 512GB RTX5050 8GB 16"" IPS W11 HOME + OHS + M365B",,LAPTOP,ASUS,TIDAK,0
5727,2603000063,NEW NB HP 14 EM0730AU RYZEN 7-7730U 16GB 512GB 14″ FHD WIN 11 HOME + OHM 2024 + M365 (SILVER),199251369674,LAPTOP,HP,TIDAK,5
5728,2603000064,NEW NB HP 14 EM0731AU RYZEN 7-7730U 16GB 512GB 14″ FHD WIN 11 HOME + OHM 2024 + M365 (GOLD),,LAPTOP,HP,TIDAK,0
5729,2603000047,NEW NB HP 14 EP0253TU INTEL I7-1355U 16GB 512GB 14″ FHD IPS WIN 11 HOME + OHM 2024 (MOONLIGHT BLUE),,LAPTOP,HP,TIDAK,0
5730,2603000048,NEW NB HP 14 EP0254TU INTEL I7-1355U 16GB 512GB 14″ FHD IPS WIN 11 HOME + OHM 2024 (GOLD),,LAPTOP,HP,TIDAK,0
5731,2603000061,NEW NB LENOVO IDEAPAD SLIM 3 14AMN8 82XN009VID RYZEN 3-7320U 8GB 512GB 14″ FHD TN WIN 11 HOME + OHM 2024 + M365 (ABYSS BLUE),199272854081,LAPTOP,LENOVO,TIDAK,3
5732,2603000060,NEW NB LENOVO IDEAPAD SLIM 3 14AMN8 82XN009WID RYZEN 3-7320U 8GB 512GB 14″ FHD TN WIN 11 HOME + OHM 2024 + M365 (ARTIC GREY),,LAPTOP,LENOVO,TIDAK,0
5733,2603000066,NEW NB LENOVO IDEAPAD SLIM 3 14IRH10 83K000DBID INTEL I5-13420H 16GB 512GB 14″ IPS WIN 11 HOME + OHM 2024 + M365 (LUNA GREY),,LAPTOP,LENOVO,TIDAK,0
5734,2603000051,NEW NB LENOVO LOQ ESSENTIAL 15IRX11 83SC003KID INTEL I5-13450HX 16GB 512GB RTX 5050 8GB 15.6″ FHD IPS WIN 11 HOME + OHM 2024 + M365 (LUNA GREY),,LAPTOP,LENOVO,TIDAK,0
5735,2603000062,"NEW NB LENOVO V14 G4 AMN 82YT0115ID RYZEN 3-7320U 8GB 512GB 14"" FHD TN WIN 11 HOME + OHM 2024 (ARTIC GREY)",,LAPTOP,LENOVO,TIDAK,0
5736,2603000052,NEW PHOTO PAPER BLUEPRINT A4 210IU (MAWAR),,,,TIDAK,0
5737,2603000036,NEW RAKITAN I3-14100,,,,TIDAK,0
5738,2603000055,NEW SSD SATA VENOMRX 2.5″ 128GB,,SATA 128 GB,VENOMRX,TIDAK,3
5739,2603000049,"NEW TV XIAOMI A PRO 75""  QLED 4K 60HZ",,,,TIDAK,0
5740,2603000057,NEW TWS BASEUS BASS BS2 LITE - BLACK,,TWS,BASEUS,TIDAK,0
5741,2603000056,NEW TWS BASEUS BASS BS2 LITE - WHITE,,TWS,BASEUS,TIDAK,0
5742,2603000046,NEW VGA CARD VURRION GTX 750 TI 4GB GDDR5,,VGA GTX,VURRION,TIDAK,0
5743,2604000010,NEW BATERAI HP FOR SERVICE,,,,TIDAK,0
5744,2604000030,NEW EARPHONE SONY WF-C510 TRULY WIRELESS EARPHONE - BLUE,,TWS,SONY,TIDAK,2
5745,2604000009,NEW EARPHONE SONY WF-C710N NOISE CANCELLING TWS - BLUE,,TWS,SONY,TIDAK,2
5746,2604000031,NEW EARPHONE SONY WF-LC900 LINKBUDS CLIP - BLACK,,TWS,SONY,TIDAK,1
5747,2603000072,NEW POWER SUPPLY CORSAIR RM750E 750W 80+ GOLD - FULL MODULAR - WHITE,840006686873,FAN CASING,OCYPUS,TIDAK,2
5748,2604000020,NEW FAN CASING OCYPUS GAMMA F12 UNI SINGLE ARGB - BLACK,,FAN CASING,OCYPUS,TIDAK,18
5749,2604000019,NEW FAN CASING OCYPUS GAMMA F12 UNI SINGLE ARGB - WHITE,,FAN CASING,OCYPUS,TIDAK,25
5750,2604000022,NEW FAN CASING OCYPUS GAMMA F12 UNI SINGLE ARGB REVERSE - BLACK,,FAN CASING,OCYPUS,TIDAK,46
5751,2604000021,NEW FAN CASING OCYPUS GAMMA F12 UNI SINGLE ARGB REVERSE - WHITE,,FAN CASING,OCYPUS,TIDAK,1
5752,2604000024,NEW GAMEPAD SADES RYUNIX G100 2-CONNECTION - BLACK,,GAMEPAD,SADES,TIDAK,0
5753,2604000025,NEW GAMEPAD SADES RYUNIX G100 2-CONNECTION - WHITE,8994464830773,GAMEPAD,SADES,TIDAK,0
5754,2604000011,NEW IPHONE 13 128GB STARLIGHT WHITE,,HANDPHONE,APPLE,TIDAK,0
5755,2603000069,NEW LIGHT BAR TECGEAR BEAM - TGAC-BEAM,810072520807,SCREEN LIGHTBAR,,TIDAK,1
5756,2603000071,NEW LIGHT BAR TECGEAR BEAM AIR BLACK - TGAC-BEAMR-BK,,SCREEN LIGHTBAR,,TIDAK,3
5757,2603000070,NEW LIGHT BAR TECGEAR BEAM RGB - TGAC-BEAM-RGB,810072522481,SCREEN LIGHTBAR,,TIDAK,2
5758,2604000004,NEW MICROSD SANDISK SDHC ULTRA 32GB 100MB/s,,MICRO SD,,TIDAK,0
5759,2604000005,"NEW MONITOR LENOVO L27Q-4A 27"" FLAT IPS QHD 100HZ",,"MONITOR 27""",LENOVO,TIDAK,0
5760,2604000006,"NEW MONITOR LENOVO LEGION 27Q-11 27"" FLAT WLED QHD 300HZ",,"MONITOR 27""",LENOVO,TIDAK,0
5761,2604000026,NEW MOUSEPAD SADES RYUNIX RD-84 (800x400mm) - YORU EDITION,,DESKMAT GAMING,SADES,TIDAK,3
5762,2604000029,NEW MOUSEPAD SADES RYUNIX RYU NO SENSHI MBETAND EDITION (900x400mm) - HANZO (WARRIOR - DARK BASE),,DESKMAT GAMING,SADES,TIDAK,0
5763,2604000028,NEW MOUSEPAD SADES RYUNIX RYU NO SENSHI MBETAND EDITION (900x400mm) - RYUO (DRAGON - WHITE BASE),,DESKMAT GAMING,SADES,TIDAK,1
5764,2604000027,NEW MOUSEPAD SADES RYUNIX TOKI SERIES (900x400mm) - FUYUNEKO EDITION,8994464832333,DESKMAT GAMING,SADES,TIDAK,4
5765,2604000008,"NEW NB ACER ASPIRE LITE AL14-37P-32RZ INTEL I3-N355 8GB 512GB 14"" FHD IPS WIN 11 HOME + OHM 2024 (LIGHT SILVER)",4711474706447,LAPTOP,ACER,TIDAK,5
5766,2604000002,NEW NB ASUS TUF GAMING A15 FA506NCG R735B6T-HM RYZEN 7-7445HS 16GB 512GB RTX3050 4GB 15.6″ FHD WIN 11 HOME + OHM 2024 + M365 (MECHA GREY),,LAPTOP,ASUS,TIDAK,1
5767,2604000023,NEW NB HP 240R G9 B98GZPC INTEL CORE 5 120U 8GB 512GB 14″ FHD WIN 11 HOME + OHS 2024 (DARK ASH SILVER),198990704524,LAPTOP,HP,TIDAK,18
5768,2603000067,NEW PORTABLE FAN JISULIFE HANDFAN ULTRA1 FA55 100S 9000mAH BROWN,,PORTABLE FAN,JISULIFE,TIDAK,0
5769,2603000068,NEW PORTABLE FAN JISULIFE HANDFAN ULTRA1 FA55 100S 9000mAH GREY,,PORTABLE FAN,JISULIFE,TIDAK,0
5770,2604000033,NEW PRINTER CANON PIXMA G2010 - AIO,,PRINTER,CANON,TIDAK,4
5771,2604000003,NEW RIBBON CARTRIDGE EPSON ERC-38 B,,CATRIDGE RIBBON,EPSON,TIDAK,5
5772,2604000032,NEW SPEAKER SONY WIRELESS SPEAKER - SRS-XB100 BLUE,,SPEAKER BLUETOOTH,SONY,TIDAK,0
5773,2603000074,NEW SSD NVME ADATA MARS 980 BLADE 2TB GEN 5.0 - 2280,,NVME 2 TB,ADATA,TIDAK,0
5774,2603000075,NEW SSD NVME TEAM GROUP MP33 2TB GEN 3.0 - 2280,,NVME 2 TB,TEAM GROUP,TIDAK,0
5775,2603000076,NEW SSD NVME TEAM GROUP NV5000 2TB GEN 4.0 - 2280,,NVME 2 TB,TEAM GROUP,TIDAK,0
5776,2603000073,"NEW SSD SATA ADATA SU650 2.5"" 512GB",,SATA 500 GB,ADATA,TIDAK,1
5777,2604000013,NEW THERMAL PAD GRIZZLY MINUS PAD BASIC ULTRA HIGH PERFORMANCE (4PCS) - 120x20x0.5mm,,THERMAL PAD,GRIZZLY,TIDAK,1
5778,2604000014,NEW THERMAL PAD GRIZZLY MINUS PAD BASIC ULTRA HIGH PERFORMANCE (4PCS) - 120x20x1.0mm,,THERMAL PAD,GRIZZLY,TIDAK,0
5779,2604000015,NEW THERMAL PAD GRIZZLY MINUS PAD BASIC ULTRA HIGH PERFORMANCE (4PCS) - 120x20x1.5mm,,THERMAL PAD,GRIZZLY,TIDAK,3
5780,2604000016,NEW THERMAL PAD GRIZZLY MINUS PAD BASIC ULTRA HIGH PERFORMANCE (4PCS) - 120x20x2.0mm,,THERMAL PAD,GRIZZLY,TIDAK,4
5781,2604000017,NEW THERMAL PAD GRIZZLY MINUS PAD BASIC ULTRA HIGH PERFORMANCE (4PCS) - 120x20x3.0mm,,THERMAL PAD,GRIZZLY,TIDAK,2
5782,2604000007,NEW THERMAL PAPER PAPERLINE TELESTRUK 75x65,,,,TIDAK,4
5783,2604000012,NEW THERMAL PASTA GRIZZLY DURONAUT 2gr,,,,TIDAK,1
5784,2604000018,NEW THERMAL PASTA GRIZZLY TG PUTTY BASIC 30gr,,,,TIDAK,2
5785,2604000001,PC RAKITAN I5 JAECOO,,,,TIDAK,0
5786,2604000085,NEW BATERAI ASUS C4IN1904 ORIGINAL,,,,TIDAK,0
5787,2604000039,NEW BATERAI LENOVO L20L2PF0/L20C2PF0/L20M2PF0 ORIGINAL,,,,TIDAK,0
5788,2604000084,NEW BRACKET BLUEPRINT LITE 1109Z SINGLE ARM - BLACK,,,,TIDAK,6
5789,2604000082,NEW CCTV EZVIZ HOME CAMERA C6N 2MP,2604000082,,,TIDAK,1
5790,2604000081,NEW CCTV EZVIZ SMART HOME CS-H8C 1080P 2MP,,,,TIDAK,0
5791,2604000045,NEW CONVERTER VENTION DP TO HDMI HBZBB,,,,TIDAK,0
5792,2604000041,NEW KABEL TECWARE EXTENSION SET POWER SUPPLY FLEX PLUS WHITE RED - TWAC-FLEXPL-WHRD,,,,TIDAK,1
5793,2604000048,NEW MICROSOFT OFFICE HOME & BUSINESS 2024 - ESD PERPETUAL,,,,TIDAK,0
5794,2604000053,"NEW MONITOR ASUS ROG STRIX GAMING XG27AQDNG 27"" FLAT OLED QHD 2K 360Hz",,,,TIDAK,0
5795,2604000050,"NEW MONITOR ASUS ROG STRIX GAMING XG27UCDMG 27"" FLAT QD-OLED 4K 240Hz",,,,TIDAK,0
5796,2604000051,"NEW MONITOR ASUS TUF GAMING VG259QM5A 25"" FLAT IPS FHD 240Hz",,,,TIDAK,2
5797,2604000052,"NEW MONITOR ASUS TUF GAMING VG259QMR5A 25"" FLAT IPS FHD 310Hz",,,,TIDAK,0
5798,2604000070,"NEW MONITOR GIGABYTE AORUS FO27Q2-EK 27"" FLAT QD-OLED QHD 240Hz",,,,TIDAK,0
5799,2604000071,"NEW MONITOR GIGABYTE GS34WQC 34"" CURVED VA WQHD 120Hz",,,,TIDAK,1
5800,2604000044,"NEW MONITOR LG ULTRAGEAR 27GX700A-B 27"" FLAT 2K OLED 280Hz - BLACK",,,,TIDAK,1
5801,2604000087,"NEW MONITOR MSI MAG 255XF / MAG255XF 25"" FLAT IPS FHD 300HZ",,,,TIDAK,0
5802,2604000054,"NEW MONITOR MSI PRO MP225 22"" FLAT IPS FHD 100Hz",,,,TIDAK,6
5803,2604000055,"NEW MONITOR MSI PRO MP251W E2 25"" FLAT IPS FHD 120Hz - WHITE",,,,TIDAK,6
5804,2604000038,"NEW MONITOR VIEWSONIC VP2766-2K 27"" FLAT 2K QHD 120Hz",,,,TIDAK,3
5805,2604000060,NEW MOTHERBOARD GIGABYTE AORUS ELITE WIFI6E-P GEN 5 LGA1700 DDR5 - mATX,,,,TIDAK,0
5806,2604000061,NEW MOTHERBOARD GIGABYTE B760M AORUS ELITE WIFI6E GEN5 LGA1700 DDR5 - mATX,,,,TIDAK,2
5807,2604000068,NEW MOTHERBOARD GIGABYTE B840M EAGLE WIFI6 AM5 DDR5 - ATX,4719331868970,,,TIDAK,2
5808,2604000065,NEW MOTHERBOARD GIGABYTE B850 AORUS STEALTH ICE AM5 DDR5 - ATX,4719331873103,,,TIDAK,0
5809,2604000067,NEW MOTHERBOARD GIGABYTE B850M AORUS ELITE WIFI6 ICE AM5 DDR5 - mATX,,,,TIDAK,0
5810,2604000066,NEW MOTHERBOARD GIGABYTE B850M AORUS ELITE WIFI7 ICE-P AM5 DDR5 - mATX,4719331872847,,,TIDAK,1
5811,2604000064,NEW MOTHERBOARD GIGABYTE X870 GAMING X WIFI7 AM5 DDR5 - ATX,4719331865368,,,TIDAK,0
5812,2604000062,NEW MOTHERBOARD GIGABYTE X870E AORUS ELITE WIFI7 AM5 DDR5 - ATX,4719331864613,,,TIDAK,0
5813,2604000063,NEW MOTHERBOARD GIGABYTE X870E PRO X3D AORUS ICE AM5 DDR5 - ATX,4719331876487,,,TIDAK,0
5814,2604000059,NEW MOTHERBOARD GIGABYTE Z790 EAGLE AX LGA1700 DDR5 - ATX,4719331860998,,,TIDAK,2
5815,2604000040,NEW MOTHERBOARD VURRION ESSENTIAL H110M-D4G LGA1151 DDR4 - mATX,,,,TIDAK,5
5816,2604000034,NEW MOUSEPAD SADES-RYUNIX SD-73 TORII VERSION (700x300mm) - BLACK,2604000034,,,TIDAK,1
5817,2604000035,NEW MOUSEPAD SADES-RYUNIX SD-84 UMI VERSION (800x400mm) - BLUE WHITE,,,,TIDAK,8
5818,2604000047,NEW NB ACER ASPIRE GO 14 AG14 72P 52Z2 INTEL CORE 5 120U 16GB 512GB 14″ IPS WIN 11 HOME + OHM 2024 + M365 (MATCHA SAGE),,LAPTOP,ACER,TIDAK,0
5819,2604000046,NEW NB ACER ASPIRE GO 14 AG14 72P 56PD INTEL CORE 5 120U 16GB 512GB 14″ IPS WIN 11 HOME + OHM 2024 + M365 (MOOD LILAC),,LAPTOP,ACER,TIDAK,0
5820,2604000080,NEW NB ACER ASPIRE GO 14 AG14-72P-58AK INTEL CORE 5-120U 8GB 512GB SSD 14″ WUXGA IPS W11 HOME + OHM 2024 + M365 (MOOD LILAC),,LAPTOP,ACER,TIDAK,0
5821,2604000079,NEW NB ACER ASPIRE GO 14 AG14-72P-591X INTEL CORE 5-120U 8GB 512GB SSD 14″ WUXGA IPS W11 HOME + OHM 2024 + M365 (MATCHA SAGE),,LAPTOP,ACER,TIDAK,0
5822,2604000086,NEW NB ACER ASPIRE LITE 14 AL14 I3 N355 8GB 256GB W11+OHS 14.0WUXGA IPS SLV -32P.37SA,,LAPTOP,ACER,TIDAK,0
5823,2604000049,NEW NB ASUS VIVOBOOK GO 14 E1404GA FHD3823M INTEL I3-N305 8GB 256GB WIN 11 HOME + OHM 2021 + M365 (COOL SILVER),4711636063173,LAPTOP,ASUS,TIDAK,2
5824,2604000069,NEW NB ASUS VIVOBOOK GO 15 E1504FA VIPS3151M RYZEN 3-7320U 16GB 512GB 15.6″ FHD WIN 11 HOME + OHM 2024 + M365 (MIXED BLACK),,LAPTOP,ASUS,TIDAK,0
5825,2604000073,NEW PORTABLE FAN ROBOT RT-BF17 - GREEN,6936678451544,,,TIDAK,4
5826,2604000072,NEW POWER SUPPLY GALAX OMEGA GLX1200 1200W 80+ GOLD - FULL MODULAR - BLACK,4895147155678,,,TIDAK,0
5827,2604000036,NEW PROCESSOR AMD RYZEN 5 5500 3.6GHz AM4 MPK (TRAY+FAN),,,,TIDAK,0
5828,2604000056,NEW RAM LONGDIMM DDR4 VENOMRX 8GB (1x8GB) 3200Mhz,,,,TIDAK,0
5829,2604000058,NEW RAM SODIMM DDR4 CRUCIAL 16GB 3200Mhz,,,,TIDAK,0
5830,2604000057,NEW RAM SODIMM DDR4 CRUCIAL 8GB 3200Mhz,,,,TIDAK,2
5831,2604000083,NEW SD CARD HIVIEW 64GB,,,,TIDAK,0
5832,2604000037,NEW SPEAKER GAMEN GS7 2-MODE CONNECTION - BLACK,,,,TIDAK,0
5833,2604000077,NEW SPEAKER HARMAN KARDON GO PLAY 3 - BLACK,,,,TIDAK,2
5834,2604000078,NEW SPEAKER HARMAN KARDON GO PLAY 3 - GREY,,,,TIDAK,2
5835,2604000076,NEW SPEAKER HARMAN KARDON ONYX STUDIO 9 BLACK,,,,TIDAK,0
5836,2604000075,NEW SPEAKER HARMAN KARDON ONYX STUDIO 9 GREY,,,,TIDAK,2
5837,2604000074,NEW SPEAKER JBL HORIZON 3 BLACK,,,,TIDAK,1
5838,2604000042,NEW USB SANDISK ULTRA USB 3.1 TYPE-C 64GB,,,,TIDAK,0
5839,2604000043,NEW VGA CARD VURRION GT 610 2GB DDR3,,,,TIDAK,0
5840,2604000098,"NEW ADAPTER ASUS 19V-2,37A-45W UK PLUG SQUARE SHAPE",,,,TIDAK,0
5841,2604000170,NEW ADAPTER DELL 19.5V -3.34A 65W 7.4*5.0MM WITH LIGHT,,,,TIDAK,0
5842,2604000097,NEW ADAPTER HP 19.5V-35A 65W 7.4X5.0MM JARUM WITH LIGHT,,,,TIDAK,0
5843,2604000169,NEW BATERAI ASUS C41N1904 ORIGINAL,,,,TIDAK,1
5844,2604000126,NEW BATERAI ASUS C4IN12013 ORIGINAL,,,,TIDAK,0
5845,2604000172,NEW BATERAI DELL GK5KY ORIGINAL,,,,TIDAK,0
5846,2604000134,NEW BATERAI LENOVO X240 SLIM ORIGINAL,,,,TIDAK,0
5847,2604000105,NEW CASING DEEPCOOL CG380 3F - m-ATX - BLACK,,,,TIDAK,7
5848,2604000106,NEW CASING DEEPCOOL CG380 3F - m-ATX - WHITE,,,,TIDAK,7
5849,2604000107,NEW CASING DEEPCOOL CH160 PLUS WHITE - m-ATX,,,,TIDAK,2
5850,2604000108,NEW CASING DEEPCOOL CH260 - mATX - BLACK,,,,TIDAK,2
5851,2604000173,NEW CATRIDGE CANON 325 BLACK,,,,TIDAK,0
5852,2604000129,NEW CONVERTER VENTION TYPE-C TO DP 4K TCCH0,,,,TIDAK,0
5853,2604000167,NEW COOLINGPAD MTECH S900 RGB - BLACK,,,,TIDAK,0
5854,2604000135,NEW FAN CASING OCYPUS BETA F12 SINGLE ARGB REVERSE - WHITE,,,,TIDAK,2
5855,2604000118,NEW FAN PROCESSOR DEEPCOOL AG400 G2 ARGB - BLACK,6933412730040,,,TIDAK,29
5856,2604000119,NEW FAN PROCESSOR DEEPCOOL AG400 G2 PLUS - BLACK,6933412730170,,,TIDAK,38
5857,2604000117,NEW FAN PROCESSOR DEEPCOOL AG620 G2 - BLACK,6933412729891,,,TIDAK,9
5858,2604000116,NEW FAN PROCESSOR DEEPCOOL AG620 G2 ARGB - BLACK,6933412729914,,,TIDAK,10
5859,2604000114,NEW FAN PROCESSOR DEEPCOOL AK400 DIGITAL SE ARGB - BLACK,6933412729495,,,TIDAK,20
5860,2604000115,NEW FAN PROCESSOR DEEPCOOL AK400 DIGITAL SE ARGB - WHITE,6933412729501,,,TIDAK,27
5861,2604000113,NEW FAN PROCESSOR DEEPCOOL AK620 DIGITAL SE ARGB - BLACK,,,,TIDAK,4
5862,2604000112,NEW FAN PROCESSOR DEEPCOOL AK620 DIGITAL SE ARGB - WHITE,,,,TIDAK,2
5863,2604000139,NEW GAMEPAD MTECH DOUBLE GETAR MT-830D - BLACK,2604000139,,,TIDAK,1
5864,2604000159,NEW GAMEPAD MTECH DOUBLE GETAR MT-830D - BLUE,,,,TIDAK,0
5865,2604000160,NEW GAMEPAD MTECH DOUBLE GETAR MT830D - RED,2604000160,,,TIDAK,1
5866,2604000140,NEW GAMEPAD MTECH SINGLE GETAR MT-830S - BLACK,,,,TIDAK,0
5867,2604000161,NEW GAMEPAD MTECH SINGLE GETAR MT-830S - BLUE,,,,TIDAK,1
5868,2604000162,NEW GAMEPAD MTECH SINGLE GETAR MT-830S - RED,,,,TIDAK,1
5869,2604000145,"NEW HARDISK CASE MTECH SATA 2.5""",2604000145,,,TIDAK,1
5870,2604000163,NEW HEADSET MTECH A4 WIRED 3.5mm - BLACK,2604000163,,,TIDAK,1
5871,2604000093,NEW HOLDER ASSY L210,,,,TIDAK,0
5872,2604000152,NEW KABEL HDMI MTECH 2.0 4K 1.5M,2604000152,,,TIDAK,0
5873,2604000155,NEW KABEL HDMI MTECH 2.0 4K 10M,2604000155,,,TIDAK,1
5874,2604000156,NEW KABEL HDMI MTECH 2.0 4K 15M,2604000156,,,TIDAK,1
5875,2604000157,NEW KABEL HDMI MTECH 2.0 4K 20M,,,,TIDAK,1
5876,2604000158,NEW KABEL HDMI MTECH 2.0 4K 25M,2604000158,,,TIDAK,1
5877,2604000153,NEW KABEL HDMI MTECH 2.0 4K 3M,2604000153,,,TIDAK,0
5878,2604000154,NEW KABEL HDMI MTECH 2.0 4K 5M,2604000154,,,TIDAK,0
5879,2604000127,NEW KABEL VENTION COTON BRAIDED 8K USB-C TO DP CRFBH,,,,TIDAK,0
5880,2604000175,NEW KABEL VENTION USB 2.0A MALE TO C MALE 3A COKBI - 3M,,,,TIDAK,0
5881,2604000096,NEW KEYBOARD ASUS ROG FOR SERVICE,,,,TIDAK,0
5882,2604000099,NEW KEYBOARD ASUS ROG ZEPHYRUS M16 GU603HM BLACK BACKLIT,,,,TIDAK,0
5883,2604000142,NEW KEYBOARD MTECH MINI MT-08 - BLACK,,,,TIDAK,1
5884,2604000141,NEW KEYBOARD MTECH STANDARD STK-01 - USB BLACK,2604000141,,,TIDAK,1
5885,2604000130,NEW LAYAR PROJECTOR ELECTRIC OTOMATIS 366CM X 275CM,,,,TIDAK,0
5886,2604000104,"NEW LED LAPTOP 14""0 SLIM 30PIN",,,,TIDAK,0
5887,2604000109,NEW LIQUID COOLER DEEPCOOL LE240 V2 ZERO DARK SILENT - BLACK,,,,TIDAK,5
5888,2604000110,NEW LIQUID COOLER DEEPCOOL LE360 V2 ZERO DARK SILENT - BLACK,,,,TIDAK,2
5889,2604000138,NEW MOUSE MTECH MT-129 - BLACK,,,,TIDAK,1
5890,2604000148,NEW MOUSE MTECH SY-7030 1200DPI - BLACK,8994464831831,,,TIDAK,0
5891,2604000149,NEW MOUSE MTECH SY-7030 1200DPI - PINK,8994464831855,,,TIDAK,0
5892,2604000150,NEW MOUSE MTECH SY-7030 1200DPI - WHITE,8994464831848,,,TIDAK,0
5893,2604000101,NEW MOUSE MTECH W70 1600DPI - BLACK,8994464830926,,,TIDAK,0
5894,2604000102,NEW MOUSE MTECH W70 1600DPI - BROWN,8994464830957,,,TIDAK,0
5895,2604000103,NEW MOUSE MTECH W70 1600DPI - TOSCA,8994464830940,,,TIDAK,0
5896,2604000137,NEW MOUSE MTECH W70 1600DPI - WHITE,8994464830933,,,TIDAK,0
5897,2604000090,"NEW NB ACER ASPIRE LITE 14 AL14 36P C7VD INTEL CELERON N4500 8GB 512GB 14"" FHD IPS WIN 11 HOME + OHS 2024 + M365 (GREY)",,LAPTOP,ACER,TIDAK,0
5898,2604000171,"NEW PC AIO ASUS A3202WBAK BPB1820W INTEL CELERON 7305 8GB 256GB 21.5"" WIN 11 HOME",,,,TIDAK,0
5899,2604000132,NEW PC RAKITAN TMM STANDART,,,,TIDAK,0
5900,2604000151,NEW POINTER MTECH P-1000,2604000151,,,TIDAK,1
5901,2604000122,NEW POWER SUPPLY DEEPCOOL GAMERSTORM PF550X 550W 80+ BRONZE - NON MODULAR,6933412756132,,,TIDAK,10
5902,2604000123,NEW POWER SUPPLY DEEPCOOL GAMERSTORM PF650X 650W 80+ BRONZE - NON MODULAR,6933412756279,,,TIDAK,19
5903,2604000124,NEW POWER SUPPLY DEEPCOOL GAMERSTORM PF750X 750W 80+ BRONZE - NON MODULAR,6933412756415,,,TIDAK,15
5904,2604000120,NEW POWER SUPPLY DEEPCOOL GAMERSTORM PQ750G 750W 80+ GOLD - FULL MODULAR,6933412744382,,,TIDAK,9
5905,2604000121,NEW POWER SUPPLY DEEPCOOL PQ850G 850W 80+ GOLD - FULL MODULAR,,,,TIDAK,3
5906,2604000095,NEW POWER SUPPLY EPSON L3110,,,,TIDAK,0
5907,2604000174,NEW PRINTER CANON E470 WIFI - AIO,,,,TIDAK,3
5908,2604000136,NEW RAKITAN STANDART TMM 2,,,,TIDAK,0
5909,2604000147,NEW SET COMBO MTECH STK-04 2in1 - BLACK,,,,TIDAK,1
5910,2604000146,NEW SET COMBO MTECH STK-05 2in1 - BLACK,2604000146,,,TIDAK,1
5911,2604000094,NEW SHAFT ROLLER L0 ASSY/ASF L210,,,,TIDAK,0
5912,2604000088,NEW SPEAKER HARMAN KARDON LUNA - BLACK,,,,TIDAK,0
5913,2604000089,NEW SPEAKER HARMAN KARDON LUNA - GREY,,,,TIDAK,1
5914,2604000092,NEW SPEAKER JBL CHARGE 5  WHITE,6925281988158,,,TIDAK,1
5915,2604000091,NEW SPEAKER JBL CHARGE 6 BLUE,,,,TIDAK,1
5916,2604000100,NEW SPEAKER JBL SET PARTY BOX ENCORE 2 BLACK,,,,TIDAK,1
5917,2604000166,NEW SSD CASE MTECH M2 NVME,2604000166,,,TIDAK,1
5918,2604000125,NEW THERMAL PASTA NOCTUA NT-H2 3.5G,,,,TIDAK,0
5919,2604000128,NEW TP-LINK ARCHER C80 AC1900 - ROUTER,,,,TIDAK,0
5920,2604000111,NEW TWS FANTECH LIVE WAVE TW11V2 BLUETOOTH 5.3 - RED,,,,TIDAK,3
5921,2604000168,NEW UPS APC BVG2200I-GR 2200VA 1200W,,,,TIDAK,0
5922,2604000164,NEW USB HUB MTECH 3.0 4-PORT MT-UH3 1.2M - BLACK,2604000164,,,TIDAK,0
5923,2604000165,NEW USB HUB MTECH 3.0 7-PORT MT-UH7 1.2M - BLACK,,,,TIDAK,0
5924,2604000131,NEW VGA CARD MSI FRIEREN EDITION RTX 5070 Ti 16GB GDDR7,,,,TIDAK,1
5925,2604000133,NEW VGA CARD PNY EPIC-X RGB RTX 5080 16GB OC GDDR7,,,,TIDAK,0
5926,2604000143,NEW WEBCAM MTECH WB-350 1080P,,,,TIDAK,0
5927,2604000144,NEW WEBCAM MTECH WB-500 1080HD,,,,TIDAK,0
5928,2605000003,NEW ADAPTER MONITOR 12V-2AM,,,,TIDAK,0
5929,2604000178,NEW CASING PARADOX STARBURN - BLACK,,,,TIDAK,10
5930,2604000182,NEW CATRIDGE HP M0H51AA BLACK,,,,TIDAK,0
5931,2604000177,NEW FAN PROCESSOR PARADOX GAMING HYPERSONIC 421 ARGB - BLACK,,,,TIDAK,2
5932,2604000176,NEW MINI PC ASROCK JUPITER X300 AM4,,,,TIDAK,0
5933,2604000188,"NEW MONITOR AOC 22B30HM2/70 22"" FLAT VA FHD 100Hz",,,,TIDAK,8
5934,2604000185,"NEW MONITOR AOC 24B36X/70 24"" FLAT IPS FHD 144Hz",,,,TIDAK,3
5935,2604000186,"NEW MONITOR AOC 27B36X/70 27"" FLAT IPS FHD 144Hz",,,,TIDAK,1
5936,2604000187,"NEW MONITOR AOC Q27B30E/70 27"" FLAT IPS QHD 75Hz",,,,TIDAK,6
5937,2604000194,"NEW NB ACER ASPIRE LITE 14 AL14 42P R1D5 RYZEN 3-5300 8GB 512GB 14"" IPS WIN 11 HOME + OHS + M365B (PINK)",,LAPTOP,ACER,TIDAK,0
5938,2605000007,NEW NB ASUS VIVOBOOK GO 14 E1404GA FHD3822M INTEL I3-N305 8GB 256GB WIN 11 HOME + OHM 2021 + M365 (GREEN GREY),4711636063319,LAPTOP,ASUS,TIDAK,3
5939,2604000180,"NEW NB AXIOO HYPE 3 G12 INTEL I3-1215 8GB 256GB 14"" FHD IPS DOS (BLUE)",,LAPTOP,AXIOO,TIDAK,0
5940,2604000181,"NEW NB AXIOO HYPE 3 G12 INTEL I3-1215 8GB 256GB 14"" FHD IPS DOS (GREY)",,LAPTOP,AXIOO,TIDAK,0
5941,2604000192,"NEW NB AXIOO HYPE 5 X5-2 LOLLIPOP RYZEN 5-7430 8GB 256GB 14"" FHD IPS DOS (BLUE)",,LAPTOP,AXIOO,TIDAK,0
5942,2604000191,"NEW NB AXIOO HYPE 5 X5-2 LOLLIPOP RYZEN 5-7430 8GB 256GB 14"" FHD IPS DOS (PINK)",,LAPTOP,AXIOO,TIDAK,0
5943,2605000002,NEW NB LENOVO IDEAPAD SLIM3 141RU8 82X6006DID INTEL CORE I3-1315 8GB 256GB 14'' FHD WIN 11 HOME 2024 365 ARTIC GREY,199272323860,LAPTOP,LENOVO,TIDAK,9
5944,2605000008,NEW PHOTO PAPER CANON RP108 FOR CP1000/CP1300/CP1500,,,,TIDAK,0
5945,2605000006,NEW PHOTO PRINTER CANON SELPHY CP1500 WHITE,,,,TIDAK,0
5946,2604000184,NEW POWER SUPPLY MSI MAG A1000GLS PCIE5 1000W 80+GOLD - FULL MODULAR,,,,TIDAK,0
5947,2605000010,NEW PRINTER BROTHER DCP-T530DW WIFI - AIO,,,,TIDAK,2
5948,2605000009,NEW PRINTER BROTHER DCP-T730DW,,,,TIDAK,2
5949,2604000190,NEW PRINTER HP LASERJET PRO 330FDW - AIO,,,,TIDAK,0
5950,2605000005,NEW RAM LONGDIMM DDR4 KINGBANK 8GB (1X8GB) 3200MHZ CL16 SILVER HEATSINK,,,,TIDAK,2
5951,2604000179,NEW SET RAKITAN ASROCK JUPITER X300,,,,TIDAK,0
5952,2604000193,NEW SLEEVECASE R AXIOO,,,,TIDAK,0
5953,2605000004,NEW TP-LINK ARCHER AX10 AX1500 DUAL-BAND GIGABIT WI-FI 6 ROUTER,,,,TIDAK,0
5954,2605000001,NEW TP-LINK TG-3468 PCI-E GIGABIT,6935364001049,,,TIDAK,7
5955,2604000183,NEW USB HUB OCYPUS DELTA EU04 4-PORT BLACK,,,,TIDAK,6
5956,2604000189,NEW VGA CARD ASUS ROG ASTRAL RTX 5090 32GB OC GDDR7,,,,TIDAK,1
5957,2605000024,NEW POWER SUPPLY ATX 500W,,,,TIDAK,0
5958,2605000033,NEW POWER SUPPLY COOLER MASTER MWE 550 V3 230V A/EU CABLE BRONZE,,,,TIDAK,0
5959,2605000035,"NEW HARDISK INTERNAL WD PURPLE 3.5"" 2TB",,,,TIDAK,5
5960,2605000034,"NEW HARDISK INTERNAL WD RED PLUS 3.5"" 8TB",,,,TIDAK,0
5961,2605000013,NEW ADAPTER ACER 19V-3.42A 65W 3.0*1.1MM WITH LIGHT,,,,TIDAK,0
5962,2605000029,NEW ADAPTER ASUS 19V-3.42A-65W-5.5*2.5MM,,,,TIDAK,0
5963,2605000019,NEW BATERAI LENOVO T470 SLIM ORIGINAL,,,,TIDAK,0
5964,2605000036,NEW CHARGING FANTECH EOS DOC ACGP03 GAMEPAD BLACK,,,,TIDAK,4
5965,2605000011,NEW CCTV EZVIZ WIRELESS CAMERA 3MP CS-H6C,,,,TIDAK,0
5966,2605000026,NEW FAN CASING PHANTEKS D30 140MM PWM FAN DRGB REVERSED WHITE - SINGLE,,,,TIDAK,2
5967,2605000027,NEW FAN CASING PHANTEKS D30 120MM PWM FAN DRGB REVERSED WHITE 3P,,,,TIDAK,0
5968,2605000060,NEW FANTECH SET COMBO GO WK900 - BLACK,,,,TIDAK,11
5969,2605000055,NEW GAMEPAD FANTECH EOS PRO WGP15V2 - GREY,,,,TIDAK,6
5970,2605000047,NEW KEYBOARD PARADOX GAMING GHOST ZX68-NCLP - BLUE SWITCH - BLACK,,,,TIDAK,1
5971,2605000056,NEW HEADSET FANTECH WH06 GO TUNE - BEIGE,,,,TIDAK,3
5972,2605000058,NEW HEADSET FANTECH WH06 GO TUNE - DARK GREY,,,,TIDAK,8
5973,2605000067,NEW KEYBOARD FANTECH MK921 MAXFIT8 ONEPIECE ZORO(EH) - WHITE SWITCH,,,,TIDAK,1
5974,2605000071,NEW KEYBOARD HP 14-BW BLACK ORIGINAL,,,,TIDAK,0
5975,2605000066,NEW MICROPHONE FANTECH LEVIOSA AURA MCX04 USB - BLACK,,,,TIDAK,8
5976,2605000030,NEW MOTHERBOARD ASROCK H610M-H2/M.2 D5 LGA 1700 DDR4 - mATX,,,,TIDAK,0
5977,2605000031,NEW MOTHERBOARD ASROCK Z790 PRO RS WIFI LGA 1700 DDR5 ATX,,,,TIDAK,0
5978,2605000025,NEW MOTHERBOARD MSI MEG X870E GODLIKE SINGLE,,,,TIDAK,0
5979,2605000020,NEW MOTHERBOARD MSI MEG X870E GODLIKE AM5 DDR5 - EATX,,,,TIDAK,0
5980,2605000021,NEW MOTHERBOARD MSI MPG X870E EDGE TI WIFI AM5 DDR5 - ATX,,,,TIDAK,1
5981,2605000048,NEW RAM LONGDIMM DDR5 KINGBANK KRRB SOARBLADE 32GB (16GBX2) 6000MHZ CL36 BLACK HEATSINK RGB,,,,TIDAK,6
5982,2605000053,NEW MOUSE FANTECH ARIA ONEPIECE XD7 GAMING LUFFY EDITION,,,,TIDAK,2
5983,2605000054,NEW MOUSE FANTECH ARIA ONEPIECE XD7 GAMING ZORO,,,,TIDAK,2
5984,2605000072,NEW RAM LONGDIMM DDR5 KINGBANK KFRB SOARBLADE 32GB (16GBX2) 6000MHZ CL28 HYNIX A-DIE BLACK RGB,,,,TIDAK,7
5985,2605000065,NEW MOUSE FANTECH KANATA WIRELESS WG9 GAMING - BLACK,,,,TIDAK,20
5986,2605000044,NEW MOUSEPAD FANTECH AGILE MP453 GAMING - BLACK,,,,TIDAK,5
5987,2605000045,NEW MOUSEPAD FANTECH AGILE MP453 GAMING - WHITE,,,,TIDAK,9
5988,2605000046,NEW MOUSEPAD FANTECH AGILE MP903 GAMING - GREY,,,,TIDAK,20
5989,2605000068,NEW MOUSEPAD FANTECH x ONEPIECE EGGHEAD ATO MP905 (900x400mm) DESKMAT - GEAR5(EH),,,,TIDAK,8
5990,2605000069,NEW MOUSEPAD FANTECH x ONEPIECE EGGHEAD ATO MP905 (900x400mm) DESKMAT - LUFFY(EH),,,,TIDAK,9
5991,2605000070,NEW PROCESSOR INTEL CORE I5-4570 3.3GHz TRAY + FAN SOCKET 1150 - BUNDLE,,,,TIDAK,10
5992,2605000057,"NEW NB ACER ASPIRE LITE 14 AL14 36P C7Q8 INTEL CELERON N4500 8GB 512GB 14"" FHD IPS WIN 11 HOME + OHS 2024 + M365 (ROSE SAKURA)",,LAPTOP,ACER,TIDAK,0
5993,2605000063,"NEW NB ACER ASPIRE LITE 14 AL14 36P C9YY INTEL CELERON N4500 8GB 512GB 14"" FHD IPS WIN 11 HOME + OHS 2024 + M365 (FRESH BLUE))",,LAPTOP,ACER,TIDAK,0
5994,2605000077,"NEW NB ACER ASPIRE LITE 14 AL14 71M 71E2 INTEL I7-12650H 16GB 1TB 14"" IPS FHD WIN 11 HOME + OHS 2024 (LIGHT SILVER)",,LAPTOP,ACER,TIDAK,2
5995,2605000014,NEW NB ACER ASPIRE LITE AL14-45P-R8JN AMD R3 5400U 8GB 512GB WUXGA 14'' W11 HOME 2024,4711474882998,LAPTOP,ACER,TIDAK,7
5996,2605000074,"NEW NB ADVAN WORKMATE RYZEN 5-3500U 8GB 256GB 14"" FHD WIN 11 HOME (GREY)",,LAPTOP,ADVAN,TIDAK,0
5997,2605000016,"NEW NB ADVAN WORKMATE RYZEN 5-3500U 8GB 256GB 14"" FHD WIN 11 HOME (ROSE GOLD)",,LAPTOP,ADVAN,TIDAK,2
5998,2605000051,NEW NB ASUS TUF GAMING A15 FA506NCQ R735B6T-HM RYZEN 7 170 16GB 512GB RTX 3050 4GB 15.6″ FHD WIN 11 HOME + OHM 2024 + M365 (GRAPHITE BLACK),,LAPTOP,ASUS,TIDAK,2
5999,2605000073,NEW NB ASUS TUF GAMING F16 FX607VJB I535J6M-HM INTEL CORE 5 210H 16GB 512GB RTX 3050 6GB 16″ IPS FHD+ WIN 11 HOME + OHM 2024 + M365 (MECHA GREY),,LAPTOP,ASUS,TIDAK,2
6000,2605000062,NEW NB ASUS TUF GAMING F16 FX608JHR I7N55J6G-HM INTEL I7-14650HX 16GB 512GB RTX 5050 8GB 16″ IPS FHD+ WIN 11 HOME + OHM 2024 + M365 (JAEGER GREY),,LAPTOP,ASUS,TIDAK,2
6001,2605000050,"NEW NB ASUS VIVOBOOK GO 14 E1404TA VIPS1821M INTEL CELERON N150 8GB 256GB 14"" FHD IPS WIN 11 HOME + OHS 2024 + M365B (BLACK)",,LAPTOP,ASUS,TIDAK,0
6002,2605000049,"NEW NB ASUS VIVOBOOK GO 14 E1404TA VIPS1822M INTEL CELERON N150 8GB 256GB 14"" FHD IPS WIN 11 HOME + OHS 2024 + M365B (COOL SILVER)",,LAPTOP,ASUS,TIDAK,0
6003,2605000052,NEW NB ASUS ZENBOOK 14 UX3405CA 9312TM INTEL ULTRA 9 285H 32GB 1TB 14″ OLED 3K TOUCH WIN 11 HOME + OHM 2024 + M365 (FOGGY SILVER),,LAPTOP,ASUS,TIDAK,0
6004,2605000028,NEW NB MACBOOK AIR 13 M3 MC8P4ID 8C CPU 10C GPU 24GB 512GB 13.6 (STARLIGHT),,LAPTOP,APPLE,TIDAK,0
6005,2605000059,NEW PC AIO ASUS P440VAK-B3852W INTEL CORE 3-100U 8GB 512GB PCIE SSD 23.8'' FHD WIN 11 HOME (BLACK),,,,TIDAK,0
6006,2605000061,NEW PC AIO HP 240-G10 BD1Q7AT INTEL CORE I3-N300 8GB DDR4-3200 512GB 23.8'' FHD WIN 11 HOME,,,,TIDAK,0
6007,2605000064,NEW PC AIO LENOVO 24IRH9 F0HN00T7ID INTEL CORE 7 240H 8GB 1TB 23.8'' FHD IPS WIN11 HOME+OHS 2024 M365,,,,TIDAK,0
6008,2605000023,NEW POWER SUPPLY ASROCK STEEL LEGEND SL-1000G 1000W 80+ GOLD - FULL MODULAR,,,,TIDAK,0
6009,2605000043,NEW POWER SUPPLY REDWOLF 500W  NON MODULAR,2605000043,,,TIDAK,11
6010,2605000017,NEW RAM LONGDIMM DDR4 KINGBANK 16GB (1X16GB) 3200MHZ CL16 SILVER HEATSINK,,,,TIDAK,7
6011,2605000018,NEW RAM LONGDIMM DDR4 TEAM GROUP ELITE+ 8GB (1X8GB) 3200MHZ - TPD48G3200HC2201,,,,TIDAK,0
6012,2605000037,NEW SLEEVECASE ADVAN,,,,TIDAK,0
6013,2605000039,NEW CASING DEEPCOOL CG 530U 4F - ATX - WHITE,,,,TIDAK,1
6014,2605000041,NEW SSD NVME ENPC 256GB,,,,TIDAK,0
6015,2605000042,NEW SSD NVME ENPC 512GB,,,,TIDAK,0
6016,2605000038,NEW SSD SATA ENPC 128GB,,,,TIDAK,9
6017,2605000040,NEW SSD SATA ENPC 256GB,,,,TIDAK,1
6018,2605000075,NEW TINTA EPSON 673 CYAN,,,,TIDAK,1
6019,2605000076,NEW TINTA EPSON 673 MAGENTA,,,,TIDAK,1
6020,2605000015,NEW TRIPOD HOLDER HANDPHONE BLE-M3 F610,,,,TIDAK,0
6021,2605000032,NEW VGA ASUS ROG ASTRAL RTX 5080 16GB OC EDITION GDDR7,,,,TIDAK,0
6022,2605000012,PC RAKITAN I5 VESPA,,,,TIDAK,0
6023,2605000022,POWER SUPPLY ASROCK STEEL LEGEND SL-1000G 1000W 80+ GOLD - FULL MODULAR,,,,TIDAK,0
6024,2605000110,NEW CASING DEEPCOOL CG330 3F M - ATX - BLACK,,,,TIDAK,0
6025,2605000304,JASA RAKIT EXPRESS,,,,TIDAK,0
6026,2605000093,MOUSE FANTECH RAIGOR II WG10 2000DPI - RED,,,,TIDAK,20
6027,2605000103,NEW NB ASUS VIVOBOOK 14 A1404VA VIPS3854M INTEL I3-1315U 8GB 512GB 14″ FHD IPS WIN 11 HOME + OHM 2024 + M365 (BLUE),,LAPTOP,ASUS,TIDAK,0
6028,2605000102,NEW NB ASUS VIVOBOOK 14 A1404VA VIPS3855M INTEL I3-1315U 8GB 512GB 14″ FHD IPS WIN 11 HOME + OHM 2024 + M365 (TERRACOTA),,LAPTOP,ASUS,TIDAK,0
6029,2605000104,NEW NB ASUS VIVOBOOK 14 A1404VA VIPS3856M INTEL I3-1315U 8GB 512GB 14″ FHD IPS WIN 11 HOME + OHM 2024 + M365 (COOL SILVER),,LAPTOP,ASUS,TIDAK,0
6030,2605000236,NEW ADAPTER ASUS 19V-4.7A 90W (5.5*2.5mm) SQUARE SHAPE,,,,TIDAK,0
6031,2605000268,NEW NB APPLE MACBOOK NEO 13 A18 PRO 6C CPU 8GB 256GB 13.0 CITRUS GRS RSMI INDONESIA MHFD4ID,195950851748,LAPTOP,APPLE,TIDAK,5
6032,2605000131,"NEW ARMAGGEDDON XC34UWQHD SUPER G180 CURVED 34"" - BLACK",,,,TIDAK,0
6033,2605000086,NEW ASUS PEN 2.0 STYLUS SA203H,,,,TIDAK,0
6034,2605000249,NEW ASUS X5052 IC POWER,,,,TIDAK,0
6035,2605000231,NEW BATERAI ASUS B31N1911/C31N1911 ORIGINAL,,,,TIDAK,0
6036,2605000145,NEW BLUETOOTH SPEAKER SONIC GEAR SONIC BT X-AMP RGB,8886411909475,,,TIDAK,11
6037,2605000144,NEW BLUETOOTH SPEAKER SONIC GEAR SONICBAR NEOX 250P RGB,8886411909390,,,TIDAK,3
6038,2605000142,NEW BLUETOOTH SPEAKER SONIC GEAR iOX 3P STEREO 2.1,8886411910167,,,TIDAK,3
6039,2605000143,NEW BLUETOOTH SPEAKER SONIC GEAR iOX BAR III P,8886411911058,,,TIDAK,4
6040,2605000299,NEW BRACKET RYUNIX ITTO MAX1 (RY-ACC MAX1) - BLACK,,,,TIDAK,8
6041,2605000300,NEW BRACKET RYUNIX ITTO MAX1 (RY-ACC MAX1) - WHITE,,,,TIDAK,12
6042,2605000126,NEW BUNDLE 3IN1 MEJA GAMING REXUS OMNI RXB-147 INCLUDE PEGBOARD & MONITOR ARM BRACKET,,,,TIDAK,0
6043,2605000174,NEW CABLE HIVIEW RG59+2C 50M WHITE COAXIAL,,,,TIDAK,0
6044,2605000148,NEW CASING ALCATROZ AZZURA MILLENIA ECO M100 M-ATX BLACK,8886411970666,,,TIDAK,4
6045,2605000149,NEW CASING ALCATROZ AZZURA MILLENIA ECO M300 M-ATX,8886411970680,,,TIDAK,5
6046,2605000186,NEW CASING MSI MAG FORGE M120R AIRFLOW - ATX - BLACK,,,,TIDAK,1
6047,2605000173,NEW RAM LONGDIMM DDR4 SAMSUNG 8GB (1X8GB) 3200MHZ - IW,,,,TIDAK,25
6048,2605000166,NEW CASING PARADOX GAMING AKAZA - BLACK,2605000166,,,TIDAK,15
6049,2605000176,NEW CASING PARADOX GAMING BLADESTORM - BLACK,,,,TIDAK,3
6050,2605000177,NEW CASING PARADOX GAMING BLADESTORM - WHITE,2605000177,,,TIDAK,4
6051,2605000178,NEW CASING PARADOX GAMING COSMIC - BLACK,,,,TIDAK,5
6052,2605000171,NEW CASING PARADOX GAMING GLASS V2 - BLACK,,,,TIDAK,13
6053,2605000168,NEW CASING PARADOX GAMING GRIMREAPER M - ATX - BLACK,,,,TIDAK,10
6054,2605000169,NEW CASING PARADOX GAMING GRIMREAPER M - ATX - WHITE,,,,TIDAK,11
6055,2605000179,NEW CASING PARADOX GAMING KASHGAR - BLACK,2605000179,,,TIDAK,4
6056,2605000181,NEW CASING PARADOX GAMING RENGGANIS - ATX - BLACK,2605000181,,,TIDAK,9
6057,2605000182,NEW CASING PARADOX GAMING RENGGANIS - WHITE,2605000182,,,TIDAK,9
6058,2605000183,NEW CASING PARADOX GAMING TOMORROW T6 SILVER+WHITE+BLACK,,,,TIDAK,3
6059,2605000180,NEW CASING PARADOX GAMING TRICKSTER V2 DUAL CHAMBER - BLACK,,,,TIDAK,10
6060,2605000172,NEW CASING PARADOX U621 HOMURA V2 - WHITE,2605000172,,,TIDAK,5
6061,2605000175,NEW CASING PARADOX STARBURN - WHITE,,,,TIDAK,10
6062,2605000185,NEW PC ASUS P500SV-3850182WS INTEL CORE 3 100U 8GB 512GB WIN 11 HOME + OHS 2024 + M365 (NON MONITOR),,,,TIDAK,0
6063,2605000167,NEW CASING ⁠PARADOX GAMING AKAZA - WHITE,2605000167,,,TIDAK,15
6064,2605000170,NEW CCTV HIKVISION DS-2CE78K0T-LTS 2.8MM 3K TWO WAY AUDIO FIXED TURRET,,,,TIDAK,0
6065,2605000308,NEW COOLINGPAD NYK NEMESIS BLACKHOLE X10 - BLACK,2605000308,,,TIDAK,5
6066,2605000307,NEW COOLINGPAD NYK NEMESIS BLASTER AX2 - BLACK,,,,TIDAK,0
6067,2605000254,NEW GAMEPAD REXUS CHARGER DOCKING GDC-03 AX10 EZOTH - WHITE,,,,TIDAK,7
6068,2605000253,NEW GAMEPAD REXUS DAXA EZOTH AX10 - WHITE,,,,TIDAK,5
6069,2605000255,NEW GAMEPAD REXUS GLADIUS GX-150 V.2 WIRELESS - WHITE,,,,TIDAK,0
6070,2605000261,NEW GAMEPAD REXUS GLADIUS GX500 V2 3-CONNECTION - NAVY,,,,TIDAK,1
6071,2605000091,"NEW HARDISK INTERNAL WD PURPLE PRO 3.5"" 4TB",,,,TIDAK,0
6072,2605000079,"NEW HARDISK INTERNAL WD RED PLUS 3.5"" 2TB",,,,TIDAK,0
6073,2605000084,NEW VGA CARD GIGABYTE GEFORCE RTX GV-N5080AORUSM ICE-16GD,,,,TIDAK,0
6074,2605000083,"NEW HARDISK INTERNAL WD RED PLUS 3.5"" 4TB",,,,TIDAK,0
6075,2605000094,NEW HEADSET FANTECH  SONATA MH90 GAMING - BLACK,,,,TIDAK,4
6076,2605000224,NEW HEADSET LOGITECH G321 981-001564 - BLACK,,,,TIDAK,4
6077,2605000225,NEW HEADSET LOGITECH G321 981-001570 - WHITE,,,,TIDAK,4
6078,2605000227,NEW HEADSET LOGITECH G325 LIGHTSPEED 981-001525 - BLACK,,,,TIDAK,2
6079,2605000228,NEW HEADSET LOGITECH G325 LIGHTSPEED 981-001532 - WHITE,,,,TIDAK,2
6080,2605000229,NEW TP-LINK DECO M5 2-PACK AC1300 - ROUTER,,,,TIDAK,0
6081,2605000128,NEW HEADSET RAZER HAMMERHEAD V3 WIRED NONX - BLACK,,,,TIDAK,3
6082,2605000129,NEW HEADSET RAZER HAMMERHEAD V3 X WIRED NONX - WHITE,,,,TIDAK,4
6083,2605000130,NEW HEADSET RAZER KRAKEN KITTY V2 X WIREDLESS - BLACK,,,,TIDAK,1
6084,2605000139,NEW HEADSET RAZER KRAKEN KITTY V2 X WIRELESS - QUARTZ EDITION,,,,TIDAK,1
6085,2605000138,NEW HEADSET RAZER KRAKEN KITTY V2 X WIREDLESS - WHITE,,,,TIDAK,1
6086,2605000283,NEW HEADSET RYUNIX GOZE HX1 - BLACK,,,,TIDAK,10
6087,2605000284,NEW HEADSET RYUNIX GOZE HX1 - WHITE,,,,TIDAK,9
6088,2605000285,NEW HEADSET RYUNIX HIBIKI HX2 - BLACK,,,,TIDAK,10
6089,2605000287,NEW HEADSET RYUNIX HIBIKI HX2 - WHITE,,,,TIDAK,0
6090,2605000146,NEW HEADSETPHONE STAND HPX-100 - BLACK,,,,TIDAK,5
6091,2605000147,NEW HEADSETPHONE STAND HPX-100 - WHITE,,,,TIDAK,6
6092,2605000152,NEW KEYBOARD ASUS A405/X405 WITH ON-OFF BLACK,,,,TIDAK,0
6093,2605000121,NEW KEYBOARD LOGITECH ALTO KEYS K98M - GRAPHITE,,,,TIDAK,2
6094,2605000232,NEW TP-LINK ARCHER AX72 AX5400 DUAL BAND - ROUTER,,,,TIDAK,0
6095,2605000278,NEW KEYBOARD RAZER BLACKWIDOW V3 MECHANICAL GAMING - BLACK - GREEN SWITCH,,,,TIDAK,1
6096,2605000123,NEW KEYBOARD RAZER DEATHSTALKER V2 CLICKY - BLACK - RED SWITCH,,,,TIDAK,0
6097,2605000124,NEW KEYBOARD RAZER HUNTSMAN V2 TENKEYLESS RED,,,,TIDAK,0
6098,2605000125,NEW KEYBOARD RAZER HUNTSMAN V2 TKL - BLACK - PURPLE SWITCH,,,,TIDAK,1
6099,2605000127,NEW KEYBOARD RAZER HUNTSMAN V3 PRO TENKEYLESS 8KHZ BLACK,,,,TIDAK,1
6100,2605000264,NEW KEYBOARD RYUNIX YUZEN XO-787 - BLACKBLUE - BABY BLUE SWITCH,,,,TIDAK,5
6101,2605000263,NEW KEYBOARD RYUNIX YUZEN XO-787 - BLACKPURPLE - COCONUT LATTE SWITCH,,,,TIDAK,5
6102,2605000184,NEW KURSI COOLER MASTER GAMING CHAIR ORB X,,,,TIDAK,1
6103,2605000137,NEW KURSI GAMING RAZER ENKI - BLACK,,,,TIDAK,0
6104,2605000132,NEW KURSI GAMING RAZER ISKUR V2 X - GRAY,,,,TIDAK,0
6105,2605000294,NEW KURSI RYUNIX GX7 (RY-ACC KGX7) - FABRIC,,,,TIDAK,0
6106,2605000292,NEW KURSI RYUNIX GX7 (RY-ACC KGX7) - LEATHER,,,,TIDAK,0
6107,2605000295,NEW RAM LONGDIMM DDR5 KINGBANK KRRW SOARBLADE 32GB (16GBX2) 6000MHZ CL36 WHITE HEATSINK RGB,,,,TIDAK,6
6108,2605000297,NEW SSD KINGBANK SATA III 256GB 2.5 KP320 3Y - UP TO 500 MB/S,,,,TIDAK,10
6109,2605000250,NEW LENOVO GAMING 3 2 IC POWER,,,,TIDAK,0
6110,2605000251,NEW LENOVO IDEAPAD SLIM 5 IC CAS,,,,TIDAK,0
6111,2605000277,NEW LIGHT BAR RYUNIX HIKARI LX1,,,,TIDAK,14
6112,2605000090,NEW MESIN FINGERPRINT IWARE FP-08R,,,,TIDAK,0
6113,2605000095,NEW MICROPHONE FANTECH SONARA UFM1 STREAMING DEVICES - BLACK,,,,TIDAK,5
6114,2605000305,NEW MICROPHONE NYK NEMESIS SOMNUS MCN-20  - BLACK,8994464832418,,,TIDAK,6
6115,2605000306,NEW MICROPHONE NYK NEMESIS SOMNUS MCN-20  - WHITE,8994464832425,,,TIDAK,7
6116,2605000135,NEW MICROPHONE RAZER SEIREN V3 MINI - QUARTZ EDITION,,,,TIDAK,2
6117,2605000282,NEW MICROPHONE RYUNIX UTA CX1 - BLACK,,,,TIDAK,5
6118,2605000159,NEW SANDISK EXTREME PRO MICROSDXC 64G SDSQXCU-064G-GN6MA,619659188573,,,TIDAK,5
6119,2605000157,NEW SANDISK EXTREME MICROSDXC 256GB V30 SDSQXAV-256G-GN6MN,619659188511,,,TIDAK,0
6120,2605000160,NEW SANDISK EXTREME PRO MICROSDXC 256GB SDSQXCD-256G-GN6MA,619659188542,,,TIDAK,4
6121,2605000158,NEW SANDISK GAMEPLAY MICROSD 128GB SDSQXAA-128G-GN6XN,619659209704,,,TIDAK,1
6122,2605000154,NEW SANDISK ULTRA MICROSDXC 256GB SDSQUNR-256G-GN3MN,619659196516,,,TIDAK,6
6123,2605000156,NEW SANDISK ULTRA MICROSDXC UHS-I 256GB  SDSQUAC-256G-GN6MN,619659200497,,,TIDAK,4
6124,2605000153,NEW SANDISK ULTRA MICROSDXC 64GB SDSQUNR-064G-GN3MN,619659185077,,,TIDAK,18
6125,2605000155,NEW SANDISK ULTRA MICROSDXC UHS-I 64GB A1 SDSQUAB-064G-GN6MN,619659200473,,,TIDAK,9
6126,2605000235,NEW MONITOR ACER LED V 21.5,,,,TIDAK,0
6127,2605000141,NEW MONITOR ARMAGGEDDON PIXXEL + PXP 32 PRO BLACK EU,,,,TIDAK,4
6128,2605000140,NEW MONITOR ARMAGGEDDON PIXXEL+ XTREME XF24HD SUPER 165Hz (PXP24G),,,,TIDAK,9
6129,2605000087,"NEW MONITOR ASUS TUF GAMING VG34WQML5A 34"" CURVED WQHD",,,,TIDAK,2
6130,2605000242,"NEW MONITOR MSI MAG 272QPW QD-OLED X28 27"" FLAT 2K WQHD 280Hz",,,,TIDAK,0
6131,2605000280,"NEW MONITOR MSI MAG 274QPF E20 27"" FLAT 2K WQHD RAPID IPS 200Hz",,,,TIDAK,0
6132,2605000281,"NEW MONITOR MSI MAG 276CXF 27"" CURVED FHD RAPID VA 280Hz",,,,TIDAK,0
6133,2605000275,"NEW MONITOR MSI MAG 321CQF E18 32"" CURVED 2K QHD RAPID VA 180Hz",,,,TIDAK,0
6134,2605000252,"NEW MONITOR MSI MAG 322URDF E16 32"" FLAT 4K UHD RAPID IPS 160Hz",,,,TIDAK,0
6135,2605000262,"NEW MONITOR MSI MAG 342CQRF E20 34"" CURVED QHD 3440×1440 RAPID VA 200Hz",,,,TIDAK,0
6136,2605000078,NEW MONITOR MSI MAG 401QR 40-INCH FLAT IPS UWQHD ULTRA WIDE 155Hz,,,,TIDAK,1
6137,2605000286,"NEW MONITOR MSI MODERN MD342CQP 34"" CURVED UWQHD RAPID VA 120Hz",,,,TIDAK,0
6138,2605000279,"NEW MONITOR MSI MPG 272QRF X36 27"" FLAT 2K QHD RAPID IPS 360Hz",,,,TIDAK,0
6139,2605000241,NEW MONITOR MSI MPG 321URXW QD-OLED 32″ FLAT 4K UHD 240Hz,,,,TIDAK,0
6140,2605000298,"NEW MONITOR MSI PRO MP241 E14V 24"" FLAT FHD VA 144Hz",,,,TIDAK,0
6141,2605000296,"NEW MONITOR MSI PRO MP241W E14V 24"" FLAT FHD VA 144Hz",,,,TIDAK,0
6142,2605000293,NEW MONITOR MSI PRO MP251 E14L 24.5″ FLAT IPS FULL HD 144Hz ADAPTIVE-SYNC,,,,TIDAK,0
6143,2605000291,"NEW MONITOR MSI PRO MP273QW E14 27"" FLAT 2K WQHD IPS 100Hz",,,,TIDAK,0
6144,2605000288,"NEW MONITOR MSI PRO MP341CQ E12 34"" CURVED UWQHD 2K VA 120Hz",,,,TIDAK,0
6145,2605000221,"NEW MONITOR SKYWORTH F25G37F PRO 25"" FLAT IPS FHD 300Hz",,,,TIDAK,0
6146,2605000096,NEW MOUSE FANTECH  TANTO E ONEPIECE WG13E GAMING - GEAR5(EH),,,,TIDAK,5
6147,2605000097,NEW MOUSE FANTECH  TANTO E ONEPIECE WG13E GAMING - LUFFY(EH),,,,TIDAK,5
6148,2605000098,NEW MOUSE FANTECH  TANTO E ONEPIECE WG13E GAMING - ZORO(EH),,,,TIDAK,0
6149,2605000092,NEW MOUSE FANTECH HELIOS II PRO S XD3V3 4K8K GAMING - WHITE,,,,TIDAK,1
6150,2605000099,NEW MOUSE FANTECH TANTO PRO WG13P GAMING - BLACK,,,,TIDAK,4
6151,2605000100,NEW MOUSE FANTECH TANTO PRO WG13P GAMING - RED,,,,TIDAK,3
6152,2605000222,NEW MOUSE LOGITECH G 102 V 2 LIGHTSYNC 910-005802 - BLACK,,,,TIDAK,0
6153,2605000108,NEW MOUSE LOGITECH MX MASTER 3S FOR MAC - PALE GREY,,,,TIDAK,0
6154,2605000223,NEW MOUSE LOGITECH PRO X2 SUPERSTRIKE 910-007778 - LUNAR ECLIPSE,,,,TIDAK,2
6155,2605000244,NEW MOUSE MTECH W80 SILENT - BLACK,8994464832340,,,TIDAK,3
6156,2605000246,NEW MOUSE MTECH W80 SILENT - PINK,8994464832364,,,TIDAK,5
6157,2605000245,NEW MOUSE MTECH W80 SILENT - WHITE,8994464832357,,,TIDAK,3
6158,2605000301,NEW MOUSE NYK NEMESIS MOUSE WIRELESS TRI-MODE CONNECTION RGB WITH DOCKING RAZOR MQ-11 BLACK (MSG NMQ11BL) - BLACK,8994464832388,,,TIDAK,18
6159,2605000302,NEW MOUSE NYK NEMESIS MOUSE WIRELESS TRI-MODE CONNECTION RGB WITH DOCKING RAZOR MQ-11 BLACK (MSG NMQ11BL) - WHITE,8994464832395,,,TIDAK,20
6160,2605000134,NEW MOUSE RAZER BUNGEE V3 - BLACK,,,,TIDAK,2
6161,2605000195,NEW MOUSE RAZER DEATHADDER V3 ERGONOMIC WIRED GAMING BLACK,,,,TIDAK,0
6162,2605000203,NEW MOUSE RAZER OROCHI V2 WIRELESS QUARTZ EDITION,,,,TIDAK,2
6163,2605000112,NEW MOUSE RAZER VIPER V3 HYPERSPEED WIRELESS - BLACK,,,,TIDAK,6
6164,2605000114,NEW MOUSE RAZER VIPER V3 PRO WIRELESS - FAKER EDITION,,,,TIDAK,0
6165,2605000116,NEW MOUSE RAZER VIPER V3 PRO WIRELESS - SENTINELS EDITION,,,,TIDAK,1
6166,2605000113,NEW MOUSE RAZER VIPER V3 PRO WIRELESS - WHITE,,,,TIDAK,1
6167,2605000256,NEW MOUSE REXUS FLOW QZ20 NEW 2 MODE - BLACK,,,,TIDAK,10
6168,2605000257,NEW MOUSE REXUS FLOW QZ20 NEW 2 MODE - WHITE,,,,TIDAK,10
6169,2605000258,NEW MOUSE REXUS CLIF QV-260 VERTICAL 7D - BLACK,,,,TIDAK,10
6170,2605000259,NEW MOUSE REXUS CLIF QV-260 VERTICAL 7D - WHITE,,,,TIDAK,9
6171,2605000260,NEW FAN PROCESSOR DEEPCOOL ASSASSIN VC ELITE - WHITE,,,,TIDAK,1
6172,2605000248,NEW MOUSE REXUS RX106 - BLUE,,,,TIDAK,12
6173,2605000247,NEW MOUSE REXUS RX106 - WHITE,,,,TIDAK,12
6174,2605000165,NEW MOUSE ROBOT M205 - PURPLE,,,,TIDAK,0
6175,2605000272,NEW MOUSE RYUNIX HANE MX3 - BLACK,8994464830728,,,TIDAK,9
6176,2605000273,NEW MOUSE RYUNIX HANE MX3 - WHITE,8994464830735,,,TIDAK,10
6177,2605000276,NEW MOUSE RYUNIX MX10 - BLACK,,,,TIDAK,0
6178,2605000274,NEW MOUSE RYUNIX MX10 - WHITE,,,,TIDAK,0
6179,2605000230,NEW MOUSEPAD LOGITECH G440 943-000794 HARD GAMING,,,,TIDAK,3
6180,2605000117,NEW MOUSEPAD LOGITECH MOUSE PAD GRAPHITE 956-000035,,,,TIDAK,0
6181,2605000136,NEW MOUSEPAD RAZER GIGANTUS V2 M - BLACK,,,,TIDAK,0
6182,2605000290,NEW MOUSEPAD RYUNIX RYU NO SENSHI (COLLAB RYUNIX x MBETAND),2605000290,,,TIDAK,8
6183,2605000289,NEW MOUSEPAD RYUNIX TOKI SERIES (FUYUNEKO EDITION),,,,TIDAK,10
6184,2605000109,NEW NB ACER ASPIRE LITE AL14 44P R1XH RYZEN 7-7730U 8GB 512GB 14.5″ IPS FHD WIN 11 HOME + OHM 2024 + M365 ( LIGHT SILVER),4711474936363,LAPTOP,ACER,TIDAK,4
6185,2605000269,NEW NB APPLE MACBOOK NEO 13 A18 PRO 6C CPU 8GB 256GB 13.0 INDIGO GRS RSMI INDONESIA MHFF4ID,195950852684,LAPTOP,APPLE,TIDAK,5
6186,2605000270,NEW NB APPLE MACBOOK NEO 13 A18 PRO 6C CPU 8GB 256GB 13.0 PINK GRS RSMI INDONESIA MHFH4ID,195950853629,LAPTOP,APPLE,TIDAK,2
6187,2605000238,NEW NB APPLE MACBOOK NEO 13 A18 PRO 6C CPU 8GB 256GB 13.0 SILVER GRS RSMI INDONESIA MHFA4ID,195950850802,LAPTOP,APPLE,TIDAK,4
6188,2605000237,NEW NB APPLE MACBOOK NEO 13 A18 PRO 6C CPU 8GB 512GB 13.0 TOUCH ID GRS RESMI INDONESIA CITRUS -MHFE4ID,195950852219,LAPTOP,APPLE,TIDAK,5
6189,2605000271,NEW NB APPLE MACBOOK NEO 13 A18 PRO 6C CPU 8GB 512GB 13.0 TOUCH ID GRS RSMI INDONESIA INDIGO - MHFG4ID,195950853155,LAPTOP,APPLE,TIDAK,2
6190,2605000239,NEW NB APPLE MACBOOK NEO 13 A18 PRO 6C CPU 8GB 512GB 13.0 TOUCH ID GRS RSMI INDONESIA SILVER -MHFC4ID,195950851274,LAPTOP,APPLE,TIDAK,4
6191,2605000243,"NEW NB AXIOO HYPE 5 AMD JKT48 X3 LOLLIPOP RYZEN 5 3500 8GB 256GB 14"" FHD IPS W11 - BLUE",,LAPTOP,AXIOO,TIDAK,0
6192,2605000267,"NEW NB AXIOO HYPE 5 AMD JKT48 X3 LOLLIPOP RYZEN 5 3500 8GB 256GB 14"" FHD IPS W11 - PURPLE",,LAPTOP,AXIOO,TIDAK,0
6193,2605000265,NEW NB LENOVO IDEAPAD SLIM 3 14IRH10 83K000EXID INTEL I7-13620H 16GB 512GB 14″ IPS FHD WIN 11 HOME + OHM 2024 + M365 (LUNA GREY),,LAPTOP,LENOVO,TIDAK,0
6194,2605000266,NEW NB LENOVO IDEAPAD SLIM 3 14IRH10 83K000FNID INTEL I7-13620H 16GB 512GB 14″ IPS FHD WIN 11 HOME + OHM 2024 + M365 (COSMIC BLUE),199275280269,LAPTOP,LENOVO,TIDAK,13
6195,2605000164,NEW NB LENOVO IDEAPAD SLIM3 141RU8 82X6006CID INTEL CORE I3-1315 8GB 256GB 14'' FHD WIN 11 HOME 2024 365 BLUE,199272323853,LAPTOP,LENOVO,TIDAK,9
6196,2605000240,NEW NB LENOVO V14 G3 I7 1255 16GB 512GB W11+OHS 14.0FHD 1Y GREY K3ID,,LAPTOP,LENOVO,TIDAK,0
6197,2605000226,NEW NB LENOVO YOGA 7 2IN1 14IML9 83DJ00GGID INTEL ULTRA 7 155V 16GB 1TB 14″ 2.8K WIN 11 HOME + OHM 2024 + M365 (TIDAL TEAL),,LAPTOP,LENOVO,TIDAK,0
6198,2605000150,NEW PC AIO ASUS P440VAK-B5152WS INTEL CORE 5 16GB 512GB 23.8'' WIN 11 OFFICE HOME 2024,,,,TIDAK,0
6199,2605000105,NEW PC AIO ASUS P440VAK-W3851WS INTEL CORE I3-1315U 8GB 512GB 23.8+'' FULL HD WIN 11 HOME OFFICE HOME 2024,,,,TIDAK,0
6200,2605000106,NEW PC AIO ASUS P440VAK-W5152WS INTEL CORE 5 16GB 512GB 23.8'' WIN 11 OFFICE HOME 2024,,,,TIDAK,0
6201,2605000309,NEW PHONE COOLER NYK NEMESIS ORCA H7,,,,TIDAK,9
6202,2605000310,NEW PHONE COOLER NYK NEMESIS ZEPHYR H5,,,,TIDAK,0
6203,2605000088,NEW PRINTER BROTHER DCP-L3560CDW COLOR LASER MULTIFUNCTION WITH DUPLEX & WIFI,,,,TIDAK,0
6204,2605000085,NEW PRINTER BROTHER DCP-T830DW WIFI - AIO,,,,TIDAK,2
6205,2605000089,NEW PRINTER HP OFFICEJET PRO 9730 WIFI-AIO,,,,TIDAK,0
6206,2605000120,NEW PRINTER PASSBOOK EPSON PLQ-35 DOT MATRIX,,,,TIDAK,0
6207,2605000107,NEW PROCESSOR INTEL ULTRA 5 245K 4.2GHz LGA1851 BOX,,,,TIDAK,2
6208,2605000151,NEW PROCESSOR INTEL i9-14900KF 3.2GHz LGA1700 BOX,,,,TIDAK,1
6209,2605000080,NEW RAM LONGDIMM DDR5 KINGBANK KRXB SOARBLADE 32GB (2X16GB) 6000MHZ CL36 BLACK HEATSINK,,,,TIDAK,0
6210,2605000081,NEW RAM LONGDIMM DDR5 KINGBANK KRXB SOARBLADE 32GB (2X16GB) 6000MHZ CL36 WHITE,,,,TIDAK,0
6211,2605000311,NEW RAM LONGDIMM DDR5 KINGSTON FURY BEAST 16GB (2x8GB) 6000MHZ NON RGB BLACK - KF560C36BBEK2-16,,,,TIDAK,0
6212,2605000115,NEW ROUTER RUIJIE RG-EW1200G PRO DUAL BAND ROUTER,,,,TIDAK,0
6213,2605000192,NEW SANDISK CRUZER BLADE 128GB USB FLASH SDCZ50-128G-B35,619659125905,,,TIDAK,10
6214,2605000191,NEW SANDISK CRUZER BLADE CZ50 64GB USB 2.0 SDCZ50-064G-B35,619659097318,,,TIDAK,19
6215,2605000190,NEW SANDISK CRUZER BLADE 32GB SDCZ50-032G-B35,619659069193,,,TIDAK,23
6216,2605000201,NEW SANDISK CRUZER GLIDE 128GB USB 3.0 FLASH DRIVE SDCZ600-128G-G35,619659115913,,,TIDAK,7
6217,2605000199,NEW SANDISK CRUZER GLIDE 32GB USB 3.0 FLASH DRIVE SDCZ600-032G-G35,619659115890,,,TIDAK,7
6218,2605000200,NEW SANDISK CRUZER GLIDE 64GB USB 3.0 FLASH DRIVE SDCZ600-064G-G35,619659115906,,,TIDAK,10
6219,2605000211,NEW SANDISK EXTREME FIT 128GB USB-C FLASH DRIVE SDCZ530-128G-G46,619659222574,,,TIDAK,4
6220,2605000188,NEW SANDISK EXTREME SDXC 128GB V30 SDSDXVA-128G-GNCIN,619659188863,,,TIDAK,4
6221,2605000189,NEW SANDISK EXTREME SDXC 256GB V30 SDSDXVV-256G-GNCIN,619659188948,,,TIDAK,2
6222,2605000187,NEW SANDISK EXTREME SDXC 64GB V30 SDSDXV2-064G-GNCIN,619659188610,,,TIDAK,6
6223,2605000214,NEW SANDISK ULTRA CURVE 128GB USB 3.2 FLASH DRIVE,,,,TIDAK,0
6224,2605000215,NEW SANDISK ULTRA CURVE 256GB USB 3.2 FLASH DRIVE,619659187859,,,TIDAK,4
6225,2605000212,NEW SANDISK ULTRA CURVE 32GB USB 3.2 FLASH DRIVE SDCZ550-032G-G46,619659186784,,,TIDAK,8
6226,2605000213,NEW SANDISK ULTRA CURVE 64GB USB 3.2 FLASH DRIVE SDCZ550-064G-G46,619659186692,,,TIDAK,6
6227,2605000194,NEW SANDISK ULTRA 32GB USB 3.0 FLASH DRIVE SDCZ48-O32G-U46,619659102166,,,TIDAK,20
6228,2605000220,NEW SANDISK ULTRA DUAL DRIVE GO 128GB GREEN USB-C SDDDC3-128G-G46AG,619659203917,,,TIDAK,4
6229,2605000219,NEW SANDISK ULTRA DUAL DRIVE GO 64GB GREEN USB-C SDDDC3-064G-G46AG,619659204204,,,TIDAK,6
6230,2605000209,NEW SANDISK ULTRA FLAIR 128GB USB 3.0 FLASH DRIVE SDCZ73-128G-G46-2,619659136710,,,TIDAK,6
6231,2605000210,NEW SANDISK ULTRA FLAIR 256GB USB 3.0 FLASH DRIVE SDCZ73-256G-G46,619659154189,,,TIDAK,3
6232,2605000207,NEW SANDISK ULTRA FLAIR 32G USB 3.0 FLASH DRIVE SDCZ73-032G-G46-1,619659136697,,,TIDAK,9
6233,2605000208,NEW SANDISK ULTRA FLAIR 64GB USB 3.0 FLASH DRIVE SDCZ73-064G-G46-1,619659136703,,,TIDAK,10
6234,2605000162,NEW SANDISK ULTRA SDXC 128GB UHS-I SDSDUNR-128G-GN3IN,619659185299,,,TIDAK,4
6235,2605000163,NEW SANDISK ULTRA SDXC 256GB UHS-I SDSDUNC-256G-GN6IN,619659200237,,,TIDAK,2
6236,2605000161,NEW SANDISK ULTRA SDXC 64GB SDSDUNR-064G-GN3IN,619659185282,,,TIDAK,6
6237,2605000205,NEW SANDISK ULTRA SHIFT 128GB USB 3.2 FLASH DRIVE SDCZ410-128G-G46,619659182328,,,TIDAK,10
6238,2605000206,NEW SANDISK ULTRA SHIFT 32G USB 3.2 FLASH DRIVE SDCZ410-032G-G46,619659182274,,,TIDAK,10
6239,2605000202,NEW SANDISK ULTRA SHIFT 32GB USB 3.2 FLASH DRIVE YELLOW SDCZ410-032G-G46EP,619659203160,,,TIDAK,9
6240,2605000204,NEW SANDISK ULTRA SHIFT 64GB USB 3.2 FLASH DRIVE YELLOW  SDCZ410-064G-G46EP,619659203757,,,TIDAK,10
6241,2605000197,NEW SANDISK ULTRA USB 3.0 128GB FLASH DRIVE SDCZ48-128G-U46,619659113568,,,TIDAK,10
6242,2605000193,NEW SANDISK ULTRA USB 3.0 16GB FLASH DRIVE SDCZ48-O16G-U46,619659102135,,,TIDAK,6
6243,2605000198,NEW SANDISK ULTRA USB 3.0 256GB FLASH DRIVE SDCZ48-256G-U46,619659125974,,,TIDAK,6
6244,2605000196,NEW SANDISK ULTRA USB 3.0 64GB FLASH DRIVE SDCZ48-064G-U46,619659102197,,,TIDAK,10
6245,2605000233,NEW SPEAKER LOGITECH Z625,,,,TIDAK,1
6246,2605000303,NEW SPEAKER NYK NEMESIS 4 IN 1 CONNECTION BESH X100 (SP GNX100),2605000303,,,TIDAK,0
6247,2605000111,NEW SSD NVME KINGSTON NV3 M.2 PCIE 1TB GEN 4.0 - 2230,740617349955,,,TIDAK,1
6248,2605000234,NEW SSD NVME TEAM GROUP MP33 256GB PCIE GEN 3.0 M.2 2280 5Y - UP TO 1800MB/S,,,,TIDAK,8
6249,2605000217,NEW SANDISK ULTRA DUAL DRIVE GO 128G -  SDDDC3-128G-G46,619659177201,,,TIDAK,4
6250,2605000216,NEW SANDISK ULTRA DUAL DRIVE GO 64GB - SDDDC3-064G-G46,619659177171,,,TIDAK,9
6251,2605000218,NEW SANDISK ULTRA DUAL DRIVE GO USB-C 256GB – SDDDC3-256G-G46,619659177638,,,TIDAK,4
6252,2605000133,NEW VGA CARD ASUS PRIME-RX9070XT-O16G,,,,TIDAK,0
6253,2605000122,NEW VGA CARD ZOTAC GEFORCE RTX 5070TI SOLID CORE OC 16GB GDDR7 3Y - WHITE ED,,,,TIDAK,0
6254,2605000101,NNEW MOUSE FANTECH  YARI E WG14E GAMING - BLACK,,,,TIDAK,8
6255,2605000118,PC RAKITAN I5 5050 SERIES I,,,,TIDAK,0
6256,2605000119,PC RAKITAN I5 5050 SERIES II,,,,TIDAK,0
6257,2605000324,NEW ADAPTER ASUS 19V-7.7A-150W 5.5*2.5MM ORI BOX,,,,TIDAK,1
6258,2605000312,"NEW CASING HYTE Y70 TOUCH INFINITE PITCH BLACK 14.9"" LCD",,,,TIDAK,0
6259,2605000325,NEW EARBUDS HYPERX CLOUD EARBUDS III BLACK,,,,TIDAK,0
6260,2605000326,NEW EARBUDS HYPERX CLOUD EARBUDS III RED,,,,TIDAK,0
6261,2605000327,NEW EARBUDS HYPERX CLOUD EARBUDS III S BLACK,,,,TIDAK,0
6262,2605000328,NEW EARBUDS HYPERX CLOUD EARBUDS III S RED,,,,TIDAK,0
6263,2605000329,NEW HEADSET HYPERX CLOUD ALPHA II WIRELESS BLACK,,,,TIDAK,0
6264,2605000330,NEW HEADSET HYPERX CLOUD STINGER 2 WIRELESS BLACK,,,,TIDAK,0
6265,2605000331,NEW KEYBOARD HYPERX ALLOY ORIGINS AQUA SWITCH - PBT KEYCAPS,,,,TIDAK,0
6266,2605000332,NEW KEYBOARD HYPERX ALLOY ORIGINS CORE AQUA SWITCH - PBT KEYCAPS,,,,TIDAK,0
6267,2605000333,NEW KEYBOARD HYPERX ALLOY RISE 75 US,,,,TIDAK,0
6268,2605000334,NEW KEYBOARD HYPERX EVE 1800,,,,TIDAK,0
6269,2605000313,NEW LIQUID COOLER ARCTIC LIQUID FREEZER III PRO 360 ARGB,,,,TIDAK,1
6270,2605000340,NEW MICROPHONE HYPERX QUADCAST 2 BLACK,,,,TIDAK,0
6271,2605000341,NEW MICROPHONE HYPERX QUADCAST 2 FROST WHITE,,,,TIDAK,0
6272,2605000339,NEW MICROPHONE HYPERX QUADCAST 2 S BLACK,,,,TIDAK,0
6273,2605000342,NEW MICROPHONE HYPERX SOLOCAST 2 BLACK,,,,TIDAK,0
6274,2605000335,NEW MOUSE HYPERX PULSEFIRE HASTE 2 BLACK,,,,TIDAK,0
6275,2605000336,NEW MOUSE HYPERX PULSEFIRE HASTE 2 WHITE,,,,TIDAK,0
6276,2605000337,NEW MOUSE HYPERX PULSEFIRE HASTE 2 WIRELESS BLACK,,,,TIDAK,0
6277,2605000338,NEW MOUSE HYPERX PULSEFIRE HASTE 2 WIRELESS WHITE,,,,TIDAK,0
6278,2605000314,NEW POWER SUPPLY ENERMAX REVOLUTION III 850W GOLD,,,,TIDAK,1
6279,2605000315,NEW RAM TEAMGROUP T-FORCE DELTA RGB ECO DDR5 32GB (2x16GB) 6400MHz,,,,TIDAK,1
6280,2605000321,NEW VGA CARD GAINWARD GEFORCE PHOENIX GS RTX 5080 16GB GDDR7 3Y,,,,TIDAK,0
6281,2605000320,NEW VGA CARD GAINWARD GEFORCE PHOENIX-S RTX 5070TI 16GB GDDR7 3Y,4710562245547,,,TIDAK,1
6282,2605000322,NEW VGA CARD GAINWARD GEFORCE RTX 5050 GHOST 8GB GDDR6 128BIT 3DP HDMI,4710562245424,,,TIDAK,5
6283,2605000317,NEW VGA CARD GAINWARD GEFORCE RTX 5060 GHOST 8GB GDDR7 3Y,,,,TIDAK,4
6284,2605000316,NEW VGA CARD GAINWARD GEFORCE RTX 5060TI GHOST 8GB GDDR7 3Y,,,,TIDAK,4
6285,2605000319,NEW VGA CARD GAINWARD GEFORCE RTX 5070 PYTHON III 12GB OC GDDR7 3Y,,,,TIDAK,1
6286,2605000318,NEW VGA CARD GAINWARD GEFORCE PYTHON III RTX 5060TI 16GB GDDR7 3Y,,,,TIDAK,3
6287,2605000323,NEW VGA CARD MANLI GEFORCE RTX3050 6GB,,,,TIDAK,0
6288,2606000043,NEW BATERAI ASUS C31N2105 ORIGINAL,,,,TIDAK,0
6289,2606000072,NEW BATERAI ASUS UX433P/C31N1811 ORIGINAL,,,,TIDAK,0
6290,2606000071,NEW BATERAI CMOS MAXELL 2032 STD CABLE,,,,TIDAK,0
6291,2606000079,NEW BATERAI LENOVO L20M3PC2/L20D3PC2/L20C3PC2 ORIGINAL,,,,TIDAK,0
6292,2606000052,NEW CABLE POWER ADAPTER EU COLOKAN KAKI 2 GOOD QUALITY,,,,TIDAK,2
6293,2606000073,NEW CARTRIDGE HP LASERJET TONER 222A BLACK ORIGINAL - W2220A,,,,TIDAK,0
6294,2606000074,NEW CARTRIDGE HP LASERJET TONER 222A CYAN ORIGINAL - W2221A,,,,TIDAK,0
6295,2606000076,NEW CARTRIDGE HP LASERJET TONER 222A MAGENTHA ORIGINAL - W2223A,,,,TIDAK,0
6296,2606000075,NEW CARTRIDGE HP LASERJET TONER 222A YELLOW ORIGINAL - W2222A,,,,TIDAK,0
6297,2606000084,NEW MOUSE ARMAGGEDON FALCON V LK - BLACK,8886411985127,,,TIDAK,6
6298,2606000085,NEW MOUSE ARMAGGEDON FALCON V STEALTH - BLACK,8886411985011,,,TIDAK,6
6299,2606000086,NEW MOUSE ARMAGGEDON FALCON V STEALTH - WHITE,8886411985080,,,TIDAK,6
6300,2606000082,NEW MOUSE AEROCOOL MIRAGE-V - BLACK,8886411986841,,,TIDAK,4
6301,2606000083,NEW MOUSE AEROCOOL MIRAGE-V - WHITE,8886411986865,,,TIDAK,4
6302,2606000080,NEW CASING ALCATROZ AZZURA MILLENIA ECO AIR 1 RGB,8886411970727,,,TIDAK,5
6303,2606000081,NEW CASING ALCATROZ AZZURA MILLENIA ECO AIR 2 RGB,8886411970734,,,TIDAK,5
6304,2606000090,NEW CASING ARMAGGEDDON DEEPFREEZE DUPLEX 2 ARGB-C - WHITE,,,,TIDAK,3
6305,2606000096,NEW MOUSE ARMAGGEDDON RAVEN III SIGMA STEALTH - BLACK,8886411989620,,,TIDAK,6
6306,2606000091,NEW CASING ARMAGGEDDON TESSARAXX COREVISION - BLACK,,,,TIDAK,1
6307,2606000092,NEW CASING ARMAGGEDDON TESSARAXX COREVISION - WHITE,,,,TIDAK,2
6308,2606000038,NEW CASING NYK NEMESIS FC5 NIKA BLACK,,,,TIDAK,1
6309,2606000039,NEW CASING NYK NEMESIS FC8 RUNE WHITE,,,,TIDAK,0
6310,2606000040,NEW CASING NYK NEMESIS FC9 BETRIX BLACK,,,,TIDAK,1
6311,2606000012,NEW CCTV EZVIZ SMART CAMERA HOME CS-H7C DUAL,,,,TIDAK,1
6312,2606000014,NEW CCTV EZVIZ SMART CAMERA HOME H6 5MP,,,,TIDAK,1
6313,2606000015,NEW CCTV EZVIZ TY1 PRO 2K 4MP,,,,TIDAK,1
6314,2606000010,NEW CCTV HIKVISION DS-2CE16D0T-EXLPF INDOOR CAMERA 2MP NON AUDIO,,,,TIDAK,0
6315,2606000009,NEW CCTV HIKVISION iDS-7208HQHI-M1/XT 8CH 5MP TWO WAY AUDIO,,,,TIDAK,0
6316,2606000047,NEW CCTV HIKVISION iDS-7216HQHI-M1/XT 16CH 5MP TWO WAY AUDIO,,,,TIDAK,0
6317,2606000037,NEW FAN CASING PHANTEKS D30 120MM PWM FAN DRGB REGULAR - BLACK 3P,,,,TIDAK,1
6318,2606000036,NEW FAN CASING PHANTEKS D30 120MM PWM FAN DRGB REGULAR - WHITE 3P,,,,TIDAK,1
6319,2606000050,NEW FAN CASING PHANTEKS D30 120MM PWM FAN DRGB REGULAR BLACK SINGLE,,,,TIDAK,0
6320,2606000035,NEW FAN CASING PHANTEKS D30 120MM PWM FAN DRGB REVERSED BLACK 3P,,,,TIDAK,5
6321,2606000051,NEW FAN CASING PHANTEKS D30 120MM PWM FAN DRGB REVERSED BLACK SINGLE,,,,TIDAK,0
6322,2606000055,NEW FAN PROCESSOR AMD TRAY OCYPUS,,,,TIDAK,0
6323,2606000077,NEW FINGERPRINT HIKVISION TIME ATTENDANCE DS-K1T8003MF,,,,TIDAK,0
6324,2606000049,NEW HARDISK CCTV TOSHIBA 2TB,,,,TIDAK,0
6325,2606000048,NEW HARDISK CCTV TOSHIBA 4TB,,,,TIDAK,0
6326,2606000089,NEW KEYBOARD ARMAGGEDDON MKA-2C NEO LINEAR - WHITE,,,,TIDAK,2
6327,2606000087,NEW KEYBOARD ARMAGGEDDON MKA-2C NEO TACTICAL - BLACK,,,,TIDAK,2
6328,2606000088,NEW KEYBOARD ARMAGGEDDON MKA-2C NEO TACTICAL - WHITE,,,,TIDAK,3
6329,2606000041,NEW KURSI RYUNIX GX8 - LIGHT GREY,,,,TIDAK,2
6330,2606000094,NEW LED ARMAGEDDON TX 20-H ARGB,,,,TIDAK,0
6331,2606000093,NEW LED ARMAGGEDDON TX 20-H ARGB,,,,TIDAK,2
6332,2606000095,NEW LED ARMAGGEDDON TX 30-S ARGB,,,,TIDAK,2
6333,2606000057,NEW KEYBOARD PARADOX GAMING GHOST ZX84 RGB CHALK - BLUE SWITCH - WHITE,,,,TIDAK,1
6334,2606000058,NEW MOTHERBOARD ASROCK PHANTOM GAMING 4 B550M DDR4 m-ATX,4710483932755,,,TIDAK,6
6335,2606000056,NEW MOTHERBOARD MSI B550 GAMING WIFI6E ATX AMD AM4 DDR4,,,,TIDAK,0
6336,2606000018,NEW MSI CUBI 5 12M-241BID-B51235UXX BAREBONE DDR4,,,,TIDAK,3
6337,2606000016,NEW MSI CUBI 5 1M-450BID-B5120UXX BAREBONE DDR5,,,,TIDAK,3
6338,2606000017,NEW MSI CUBI 5 1M-451BID-B7150UXX BAREBONE DDR5,,,,TIDAK,2
6339,2606000013,NEW MSI CUBI 5 1M-466BID-W3100UXX BAREBONE DDR5 - WHITE,,,,TIDAK,2
6340,2606000053,NEW PRINTER EPSON L6370 WIFI - AIO WITH DUPLEX,,,,TIDAK,2
6341,2606000078,NEW PROCESSOR AMD RYZEN 7 9800X3D 4.7GHz AM5 (8C/16T + 4.7-5.2GHZ) 96MB CACHE TDP 120W 3Y TRAY,,,,TIDAK,0
6342,2606000042,NEW PROCESSOR AMD RYZEN 9 9950X3D 4.3GHz AM5 BOX,,,,TIDAK,1
6343,2606000065,NEW RAM LONGDIMM DDR5 KINGSTON FURY BEAST RGB 16GB (2x8GB) 5600MHZ EXPO - KF556C36BBEAK2-16,,,,TIDAK,4
6344,2606000054,NEW RIBBON PACK CARTRIDGE EPSON 7755 LONG LIFE,,,,TIDAK,0
6345,2606000031,NEW SANDISK IXPAND FLASH DRIVE FLIP 128GB SDIX90N-128G-GN6NE,619659181437,,,TIDAK,2
6346,2606000032,NEW SANDISK IXPAND FLASH DRIVE FLIP 256GB SDIX90N-256G-GN6NE,619659181451,,,TIDAK,2
6347,2606000030,NEW SANDISK IXPAND FLASH DRIVE FLIP 64GB SDIX90N-064G-GN6NN,619659181413,,,TIDAK,2
6348,2606000069,NEW SANDISK ULTRA CURVE 128GB USB 3.2 FLASH DRIVE BLUE SDCZ550-128G-G46NB,619659197483,,,TIDAK,6
6349,2606000067,NEW SANDISK ULTRA CURVE 128GB USB 3.2 FLASH DRIVE GREEN SDCZ550-128G-G46G,619659196677,,,TIDAK,6
6350,2606000064,NEW SANDISK ULTRA CURVE 128GB USB 3.2 FLASH DRIVE SDCZ550-128G-G46,619659187842,,,TIDAK,6
6351,2606000068,NEW SANDISK ULTRA CURVE 64GB USB 3.2 FLASH DRIVE BLUE SDCZ550-064G-G46NB,619659197476,,,TIDAK,6
6352,2606000066,NEW SANDISK ULTRA CURVE 64GB USB 3.2 FLASH DRIVE GREEN SDCZ550-064G-G46G,619659196660,,,TIDAK,6
6353,2606000006,NEW SANDISK ULTRA DUAL DRIVE GO 128GB USB-C NAVY BLUE SDDDC3-128G-G46NBB,619659203948,,,TIDAK,4
6354,2606000003,NEW SANDISK ULTRA DUAL DRIVE GO 128GB USB-C SDDDC3-128G-G46L-1,619659204280,,,TIDAK,4
6355,2606000001,NEW SANDISK ULTRA DUAL DRIVE GO 256GB GREEN USB-C SDDDC3-256G-G46AG,619659203924,,,TIDAK,4
6356,2606000004,NEW SANDISK ULTRA DUAL DRIVE GO 256GB USB-C SDDDC3-256G-G46L,619659204228,,,TIDAK,4
6357,2606000007,NEW SANDISK ULTRA DUAL DRIVE GO 256GB USB-C NAVY BLUE SDDDC3-256G-G46NBB,619659204198,,,TIDAK,4
6358,2606000002,NEW SANDISK ULTRA DUAL DRIVE GO 64GB USB-C SDDDC3-064G-G46L,619659204266,,,TIDAK,6
6359,2606000005,NEW SANDISK ULTRA DUAL DRIVE GO 64GB USB-C BLUE SDDDC3-064G-G46NBB,619659204075,,,TIDAK,6
6360,2606000033,NEW SANDISK ULTRA SDHC SDUNS 16GB SDSDUNS-016G-GN3IN,,,,TIDAK,0
6361,2606000059,NEW SANDISK ULTRA SHIFT 32GB USB 3.2 FLASH DRIVE BLUE SDCZ410-032G-G46BB,619659203207,,,TIDAK,10
6362,2606000062,NEW SANDISK ULTRA SHIFT 32GB USB 3.2 FLASH DRIVE PURPLE SDCZ410-032G-G46CO,619659203832,,,TIDAK,10
6363,2606000061,NEW SANDISK ULTRA SHIFT 64GB USB 3.2 FLASH DRIVE BLUE SDCZ410-064G-G46BB,619659203665,,,TIDAK,10
6364,2606000063,NEW SANDISK ULTRA SHIFT 64GB USB 3.2 FLASH DRIVE PURPLE SDCZ410-064G-G46CO,619659203894,,,TIDAK,10
6365,2606000060,NEW SANDISK ULTRA SHIFT 64GB USB 3.2 FLASH DRIVE SDCZ410-064G-G46,619659181918,,,TIDAK,10
6366,2606000044,NEW SSD NVME SAMSUNG 9100 PRO PCIE 5.0 M.2 1TB,,,,TIDAK,1
6367,2606000045,NEW SSD NVME SAMSUNG 9100 PRO PCIE 5.0 M.2 2TB,,,,TIDAK,1
6368,2606000046,NEW SSD NVME SAMSUNG 9100 PRO PCIE 5.0 M.2 4TB,,,,TIDAK,0
6369,2606000011,NEW TAS LENOVO SLING BAG,,,,TIDAK,0
6370,2606000008,NEW TP-LINK OMADA ES208G SWITCH 8-PORT GIGABIT,,,,TIDAK,0
6371,2606000021,NEW SANDISK PHONE DRIVE 128GB USB TYPE-C AND TYPE-A SDDDC6-128G-G46NO,619659214593,,,TIDAK,10
6372,2606000027,NEW SANDISK PHONE DRIVE 128GB USB TYPE-C AND TYPE-A PURPLE SDDDC6-128G-G46PO,619659214692,,,TIDAK,10
6373,2606000025,NEW SANDISK PHONE DRIVE USB TYPE-C AND TYPE-A 128GB SDDDC6-128G-G46YD,619659215002,,,TIDAK,10
6374,2606000029,NEW SANDISK PHONE DRIVE 256GB TYPE C METALLIC SKY SDIXD0N-256G-GN6NE-1,619659211868,,,TIDAK,4
6375,2606000022,NEW SANDISK PHONE DRIVE 256GB USB TYPE-C AND TYPE-A SDDDC6-256G-G46NO,619659214609,,,TIDAK,4
6376,2606000023,NEW USB SANDISK PHONE DRIVE 512GB USB TYPE-C AND TYPE-A SDDDC6-512G-G46NO,619659214616,,,TIDAK,4
6377,2606000028,NEW SANDISK PHONE DRIVE 64GB TYPE C METALLIC SKY SDIXD0N-064G-GN6NN,619659211844,,,TIDAK,6
6378,2606000020,NEW SANDISK PHONE DRIVE 64GB USB TYPE-C AND TYPE-A SDDDC6-064G-G46NO,619659214586,,,TIDAK,10
6379,2606000026,NEW SANDISK PHONE DRIVE 64GB PURPLE USB TYPE-C AND TYPE-A SDDDC6-064G-G46PO,619659214685,,,TIDAK,10
6380,2606000024,NEW SANDISK PHONE DRIVE 64GB USB TYPE-C AND TYPE-A SDDDC6-064G-G46YD,619659214951,,,TIDAK,10
6381,2606000019,NEW SANDISK ULTRA DUAL DRIVE LUXE USB TYPE C 1TB PREMIUM METAL –  SDDDC4-1TOO-G46,619659179106,,,TIDAK,2
6382,2606000034,NEW WD HDD RED 4TB 3.5 WD40EFZZ,,,,TIDAK,2
6383,2606000070,PC RAKITAN STANDART,,,,TIDAK,0
6384,2606000127,NEW ACCESSORY DEEPCOOL PIXEL-10,,,,TIDAK,1
6385,2606000116,NEW BATERAI ASUS C31N1815/UX333 ORIGINAL,,,,TIDAK,0
6386,2606000118,NEW CASING DEEPCOOL CG330 - ATX - BLACK,,,,TIDAK,0
6387,2606000117,NEW CASING DEEPCOOL CL6600 - ATX - BLACK,,,,TIDAK,0
6388,2606000114,NEW FAN ASUS ROG GX502DU GA502D GA502DU GA502IU GA502IV GU502DU TYPE A,,,,TIDAK,1
6389,2606000109,NEW FAN CASING PARADOX GAMING HYPERSONIC PG F 120 PRO ARGB - BLACK,,,,TIDAK,3
6390,2606000106,NEW FAN CASING PARADOX GAMING HYPERSONIC PG F 400 - BLACK,,,,TIDAK,2
6391,2606000108,NEW FAN CASING PARADOX GAMING HYPERSONIC PG F 400 - PINK,,,,TIDAK,4
6392,2606000107,NEW FAN CASING PARADOX GAMING HYPERSONIC PG F 400 - WHITE,,,,TIDAK,2
6393,2606000122,NEW KEYBOARD RAZER HUNTSMAN MINI RED SWITCH - WHITE,,,,TIDAK,1
6394,2606000124,NEW FAN PROCESSOR DEEPCOOL AK620 G2 - BLACK,,,,TIDAK,1
6395,2606000123,NEW FAN PROCESSOR DEEPCOOL AK700 DIGITAL NYX,,,,TIDAK,3
6396,2606000121,NEW FAN PROCESSOR DEEPCOOL ASSASSIN VC ELITE,,,,TIDAK,2
6397,2606000103,NEW LIQUID COOLER PARADOX GAMING ELIXIR AIO 240 RGB - WHITE,,,,TIDAK,1
6398,2606000104,NEW LIQUID COOLER PARADOX GAMING ELIXIR AIO 360 RGB - BLACK,,,,TIDAK,1
6399,2606000105,NEW FAN PROCESSOR PARADOX GAMING HYPER SONIC 421D ARGB - WHITE,2606000105,,,TIDAK,1
6400,2606000112,NEW KEYBOARD PARADOX ZX68 - NRLP BLACK ABS DOUBLE SHOT BLACK CASE - RED SWITCH,,,,TIDAK,2
6401,2606000110,NEW KEYBOARD PARADOX ZX68 BLACK GRAY RED PBT SUB BLACK CASE - BLUE SWITCH,,,,TIDAK,0
6402,2606000111,NEW KEYBOARD PARADOX ZX68 GRAY WHITE RED PBT SUB WHITE CASE - YELLOW SWITCH,,,,TIDAK,0
6403,2606000119,NEW LIQUID COOLER DEEPCOOL LT360 VISION ARGB,,,,TIDAK,11
6404,2606000120,NEW LIQUID COOLER DEEPCOOL SPARTACUS 360 - BLACK,,,,TIDAK,2
6405,2606000115,NEW MONITOR ASUS ROG STRIX XG27ACMES-W 27″ FAST IPS QHD 2K 1440P 255Hz,,,,TIDAK,0
6406,2606000097,NEW NB ASUS VIVOBOOK 14 A1404VA VIPS3824M I3 1315 8GB 256GB W11+OHS+M365 14.0 FHD BLUE,,LAPTOP,ASUS,TIDAK,0
6407,2606000098,NEW NB ASUS VIVOBOOK 14 A1404VA VIPS3825M I3 1315 8GB 256GB W11+OHS+M365 14.0 FHD TERRACOTTA,,LAPTOP,ASUS,TIDAK,0
6408,2606000099,NEW NB ASUS VIVOBOOK 14 A1404VA VIPS3826M I3 1315 8GB 256GB W11+OHS+M365 14.0 FHD SILVER,,LAPTOP,ASUS,TIDAK,0
6409,2606000125,NEW POWER SUPPLY DEEPCOOL PS1000P 80+ PLATINUM DOMINATOR SFX 3.1 - ATX,,,,TIDAK,2
6410,2606000129,NEW POWER SUPPLY PARADOX GALATIC 1000W GOLD FULL MODULAR - BLACK,,,,TIDAK,4
6411,2606000128,NEW POWER SUPPLY PARADOX LEGEND 550W APFC BRONZE - BLACK,2606000128,,,TIDAK,17
6412,2606000130,NEW POWER SUPPLY PARADOX LEGEND 750W APFC BRONZE - BLACK,2606000130,,,TIDAK,20
6413,2606000126,NEW THERMAL PASTA DEEPCOOL Z5 PRO,,,,TIDAK,25
6414,2606000113,NEW SILICON ADVAN XTAB,,,,TIDAK,0
6415,2606000100,NEW KEYBOARD PARADOX GAMING GHOST GH87-V2 RGB CHALK - YELLOW SWITCH - WHITE,,,,TIDAK,2
6416,2606000101,NEW KEYBOARD PARADOX GAMING GHOST ZX68-GWRB - BROWN SWITCH - WHITE,,,,TIDAK,1
6417,2606000102,NEW KEYBOARD PARADOX GAMING GHOST ZX68-NBLP - BROWN SWITCH - BLACK,,,,TIDAK,0
6418,2606000165,NEW ADAPTER SNTECH 3.25A-65W TYPE-C WHITE SQUARE SHAPE,,,,TIDAK,0
6419,2606000185,NEW ADAPTER VENTION 4K MINI DISPLAYPORT TO HDMI HAHBH 2.0M - BLACK,,,,TIDAK,0
6420,2606000184,NEW ADAPTER VENTION DVI MALE TO HDMI FEMALE ADAPTER ECDB0 - BLACK,,,,TIDAK,0
6421,2606000169,NEW ADVAN VANDROID X TAB 4GB 64GB GREY,,,,TIDAK,0
6422,2606000153,NEW BATERAI LENOVO L22L3PF2/L22B3PF2/L22X3PF2 ORIGINAL,,,,TIDAK,0
6423,2606000194,NEW BATERAI LENOVO THINKPAD X1 YOGA U1AV438/01AV409/01AV439/00HE028 15.2V 3290mAh BLACK,,,,TIDAK,0
6424,2606000145,NEW CASING DEEPCOOL CL6600 - ATX - WHITE,,,,TIDAK,1
6425,2606000131,NEW CASING PARADOX GAMING LUXY V2 - BLACK,,,,TIDAK,1
6426,2606000135,NEW FAN CASING PARADOX GAMING HYPERSONIC 1268 PRO ARGB - BLACK,,,,TIDAK,0
6427,2606000136,NEW FAN CASING PARADOX GAMING HYPERSONIC 1292 - BLACK,,,,TIDAK,0
6428,2606000138,NEW FAN CASING PARADOX GAMING HYPERSONIC 1292 - PINK,,,,TIDAK,0
6429,2606000137,NEW FAN CASING PARADOX GAMING HYPERSONIC 1292 - WHITE,,,,TIDAK,0
6430,2606000132,NEW FAN CASING PARADOX GAMING HYPERSONIC EAGLE II 120 ARGB - BLACK,,,,TIDAK,1
6431,2606000167,NEW FAN PROCESSOR ACER Nitro 5 AN515-58 AN515-46 PH317-55 AN515 58 51R3,,,,TIDAK,0
6432,2606000195,NEW FAN PROCESSOR DEEPCOOL AK400 ZERO DARK,6933412727804,,,TIDAK,9
6433,2606000196,NEW FAN PROCESSOR DEEPCOOL AK700 DIGITAL WH - WHITE,,,,TIDAK,2
6434,2606000166,NEW FAN PROCESSOR HP PAVILION X360 14-EK 14-DY TPN-W146 TPN-W155,,,,TIDAK,1
6435,2606000161,NEW FAN PROCESSOR LGA COMBO TRAY,,,,TIDAK,0
6436,2606000133,NEW LIQUID COOLER PARADOX GAMING ELIXIR AIO 240 RGB - BLACK,,,,TIDAK,1
6437,2606000134,NEW FAN PROCESSOR PARADOX HYPERSONIC 421-D ARGB - BLACK,,,,TIDAK,0
6438,2606000179,NEW KABEL HDMI VENTION 8K AANBH 2M - BLACK,,,,TIDAK,0
6439,2606000180,NEW KABEL HDMI VENTION 8K AANBL 10M - BLACK,,,,TIDAK,0
6440,2606000188,NEW KABEL LAN VENTION CAT6 UTP FLAT IBABF 1.0M - BLACK,,,,TIDAK,0
6441,2606000178,NEW KABEL LAN VENTION CAT6 UTP FLAT IBABQ 20M - BLACK,,,,TIDAK,0
6442,2606000177,NEW KABEL LAN VENTION CAT6 UTP FLAT IBABT 30M - BLACK,,,,TIDAK,0
6443,2606000141,NEW KEYBOARD MCHOSE G75-16A BLACK PINK MATCHA LATTE SWITCH V2,,,,TIDAK,1
6444,2606000142,NEW KEYBOARD MCHOSE MC-ACE68-28 ROSE RED ICE RHINO MAGNETIC SWITCH,,,,TIDAK,1
6445,2606000140,NEW KEYBOARD MCHOSE MC-K99V3-7 BLACK GOLD ICY CREAMSICLE SWITCH,,,,TIDAK,0
6446,2606000139,NEW KEYBOARD MCHOSE MC-MIX87-5 MIX 87 (E-Sport) ROSE RED APOLLO MAGNETIC SWITCH,,,,TIDAK,1
6447,2606000162,NEW KEYBOARD PARADOX GAMING GHOST GH87-V2 RGB CARBON - YELLOW SWITCH - BLACK,,,,TIDAK,2
6448,2606000181,NEW KEYBOARD RAZER HUNTSMAN MINI PURPLE SWITCH - WHITE,,,,TIDAK,2
6449,2606000174,NEW KONVERTER VENTION DP 1.4 MALE TO MALE HCDBI 8K 3M - BLACK,,,,TIDAK,0
6450,2606000186,NEW KONVERTER VENTION DP COTTON BRAIDED MALE TO MALE HCCBG 1.5M - BLACK,,,,TIDAK,0
6451,2606000175,NEW KONVERTER VENTION DP COTTON BRAIDED MALE TO MALE HCCBI 3M - BLACK,,,,TIDAK,0
6452,2606000187,NEW KONVERTER VENTION DP COTTON BRAIDED MALE TO MALE HCCBJ 5.0M - BLACK,,,,TIDAK,0
6453,2606000198,NEW MONEY COUNTER IWARE MC-90MV,,,,TIDAK,0
6454,2606000152,"NEW MONITOR LENOVO D20-30 19.5"" FLAT 60Hz",,,,TIDAK,0
6455,2606000191,NEW MOTHERBOARD MSI B550 GAMING PLUS DDR4 SOCKET AM4 ATX,,,,TIDAK,0
6456,2606000192,NEW MOTHERBOARD MSI PRO B550M-P WIFI6E AM4 AMD DDR4 USB 3.2,,,,TIDAK,0
6457,2606000197,NEW MOTHERBOARD TEAM GROUP ECS INTEL H510 H510H6-M2 LGA 1200 DDR4 - mATX,,,,TIDAK,0
6458,2606000156,NEW MOTHERBOARD VURRION ESSENTIAL H81M-D3H LGA1150 DDR3,2606000156,,,TIDAK,20
6459,2606000144,NEW MOUSE MCHOSE MC-A7V2-13 A7V2 ULTRA+ - PINK,,,,TIDAK,1
6460,2606000143,NEW MOUSE MCHOSE MC-G3V2-6 G3V2 - BLUE,,,,TIDAK,1
6461,2606000157,"NEW NB ACER NITRO LITE 16 NL16 71G 5613 INTEL CORE 5 210H 16GB 512GB RTX3050 6GB 16"" FHD IPS WIN 11 HOME + OHS 2024 + M365 (BLACK)",4711474812247,LAPTOP,ACER,TIDAK,4
6462,2606000151,NEW NB APPLE MACBOOK NEO 13 A18 PRO 6C CPU 8GB 512GB 13.0 TOUCH ID GRS RSMI INDONESIA BLUSH PINK - MHFJ4ID,,LAPTOP,APPLE,TIDAK,0
6463,2606000170,NEW NB ASUS EXPERTBOOK P1403CVA-S65852WS INTEL CORE 5-210H 8GB 512GB 14''FHD  W11 HOME + OHM 2024 + M365 (MISTY GREY),,LAPTOP,ASUS,TIDAK,0
6464,2606000199,NEW NB ASUS TUF GAMING A15 FA506NCQ R735B1T-HM RYZEN 7 170 8GB 512GB RTX 3050 4GB 15.6″ FHD WIN 11 HOME + OHM 2024 + M365 (GRAPHITE BLACK),,LAPTOP,ASUS,TIDAK,0
6465,2606000168,NEW NB ASUS VIVOBOOK 14 A1404VA VIPS3857M INTEL I3-1315U 8GB 512GB 14″ FHD IPS WIN 11 HOME + OHM 2024 + M365 (SILVER),,LAPTOP,ASUS,TIDAK,0
6466,2606000176,NEW PAKET MSI CUBI 5 BAREBONE,,,,TIDAK,0
6467,2606000189,NEW POWER CORD VENTION C13 ZCGBAC 1.8M - BLACK,,,,TIDAK,0
6468,2606000201,NEW POWER SUPPLY DEEPCOOL PS850G 80+ GOLD DOMINATOR SFX 3.1 - ATX,,,,TIDAK,1
6469,2606000200,NEW POWER SUPPLY DEEPCOOL PS850P 80+ PLATINUM DOMINATOR SFX 3.1 - ATX,,,,TIDAK,2
6470,2606000164,NEW POWER SUPPLY THERMALTAKE SMART BM3 750W 80+ BRONZE - SEMI MODULAR PS-SPD-0750MNFABE-3,,,,TIDAK,0
6471,2606000202,NEW PRINTER HP SMART TANK 215,,,,TIDAK,2
6472,2606000203,NEW PRINTER HP SMART TANK 523,,,,TIDAK,2
6473,2606000158,NEW PROCESSOR INTEL I3-12100 3.3GHz LGA1700 TRAY,,,,TIDAK,9
6474,2606000193,"NEW SMART MONITOR SAMSUNG S43DM702 M7 M70D 43"" - BLACK",,,,TIDAK,0
6475,2606000204,NEW SPEAKER JBL CLIP 4 BLACK ORANGE,,,,TIDAK,2
6476,2606000205,NEW SPEAKER JBL CLIP 4 TEAL,,,,TIDAK,2
6477,2606000209,NEW SPEAKER JBL CLIP 5 BLACK,,,,TIDAK,2
6478,2606000207,NEW SPEAKER JBL GO 3 - BLACK,,,,TIDAK,2
6479,2606000206,NEW SPEAKER JBL GO 3 - BLUE,,,,TIDAK,2
6480,2606000208,NEW SPEAKER JBL GO 3 - RED,,,,TIDAK,1
6481,2606000159,NEW SSD KINGBANK NVME GEN3 KP230 256GB PCIE 3.0 M.2 2280 3Y - UP TO 3500 MB/S,,,,TIDAK,8
6482,2606000163,NEW SSD KINGBANK NVME GEN3 KP230 512GB PCIE 3.0 M.2 2280 3Y - UP TO 3500 MB/S,,,,TIDAK,1
6483,2606000154,NEW TINTA EPSON 673 BLACK,,,,TIDAK,1
6484,2606000160,NEW TINTA EPSON 673 LIGHT MAGENTA,,,,TIDAK,0
6485,2606000155,NEW TINTA EPSON 673 YELLOW,,,,TIDAK,0
6486,2606000182,NEW USB HUB VENTION CHLBD-SCB USB 3.0 4 IN 1 - BLACK,,,,TIDAK,0
6487,2606000172,NEW VENTION USB 3.0 A MALE TO B MALE CABLE 2M PVC TYPE COOBH - BLACK,,,,TIDAK,0
6488,2606000190,NEW VENTION USB EXTERNAL SOUND CARD CDYB0 0.15M - BLACK,,,,TIDAK,0
6489,2606000183,NEW VENTION USB FEMALE TO MALE LIGHTING OTG ADAPTER CUCH0,,,,TIDAK,0
6490,2606000173,NEW VENTION VGA(3+6) MALE TO MALE CABLE 3M DAEBI,,,,TIDAK,0
6491,2606000171,NEW VENTION WIRELESS USBC TO HDMITRANSMITER&RECVR 4K@30HZ 50M ADOBB,,,,TIDAK,0
6492,2606000148,NEW VGA ASUS DUAL GEFORCE RTX 5060 TI 16GB OC,,,,TIDAK,0
6493,2606000149,NEW VGA COLORFUL GEFORCE RTX 5060 TI BATTLE AX DUO 16GB-V,,,,TIDAK,0
6494,2606000147,NEW VGA MSI GEFORCE RTX 5060 TI 16GB SHADOW 2X OC PLUS,,,,TIDAK,0
6495,2606000146,NEW VGA MSI GEFORCE RTX 5060 TI 16GB VENTUS 2X OC PLUS,,,,TIDAK,0
6496,2606000150,PC RAKITAN JUPITER ASROCK X300 R5 TRAY,,,,TIDAK,0
6497,2607000007,NEW POWER SUPPLY COOLER MASTER MWE GOLD 750 V3 750W 80+ GOLD - FULL MODULAR ATX3.1,,,,TIDAK,0
6498,2606000231,NEW ADAPTER ASUS 20V-9A-180W 6.0*3.7MM,,,,TIDAK,1
6499,2606000232,NEW CASING DEEPCOOL CG330 3F M - ATX - WHITE,,,,TIDAK,0
6500,2606000233,NEW CASING DEEPCOOL CG530U 4F - ATX - BLACK,,,,TIDAK,0
6501,2606000234,NEW CASING DEEPCOOL CG530U 4F - ATX - WHITE,,,,TIDAK,0
6502,2607000003,NEW DVR HIKVISION 8CH 7208HQHI-M1/XT,,,,TIDAK,0
6503,2607000006,NEW FAN PROCESSOR HP 240G G7 14CM,,,,TIDAK,0
6504,2606000230,NEW KEYBOARD ASUS VIVOBOOK PRO 14X-M3400 BLACK BACKLIT,,,,TIDAK,0
6505,2607000009,NEW LIQUID COOLER COOLER MASTER CPU AIO MASTERLIQUID 360 CORE LCD 4 INCH ARGB (360MM RADIATOR + 3X 120MM ARGB FANS + 4 INCH LCD DISPLAY) 5Y - BLACK,,,,TIDAK,0
6506,2607000008,"NEW MONITOR LG 49U950A-W 49"" IPS CURVED QHD 2K 144Hz",,,,TIDAK,0
6507,2606000226,NEW MOTHERBOARD MSI MAG X870E GAMING PLUS MAX WIFI AM5 DDR5 - ATX,,,,TIDAK,1
6508,2606000227,NEW MOTHERBOARD MSI MAG X870E TOMAHAWK MAX WIFI AM5 DDR5 - ATX,,,,TIDAK,1
6509,2606000225,NEW MOTHERBOARD MSI X870E GAMING PLUS WIFI AM5 DDR5 - ATX,,,,TIDAK,0
6510,2606000229,NEW NB AXIOO HYPE 1 N4020 4GB 128GB DOS 14.0 GREY,,,,TIDAK,0
6511,2607000002,NEW NB LENOVO IDEAPAD SLIM 3 14 I5 13420H 8GB 512GB W11+OHS+M365B 14.0WUXGA IPS BLIT 2Y PREM+2ADP BLUE CUID,,,,TIDAK,0
6512,2607000004,NEW NB LENOVO IDEAPAD SLIM 3 14 I5 13420H 8GB 512GB W11+OHS+M365B 14.0WUXGA IPS BLIT 2Y PREM+2ADP GREY CVID,,,,TIDAK,0
6513,2606000228,"NEW PORTABLE MONITOR ENLIGHT EN16P 15.6"" 60Hz",,,,TIDAK,0
6514,2607000001,NEW PRINTER BROTHER DCP-T430W WIFI - AIO,,,,TIDAK,2
6515,2606000235,NEW PROCESSOR INTEL CORE I3 10100 TRAY,,,,TIDAK,0
6516,2607000005,NEW RAM LONGDIMM DDR4 ADATA 8GB (1X8GB) 3200MHZ,,,,TIDAK,0
6517,2606000210,NEW SPEAKER JBL CLIP 5 BLACK ORANGE,,,,TIDAK,1
6518,2606000212,NEW SPEAKER JBL CLIP 5 PURPLE,,,,TIDAK,1
6519,2606000211,NEW SPEAKER JBL CLIP 5 RED,,,,TIDAK,1
6520,2606000219,NEW SPEAKER JBL FLIP 7 - BLACK,,,,TIDAK,2
6521,2606000221,NEW SPEAKER JBL FLIP 7 - BLUE,,,,TIDAK,1
6522,2606000220,NEW SPEAKER JBL FLIP 7 - RED,,,,TIDAK,1
6523,2606000218,NEW SPEAKER JBL FLIP 7 - SAND,,,,TIDAK,1
6524,2606000215,NEW SPEAKER JBL GO 4 - BLACK,,,,TIDAK,2
6525,2606000213,NEW SPEAKER JBL GO 4 - BLACK ORANGE,,,,TIDAK,1
6526,2606000216,NEW SPEAKER JBL GO 4 - BLUE,,,,TIDAK,1
6527,2606000214,NEW SPEAKER JBL GO 4 - RED,,,,TIDAK,1
6528,2606000217,NEW SPEAKER JBL GO 4 - SAND,,,,TIDAK,1
6529,2606000224,NEW SPEAKER JBL HARMAN CHARGE 6 - BLUE,,,,TIDAK,0
6530,2606000222,NEW SPEAKER JBL HARMAN PARTYBOX STAGE 320 - WHITE,,,,TIDAK,1
6531,2606000223,NEW SPEAKER JBL HARMAN SOUNDBAR CINEMA SB550 - BLACK,,,,TIDAK,1
6532,2606000238,NEW TP-LINK ARCHER GX90 AX6600 TRI BAND - ROUTER,,,,TIDAK,0
6533,2606000246,NEW TP-LINK ARCHER T2E AC600 DUAL BAND - PCI-E,,,,TIDAK,0
6534,2606000242,NEW TP-LINK ARCHER T3U PLUS AC1300 - USB DONGLE,,,,TIDAK,0
6535,2606000244,NEW TP-LINK ARCHER TX10UB NANO AX900 - USB DONGLE,,,,TIDAK,0
6536,2606000243,NEW TP-LINK ARCHER TX20U PLUS AX1800 - USB DONGLE,,,,TIDAK,0
6537,2606000245,NEW TP-LINK ARCHER TX55E AX3000 DUAL BAND - PCI-E,,,,TIDAK,0
6538,2606000237,NEW TP-LINK DECO M4 3-PACK AC1200 - ROUTER,,,,TIDAK,0
6539,2606000236,NEW TP-LINK DECO M5 3-PACK AC1300 - ROUTER,,,,TIDAK,0
6540,2606000257,NEW TP-LINK EAP225 AC1350 GIGABIT CEILING MOUNT ACCESS POINT,,,,TIDAK,0
6541,2606000250,NEW TP-LINK LS1024G 24-PORT LITEWAVE GIGABIT SWITCH,,,,TIDAK,0
6542,2606000263,NEW TP-LINK OMADA ER7206 5-PORT - ROUTER,,,,TIDAK,0
6543,2606000240,NEW TP-LINK RE505X AX1500 - WIFI EXTENDER,,,,TIDAK,0
6544,2606000254,NEW TP-LINK TAPO C210 2K 3MP - IP CAMERA,,,,TIDAK,0
6545,2606000253,NEW TP-LINK TAPO C211 2K 3MP - IP CAMERA,,,,TIDAK,0
6546,2606000252,NEW TP-LINK TAPO C500 1080P 2MP - IP CAMERA,,,,TIDAK,0
6547,2606000251,NEW TP-LINK TAPO C520WS 2K 4MP - IP CAMERA,,,,TIDAK,0
6548,2606000255,NEW TP-LINK TAPO P110 SMART POWER OUTLET SOCKET,,,,TIDAK,0
6549,2606000262,NEW TP-LINK TL-SF1006P 6 PORT - HUB SWITCH,,,,TIDAK,0
6550,2606000261,NEW TP-LINK TL-SF1008LP 8 PORT - HUB SWITCH,,,,TIDAK,0
6551,2606000258,NEW TP-LINK TL-SG1005LP 5-PORT 1G - HUB SWITCH,,,,TIDAK,0
6552,2606000249,NEW TP-LINK TL-SG108 8-PORT GIGABIT - HUB SWITCH,,,,TIDAK,0
6553,2606000259,NEW TP-LINK TL-SL1218MP 16-PORT - HUB SWITCH,,,,TIDAK,0
6554,2606000260,NEW TP-LINK TL-SL1311MP 8-PORT - HUB SWITCH,,,,TIDAK,0
6555,2606000241,NEW TP-LINK TL-WA860RE N300 SINGLE BAND - WIFI EXTENDER,,,,TIDAK,0
6556,2606000248,NEW TP-LINK TL-WR841N N300 SINGLE BAND - ROUTER,,,,TIDAK,0
6557,2606000239,NEW TP-LINK TL-WR845N N300 SINGLE BAND - ROUTER,,,,TIDAK,0
6558,2606000247,NEW TP-LINK TX201 2.5 GIGABIT - PCI-E,,,,TIDAK,0
6559,2606000256,NEW TP-LINK UB500 PLUS - USB DONGLE,,,,TIDAK,0
6560,2607000119,NEW ADAPTER UGREEN BLUETOOTH 6.0 75073,,,,TIDAK,0
6561,2607000014,NEW ADAPTOR ASUS 19V-6.32A 120W-5.5*2.5MM ORI,,,,TIDAK,0
6562,2607000116,NEW ADAPTOR UGREEN ETHERNET USB 3.0 1000MBPS 50922 - GRAY,,,,TIDAK,0
6563,2607000115,NEW ADAPTOR UGREEN ETHERNET USB 3.0 100MBPS 15632 - GRAY,,,,TIDAK,0
6564,2607000020,NEW ASUS FA507 2 IC POWER DAN CONTROLLER,,,,TIDAK,0
6565,2607000021,NEW ASUS FX506LH 2 IC POWER,,,,TIDAK,0
6566,2607000130,NEW BATERAI ASUS C21N1638/A442U ORIGINAL,,,,TIDAK,0
6567,2607000102,NEW BATERAI ASUS C41N2009 ORIGINAL,,,,TIDAK,0
6568,2607000126,NEW BATERAI HP KC04XL ORIGINAL,,,,TIDAK,1
6569,2607000129,NEW BATERAI HP PP03XL / PV03XL ORIGINAL,,,,TIDAK,1
6570,2607000127,NEW CABLE DATA REDSKULL RSY01 3.5A 120CM,,,,TIDAK,0
6571,2607000118,NEW CABLE POWER UGREEN CORD DE 25765,,,,TIDAK,0
6572,2607000117,NEW CABLE POWER UGREEN CORD EU 50607,,,,TIDAK,0
6573,2607000112,NEW CARD READER UGREEN 50706 USB C / USB A - GRAY,,,,TIDAK,0
6574,2607000111,NEW CARD READER UGREEN 55899 - GRAY,,,,TIDAK,0
6575,2607000128,NEW CASING DEEPCOOL CC550 4F - ATX - BLACK,,,,TIDAK,1
6576,2607000083,NEW CHARGER SET UGREEN N SERIES GAN 75103 25W - BLACK,,,,TIDAK,0
6577,2607000088,NEW CHARGER SET UGREEN NEXODE PRO GAN 25874 100W - GRAY,,,,TIDAK,0
6578,2607000089,NEW CHARGER SET UGREEN NEXODE PRO GAN 25877 160W - GRAY,,,,TIDAK,0
6579,2607000087,NEW CHARGER UGREEN GAN RETRACTABLE CABLE ADAPTOR 65828 100W - GRAY,,,,TIDAK,0
6580,2607000081,NEW CHARGER UGREEN N SERIES GAN 18W 75613 - BLACK,,,,TIDAK,0
6581,2607000082,NEW CHARGER UGREEN N SERIES GAN 75623 18W - WHITE,,,,TIDAK,0
6582,2607000084,NEW CHARGER UGREEN N SERIES GAN DUAL PORT 65015 30W - WHITE,,,,TIDAK,0
6583,2607000085,NEW CHARGER UGREEN N SERIES GAN DUAL PORT 65154 45W - WHITE,,,,TIDAK,0
6584,2607000090,NEW CHARGER UGREEN NEXODE GAN 90903 300W - GRAY,,,,TIDAK,0
6585,2607000091,NEW CHARGER UGREEN RETRACTABLE CAR 55212B 60W - BLACK,,,,TIDAK,0
6586,2607000086,NEW CHARGER UGREEN UNO GAN 45515B 100W - GRAY,,,,TIDAK,0
6587,2607000114,NEW EXPANSION CARD UGREEN M.2 NVME TO PCI-E 3.0 x 4 - 70503,,,,TIDAK,0
6588,2607000013,NEW FAN PROCESSOR ACER ASPIRE A314,,,,TIDAK,0
6589,2607000023,NEW FAN PROCESSOR ASUS TUF FX505 / FX506 / FX505G / FX505GE / FX505D / FX505GT - SEPASANG,,,,TIDAK,0
6590,2607000064,NEW KABEL HDMI UGREEN 8K 2.1 45437 15M - BLACK,,,,TIDAK,0
6591,2607000063,NEW KABEL HDMI UGREEN 8K 2.1 VERSION PVC 45430 1M - BLACK,,,,TIDAK,0
6592,2607000039,NEW KABEL UGREEN MAGNETIC CABLE C TO C 240W NYLON 1M BLACK - 85973,,,,TIDAK,0
6593,2607000048,NEW KABEL USB UGREEN C TO C 100W ABS NYLON 35221 2M - WHITE,,,,TIDAK,0
6594,2607000068,NEW KABEL USB UGREEN C TO DP 8K 25157 1M,,,,TIDAK,0
6595,2607000069,NEW KABEL USB UGREEN C TO DP 8K 25158 2M,,,,TIDAK,0
6596,2607000071,NEW KABEL USB UGREEN C TO DP 8K 25839 3M,,,,TIDAK,0
6597,2607000054,NEW KABEL USB UGREEN CABLE DIGITAL DISPLAY C TO C 240W NYLON 65867 2M -  BLACK,,,,TIDAK,0
6598,2607000055,NEW KABEL USB UGREEN CABLE PRINT 10351 3M - BLACK,,,,TIDAK,0
6599,2607000046,NEW KABEL USB UGREEN USB TO C 2M 60118 TPE - BLACK,,,,TIDAK,0
6600,2607000047,NEW KABEL USB UGREEN USB-A 2.0 TO C 60826 3M - BLACK,,,,TIDAK,0
6601,2607000052,NEW KABEL USB UGREEN USB-C 3.2 GEN 2 CABLE 80150 1M,,,,TIDAK,0
6602,2607000019,NEW KEYBOARD ASUS TUF GAMING FX507 BLACK,,,,TIDAK,0
6603,2607000011,NEW KEYBOARD MSI GF63/8RC-8RD/MSI-16R RED,,,,TIDAK,0
6604,2607000056,NEW KONVERTER UGREEN AUDIO C TO AUX 3.5MM DAC 95589 10CM - BLACK,,,,TIDAK,0
6605,2607000074,NEW KONVERTER UGREEN DP TO HDMI 40363,,,,TIDAK,0
6606,2607000072,NEW KONVERTER UGREEN DP TO VGA M / F 20415 - BLACK,,,,TIDAK,0
6607,2607000075,NEW KONVERTER UGREEN HDMI TO C 70693,,,,TIDAK,0
6608,2607000062,NEW KONVERTER UGREEN USB TO C 50533 - GRAY,,,,TIDAK,0
6609,2607000067,NEW KONVERTER UGREEN USB-C TO HDMI 2.1 8K60HZ / 35596 1.5M,,,,TIDAK,0
6610,2607000121,"NEW LAPTOP BAG UGREEN SLEEVE 60985 13"" - GRAY",,,,TIDAK,0
6611,2607000101,NEW LAPTOP STAND UGREEN FOLDABLE HOLDER 40289,,,,TIDAK,0
6612,2607000100,NEW LAPTOP STAND UGREEN VERTICAL HOLDER SINGLE SLOT 20471,,,,TIDAK,0
6613,2607000015,NEW LED LAPTOP 15'6 SLIM 40PIN 120HZ FULL HD NO SCEREW B156HAN13.0,,,,TIDAK,0
6614,2607000022,NEW LENOVO IDEAPAD 3 IC POWER,,,,TIDAK,0
6615,2607000034,"NEW MONITOR ASUS ROG STRIX OLED PG27AQDP 27"" WOLED QHD 480Hz",,,,TIDAK,0
6616,2607000035,"NEW MONITOR ASUS ROG STRIX OLED XG27AQNG 27"" QD-OLED QHD 360Hz",,,,TIDAK,0
6617,2607000057,"NEW MONITOR LENOVO L22-42 21.5"" IPS FHD 100Hz WHITE",,,,TIDAK,0
6618,2607000042,"NEW MONITOR LENOVO L24-4C 24"" IPS FHD 144Hz SPEAKER SILVER",,,,TIDAK,0
6619,2607000036,"NEW MONITOR LENOVO L24D-4C 24"" IPS FHD 144Hz USB-C ERGONOMIC SILVER",,,,TIDAK,0
6620,2607000049,"NEW MONITOR LENOVO L27Q-11 27"" IPS QHD 300Hz HDR10 ERGONOMIC",,,,TIDAK,0
6621,2607000051,"NEW MONITOR LENOVO LEGION 27-10 27"" IPS FHD 240Hz HDR10 ERGONOMIC",,,,TIDAK,0
6622,2607000058,"NEW MONITOR LENOVO LEGION 27Q-10 27"" IPS QHD 240Hz HDR10 ERGONOMIC BLACK",,,,TIDAK,0
6623,2607000050,"NEW MONITOR LENOVO LEGION OLED 27Q-10 27"" QD-OLED QHD 240Hz",,,,TIDAK,0
6624,2607000061,"NEW MONITOR LENOVO LEGION PRO 27Q-10 27"" QD-OLED QHD 280Hz TRUE BLACK 400",,,,TIDAK,0
6625,2607000037,"NEW MONITOR LENOVO LEGION PRO 27UD-10 27"" OLED 4K UHD 240Hz USB-C ERGONOMIC WHITE",,,,TIDAK,0
6626,2607000060,"NEW MONITOR LENOVO LEGION Y25-10 24.5"" IPS FHD 320Hz ERGONOMIC",,,,TIDAK,0
6627,2607000059,"NEW MONITOR LENOVO R24S 23.8"" IPS FHD 144Hz HDR10",,,,TIDAK,0
6628,2607000053,"NEW MONITOR LENOVO S22-4E 21.5"" IPS FHD 100Hz BLACK",,,,TIDAK,0
6629,2607000012,"NEW MONITOR LG 27U411B-B 27"" IPS FULL HD 144HZ",,,,TIDAK,1
6630,2607000106,NEW MONITOR MSI MPG ARTYMIS 273CQR-QD 27″ CURVED VA WQHD 165Hz QUANTUM DOT HDR,,,,TIDAK,0
6631,2607000108,NEW MONITOR MSI PRO MP273U 27″ FLAT IPS 4K UHD 60Hz HDR,,,,TIDAK,0
6632,2607000033,NEW MOTHERBOARD MSI H410M-A PRO LGA 1200 DDR4 - mATX,,,,TIDAK,0
6633,2607000044,NEW NAS UGREEN NASYNC DX4800 PLUS 35261 4-BAY,,,,TIDAK,0
6634,2607000043,NEW NAS UGREEN NASYNC DXP2800 25369 2-BAY,,,,TIDAK,0
6635,2607000066,NEW NB ACER ASPIRE LITE AL14 36P C22J INTEL CELERON N4500 8GB 256GB 14″ FHD IPS WIN 11 HOME + OHM 2024 + M365  (ROSE SAKURA),,,,TIDAK,2
6636,2607000065,NEW NB ACER ASPIRE LITE AL14 36P C27D INTEL CELERON N4500 8GB 256GB 14″ FHD IPS WIN 11 HOME + OHM 2024 + M365  (LIGHT SILVER),,,,TIDAK,2
6637,2607000070,NEW NB AXIOO HYPE 1 N4020 4GB 128GB DOS 14.0 BLUE,,,,TIDAK,0
6638,2607000010,NEW NB LENOVO YOGA SLIM 7 14ILL10 83JX00AWID INTEL ULTRA 5 226V 16GB 512B 14″ OLED WIN 11 HOME + OHM 2024 + M365 (SEASHELL),,,,TIDAK,0
6639,2607000113,NEW NB LENOVO YOGA SLIM 7 AURA EDITION 14ILL10 83JX006CID INTEL ULTRA 5 226V 16GB 512GB 14″ OLED TOUCH WIN 11 HOME + OHM 2024 + M365 (LUNA GREY),,,,TIDAK,0
6640,2607000018,NEW PC LENOVO AIO 24IRH9 F0HN00Q3ID INTEL CORE I3-1315U 8GB 512GB LUNA GREY,,,,TIDAK,0
6641,2607000017,NEW PC LENOVO AIO 24IRH9 F0HN00Q4ID INTEL CORE I3-1315U 8GB 512GB CLOUD GREY,,,,TIDAK,0
6642,2607000041,NEW POWER SUPPLY COOLER MASTER MWE GOLD 1050 V2 1050W 80+ GOLD - FULL MODULAR ATX3.1,,,,TIDAK,0
6643,2607000099,NEW POWERBANK UGREEN 25188 100W 20000MAH - GRAY,,,,TIDAK,0
6644,2607000094,NEW POWERBANK UGREEN 25286 300W 48000MAH - GRAY,,,,TIDAK,0
6645,2607000098,NEW POWERBANK UGREEN BUILT-IN CABLE 55992B 145W 20000MAH - GRAY,,,,TIDAK,0
6646,2607000040,NEW POWERBANK UGREEN BUILT-IN CABLE 75161B 20W 10000MAH - GRAY,,,,TIDAK,0
6647,2607000092,NEW POWERBANK UGREEN BUILT-IN CABLE 95670B 165W 20000MAH - GRAY,,,,TIDAK,0
6648,2607000097,NEW POWERBANK UGREEN DIGITAL DISPLAY 95424B 20W 20000MAH - BLACK,,,,TIDAK,0
6649,2607000096,NEW POWERBANK UGREEN MAGSAFE 25208 20W 10000MAH - BEIGE,,,,TIDAK,0
6650,2607000095,NEW POWERBANK UGREEN MAGSAFE 25919 20W 10000MAH - GRAY,,,,TIDAK,0
6651,2607000016,NEW PROCESSOR AMD RYZEN 5 3400G 3.7GHz AM4 MPK (TRAY + FAN),,,,TIDAK,0
6652,2607000038,NEW PROCESSOR AMD RYZEN 5 5500GT 3.6GHz AM4 MPK,,,,TIDAK,0
6653,2607000073,NEW PROCESSOR AMD RYZEN 5 7500F 3.7GHz AM5 MPK (TRAY + FAN),,,,TIDAK,0
6654,2607000079,NEW PROJECTOR UGREEN HDMI WIRELESS 50633,,,,TIDAK,0
6655,2607000093,NEW RAM LONGDIMM DDR4 KINGBANK 32GB (1X32GB) 3200MHZ CL16 SILVER HEATSINK,,,,TIDAK,0
6656,2607000032,NEW RAM LONGDIMM DDR4 KINGSTON 8GB (1x8GB) 3200MHZ - IW,,,,TIDAK,40
6657,2607000122,NEW RAM LONGDIMM DDR5 KINGBANK 8GB (1X8GB) 6000MHZ XMP SILVER HEATSINK C30,,,,TIDAK,0
6658,2607000024,NEW SOKET HDD CABLE LENOVO E470,,,,TIDAK,0
6659,2607000077,NEW SWITCHER UGREEN HDMI 2 IN 1 50966 - BLACK,,,,TIDAK,0
6660,2607000078,NEW SWITCHER UGREEN HDMI 3 IN 1 4K@30HZ 80125 - BLACK,,,,TIDAK,0
6661,2607000076,NEW UGREEN 5-PORT GIGABIT ETHERNET SWITCH 1000MBPS 15641EU - BLACK,,,,TIDAK,0
6662,2607000080,NEW UGREEN WIRELESS HDMI TRANSMITTER & RECEIVER 35031A,,,,TIDAK,0
6663,2607000120,NEW UGREEN WIRELESS WIFI ADAPTER DUAL BAND AC650 90339,,,,TIDAK,0
6664,2607000103,NEW USB HUB UGREEN 50985 3.0 HUB 4 PORT - GRAY,,,,TIDAK,0
6665,2607000110,NEW USB HUB UGREEN DUAL-C 80856 6 IN 1 - GRAY,,,,TIDAK,0
6666,2607000109,NEW USB HUB UGREEN TYPE-C 15214 7 IN 1 - BLACK,,,,TIDAK,0
6667,2607000104,NEW USB HUB UGREEN TYPE-C 45000 6 IN 1 - BLACK,,,,TIDAK,0
6668,2607000107,NEW USB HUB UGREEN UNO 45155 7 IN 1 - BLACK,,,,TIDAK,0
6669,2607000105,NEW USB HUB UGREEN UNO 75179 7 IN 1 - BLACK,,,,TIDAK,0
6670,2607000025,NEW VENTION COTTON BRAIDED USB 2.0 A MALE TO MICRO-B MALE 3A CABLE 1M GRAY ALUMINUM ALLOY - COAHF,,,,TIDAK,0
6671,2607000026,NEW VENTION COTTON USB-C RIGHT ANGLE TO USB 2.0-A CABLE 1M GRAY ALUMINUM ALLOY - COEHF,,,,TIDAK,0
6672,2607000027,NEW VENTION USB 2.0 A MALE TO B MALE CABLE 2M BLACK PVC - COQBH,,,,TIDAK,0
6673,2607000028,NEW VENTION USB 3.0 A MALE TO B MALE CABLE 1M BLACK PVC - COQBF,,,,TIDAK,0
6674,2607000029,NEW VENTION USB 3.2 A MALE TO A FEMALE EXTENSION ROUND CABLE 1M BLACK PVC - CBOBF,,,,TIDAK,0
6675,2607000030,NEW VENTION USB B 3.0 TO USB 3.0 X7 HUB WITH INDIVIDUAL POWER SWITCHES & DC 5.5MM POWER ADAPTER EU-PLUG BLACK - CHXB0-EU,,,,TIDAK,0
6676,2607000123,NEW VGA CARD DIGITAL ALLIANCE GEFORCE GTX 1050 4GB GDDR5,,,,TIDAK,0
6677,2607000125,NEW VGA CARD GAINWARD GEFORCE RTX 5080 PYTHON III 16GB GDDR7,,,,TIDAK,0
6678,2607000124,NEW VGA CARD ZOTAC GEFORCE RTX 5070 TI SOLID SFF OC 16GB GDDR7,,,,TIDAK,0
6679,2607000031,NEW VGA CARD ZOTAC GEFORCE RTX 5090 SOLID OC 32GB GDDR7 3Y - WHITE,,,,TIDAK,0
6680,2607000045,NEW WEBCAM UGREEN 35626 2K - BLACK,,,,TIDAK,0