id,kode_accurate,woo_product_id,woo_sku_full,woo_name,is_active,created_at,updated_at,confidence_score,match_method,woo_variation_id,needs_review,triggered_by
1,2510000259,25298,Single : 2510000258 / 2510000259 | Grup : 2511000108 / 2511000109,CASING ARMAGGEDDON AQUARON X CURVE 285 DUAL CHAMBER (BUNDLE FREE EACH COLOUR) - mATX,true,2026-05-18 06:39:13.929512+00,2026-05-22 10:33:53.556017+00,95,sku_multi,,false,
2,100418,23834,2503000104 / 100418,MONITOR SAMSUNG ODYSSEY G5 G55C 27″ CURVED VA QHD (2560×1440) 165Hz – (LS27CG552EEXXD),true,2026-05-18 06:39:13.929512+00,2026-05-19 08:13:30.63379+00,95,sku_multi,,false,
3,100859,17479,2504000396 / 100859,"MONITOR ASUS TUF VG259Q3A 25"" FLAT IPS FHD (1920x1080) 180Hz 99% sRGB",true,2026-05-18 06:39:13.929512+00,2026-05-19 08:13:30.63379+00,95,sku_multi,,false,
4,101154,16773,101154,MSI MINI PC CUBI 5 12M-225BID-W51235UXX i5-1235U BAREBONE BLACK,true,2026-05-18 06:39:13.929512+00,2026-05-19 08:13:30.63379+00,100,sku_exact,,false,
5,100808,16769,100808,MSI MINI PC CUBI 5 12M-240BID-B31215UXX i3-1215U BAREBONE BLACK,true,2026-05-18 06:39:13.929512+00,2026-05-22 10:33:53.556017+00,100,sku_exact,,false,
6,100807,16761,100807,MSI MINI PC CUBI N ADL S-207BID-BN100XX CELERON N100 BAREBONE BLACK,true,2026-05-18 06:39:13.929512+00,2026-05-22 10:33:53.556017+00,100,sku_exact,,false,
7,101548,15725,101548,"MONITOR LG 25MS500-B 25"" FLAT IPS FHD (1920x1080) 100Hz",true,2026-05-18 06:39:13.929512+00,2026-05-19 08:13:30.63379+00,100,sku_exact,,false,
8,100416,15176,100416,"MONITOR SAMSUNG ODYSSEY G4 25"" FLAT IPS FHD (1920x1080) 240HZ 99% sRGB - (S25BG400EE)",true,2026-05-18 06:39:13.929512+00,2026-05-22 10:33:53.556017+00,100,sku_exact,,false,
9,101556,14721,101556,MOTHERBOARD MSI B850 GAMING PLUS WIFI AM5 DDR5 - ATX,true,2026-05-18 06:39:13.929512+00,2026-05-19 08:13:30.63379+00,100,sku_exact,,false,
10,101553,14606,101553,"MONITOR MSI MAG 275QF 27"" FLAT IPS WQHD (2560x1440) 180Hz 100% sRGB",true,2026-05-18 06:39:13.929512+00,2026-05-19 08:13:30.63379+00,100,sku_exact,,false,
11,101297,14589,101297,"MONITOR MSI MAG 276CXF 27"" CURVED VA FHD (1920x1080) 280Hz 100% sRGB",true,2026-05-18 06:39:13.929512+00,2026-05-22 10:33:53.556017+00,100,sku_exact,,false,
12,101555,14583,101555,"MONITOR MSI MAG 32CQ6F 32"" CURVED VA WQHD (2560X1440) 180Hz 100% sRGB",true,2026-05-18 06:39:13.929512+00,2026-05-19 08:13:30.63379+00,100,sku_exact,,false,
13,101529,14549,101529,MOTHERBOARD ASUS ROG STRIX B760-I GAMING WIFI DDR5 LGA1700 - mITX,true,2026-05-18 06:39:13.929512+00,2026-05-19 08:13:30.63379+00,100,sku_exact,,false,
14,101536,14523,101536,MOTHERBOARD ASUS ROG STRIX B850-F GAMING WIFI DDR5 AM5 - ATX,true,2026-05-18 06:39:13.929512+00,2026-05-19 08:13:30.63379+00,100,sku_exact,,false,
15,100113,14455,100113,"MONITOR MSI MAG 32C6X 31.5"" CURVED VA FHD (1920x1080) 250Hz",true,2026-05-18 06:39:13.929512+00,2026-05-19 08:13:30.63379+00,100,sku_exact,,false,
16,101353,13991,101353,MOTHERBOARD ASROCK X870E NOVA WIFI PHANTOM GAMING AM5 - ATX,true,2026-05-18 06:39:13.929512+00,2026-05-19 08:13:30.63379+00,100,sku_exact,,false,
17,100853,13878,100853,"MONITOR THINKVISION M14T PORTABLE TOUCHSCREEN 14"" IPS FHD (1920x1080) 60Hz 72% NTSC",true,2026-05-18 06:39:13.929512+00,2026-05-19 08:13:30.63379+00,100,sku_exact,,false,
18,100852,13833,100852,"MONITOR THINKVISION M15 15.6"" PORTABLE IPS FHD (1920x1080) 60Hz 45% NTSC",true,2026-05-18 06:39:13.929512+00,2026-05-19 08:13:30.63379+00,100,sku_exact,,false,
19,101295,13812,101295,"[EOL] MONITOR MSI G273CQ 27"" CURVED VA WQHD (2560x1440) 170Hz 100% sRGB",true,2026-05-18 06:39:13.929512+00,2026-05-19 08:04:44.472042+00,100,sku_exact,,false,
20,101323,13669,101323,MOTHERBOARD GIGABYTE Z790 S WIFI LGA1700 DDR4 - ATX,true,2026-05-18 06:39:13.929512+00,2026-05-19 08:13:30.63379+00,100,sku_exact,,false,
21,101419,13635,101419,MOTHERBOARD ASUS TUF GAMING B760M-PLUS WIFI II LGA1700 DDR5 - mATX,true,2026-05-18 06:39:13.929512+00,2026-05-19 08:13:30.63379+00,100,sku_exact,,false,
22,101339,13376,101339,MOTHERBOARD ASROCK Z790 PRO RS LGA1700 DDR5 - ATX,true,2026-05-18 06:39:13.929512+00,2026-05-19 08:13:30.63379+00,100,sku_exact,,false,
23,101338,13371,101338,MOTHERBOARD ASROCK Z890 PRO-A LGA1851 - ATX,true,2026-05-18 06:39:13.929512+00,2026-05-19 08:13:30.63379+00,100,sku_exact,,false,
24,101360,13353,101360,MOTHERBOARD ASROCK X670E PG LIGHTNING AM5 - ATX,true,2026-05-18 06:39:13.929512+00,2026-05-19 08:13:30.63379+00,100,sku_exact,,false,
25,101314,13240,101314,"MONITOR LG ULTRAGEAR 27GQ50F-B 27"" FLAT VA FHD (1920x1080) 165Hz 72% NTSC",true,2026-05-18 06:39:13.929512+00,2026-05-19 08:13:30.63379+00,100,sku_exact,,false,
26,101535,13213,2508000054 / 101535,MOTHERBOARD ASUS PRIME B650M-A II WIFI AM5 - mATX,true,2026-05-18 06:39:13.929512+00,2026-05-19 08:13:30.63379+00,95,sku_multi,,false,
27,100984,11962,100984,MOTHERBOARD MSI PRO H610M-E DDR5 LGA1700,true,2026-05-18 06:39:13.929512+00,2026-05-22 10:33:53.556017+00,100,sku_exact,,false,
28,101153,11596,101153,"MONITOR MSI PRO MP223 E2 22"" FLAT VA FHD (1920x1080) 100Hz 99% sRGB",true,2026-05-18 06:39:13.929512+00,2026-05-22 10:33:53.556017+00,100,sku_exact,,false,
29,100142,11495,100142,MOTHERBOARD GIGABYTE B760M DS3H DDR5 LGA1700 – mATX,true,2026-05-18 06:39:13.929512+00,2026-05-22 10:33:53.556017+00,100,sku_exact,,false,
30,100979,11484,100979,MOTHERBOARD ASUS PRIME A520M-K AM4 DDR4 - mATX,true,2026-05-18 06:39:13.929512+00,2026-05-19 08:13:30.63379+00,100,sku_exact,,false,
31,100825,11413,100825,MOTHERBOARD GIGABYTE B760M GAMING WIFI PLUS DDR5 LGA1700 - mATX,true,2026-05-18 06:39:13.929512+00,2026-05-22 10:33:53.556017+00,100,sku_exact,,false,
32,101109,11362,101109,MOTHERBOARD MSI B450M-A PRO MAX II AM4,true,2026-05-18 06:39:13.929512+00,2026-05-19 08:13:30.63379+00,100,sku_exact,,false,
33,101287,11020,101287,MOTHERBOARD GIGABYTE A620M GAMING X AM5 - mATX,true,2026-05-18 06:39:13.929512+00,2026-05-19 08:13:30.63379+00,100,sku_exact,,false,
34,101322,11011,101322,MOTHERBOARD GIGABYTE Z890M GAMING X LGA1851 - mATX,true,2026-05-18 06:39:13.929512+00,2026-05-19 08:13:30.63379+00,100,sku_exact,,false,
35,100858,10810,100858,"MONITOR ASUS ROG XG27WCS 27"" CURVED VA QHD (2560x1440) 180Hz 100% sRGB",true,2026-05-18 06:39:13.929512+00,2026-05-19 08:13:30.63379+00,100,sku_exact,,false,
36,100970,9552,100970,MOTHERBOARD MSI PRO A620M-E AM5 DDR5 - mAtx,true,2026-05-18 06:39:13.929512+00,2026-05-22 10:33:53.556017+00,100,sku_exact,,false,
37,100982,9539,100982,MOTHERBOARD ASUS PRIME B550M-K AM4 DDR4 - mAtx,true,2026-05-18 06:39:13.929512+00,2026-05-22 10:33:53.556017+00,100,sku_exact,,false,
38,100981,9531,100981,MOTHERBOARD ASUS TUF GAMING B550M-PLUS AM4 DDR4 WIFI II,true,2026-05-18 06:39:13.929512+00,2026-05-22 10:33:53.556017+00,100,sku_exact,,false,
39,100980,9523,100980,MOTHERBOARD ASUS A620M-A AM5 DDR5 - MATX,true,2026-05-18 06:39:13.929512+00,2026-05-22 10:33:53.556017+00,100,sku_exact,,false,
40,100978,9445,100978,MOTHERBOARD MSI PRO B650M-P AM5 DDR5 - mAtx,true,2026-05-18 06:39:13.929512+00,2026-05-22 10:33:53.556017+00,100,sku_exact,,false,
41,100977,9443,100977,MOTHERBOARD ASUS TUF GAMING B760M-E D4 DDR4 LGA1700 - mAtx,true,2026-05-18 06:39:13.929512+00,2026-05-22 10:33:53.556017+00,100,sku_exact,,false,
42,100468,9203,100468,"MONITOR LG 27MR400-B 27"" FLAT IPS FHD (1920x1080) 100Hz 99% sRGB",true,2026-05-18 06:39:13.929512+00,2026-05-19 08:13:30.63379+00,100,sku_exact,,false,
43,A1404VA-VIPS352,9018,A1404VA-VIPS352,ASUS VIVOBOOK GO 14 A1404VA VIPS351M VIPS352M INTEL I3-1315U 8GB 512GB 14″ FHD IPS WIN 11 HOME + OHS 2021 + M365,true,2026-05-18 06:39:13.929512+00,2026-05-20 09:11:50.694558+00,100,sku_exact,,false,
44,100841,8760,100841,MOTHERBOARD MSI B760M GAMING PLUS WIFI LGA1700 DDR5 - mAtx,true,2026-05-18 06:39:13.929512+00,2026-05-19 08:13:30.63379+00,100,sku_exact,,false,
45,100746,8564,100746,MOTHERBOARD DIGITAL ALLIANCE H610M DDR4 LGA1700 - mAtx,true,2026-05-18 06:39:13.929512+00,2026-05-19 08:13:30.63379+00,100,sku_exact,,false,
46,100671,7707,100671,"MONITOR XYZ X-EYE 22"" FLAT LCD FHD (1920x1080) 75Hz",true,2026-05-18 06:39:13.929512+00,2026-05-22 10:33:53.556017+00,100,sku_exact,,false,
47,100670,7705,100670,"MONITOR XYZ X-EYE 19"" FLAT LCD WXGA+ (1440x900) 60Hz",true,2026-05-18 06:39:13.929512+00,2026-05-22 10:33:53.556017+00,100,sku_exact,,false,
48,100420,7356,100420,"MONITOR SAMSUNG ODYSSEY G5 G50D 27"" FLAT IPS QHD (2560x1440) 180Hz 99% sRGB - (S27DG502EE)",true,2026-05-18 06:39:13.929512+00,2026-05-19 08:13:30.63379+00,100,sku_exact,,false,
49,100417,7327,100417,"MONITOR SAMSUNG ODYSSEY G5 G55T 34"" CURVED VA UWQHD (3440x1440) 165HZ 72% NTSC - (C34G55TWWE)",true,2026-05-18 06:39:13.929512+00,2026-05-19 08:13:30.63379+00,100,sku_exact,,false,
50,A1404VA-VIPS712,5962,A1404VA-VIPS712,ASUS VIVOBOOK GO 14 A1404VA VIPS711 VIPS712 INTEL I7-1355U 16GB 1TB 14″ FHD IPS WIN 11 HOME + OHS 2021,true,2026-05-18 06:39:13.929512+00,2026-05-20 09:11:50.694558+00,100,sku_exact,,false,
51,100166,4722,2511000068 / 2511000069 / 100166,CASING DEEPCOOL CH170 DIGITAL SFF - mini ITX,true,2026-05-18 06:39:13.929512+00,2026-05-22 10:33:53.556017+00,95,sku_multi,,false,
52,100091,3646,100091,MOTHERBOARD MSI PRO H510M-B DDR4 LGA1200 - mAtx,true,2026-05-18 06:39:13.929512+00,2026-05-22 10:33:53.556017+00,100,sku_exact,,false,
53,100394,3280,100394,MOTHERBOARD MSI PRO B760M-A WIFI DDR4 LGA1700 - mAtx,true,2026-05-18 06:39:13.929512+00,2026-05-22 10:33:53.556017+00,100,sku_exact,,false,
54,A1400KA-FHD421,3259,A1400KA-FHD421,ASUS VIVOBOOK 14 A1400KA FHD421 INTEL CELERON N4500 4GB 256GB 14″ FHD WIN 11 HOME + OHS 2021,true,2026-05-18 06:39:13.929512+00,2026-05-19 08:13:30.63379+00,100,sku_exact,,false,
55,100782,3166,100782,ACER ASPIRE LITE AL14-51M-59YA I5-1235U 8GB 512GB 14.0 WUXGA IPS W11+ OHS,true,2026-05-18 06:39:13.929512+00,2026-05-22 10:33:53.556017+00,100,sku_exact,,false,
2253,2511000001,25718,2511000001 / 2511000002,EARPHONE HYPERX CLOUD EARBUDS II WITH FREE POUCH 3.5mm AUDIO JACK,true,2026-05-20 09:11:50.694558+00,2026-05-22 10:33:53.556017+00,95,sku_multi,,false,
2254,2511000002,25718,2511000001 / 2511000002,EARPHONE HYPERX CLOUD EARBUDS II WITH FREE POUCH 3.5mm AUDIO JACK,true,2026-05-20 09:11:50.694558+00,2026-05-22 10:33:53.556017+00,95,sku_multi,,false,
2255,2511000074,25566,2511000074 / 2511000075,CASING DEEPCOOL CH690 DIGITAL MID TOWER - ATX,true,2026-05-20 09:11:50.694558+00,2026-05-22 10:33:53.556017+00,95,sku_multi,,false,
2256,2511000075,25566,2511000074 / 2511000075,CASING DEEPCOOL CH690 DIGITAL MID TOWER - ATX,true,2026-05-20 09:11:50.694558+00,2026-05-22 10:33:53.556017+00,95,sku_multi,,false,
2257,2510000268,25555,2510000268,"MONITOR LG 27G610A-B 27"" FLAT IPS QHD (2560x1440) 200Hz 95%sRGB",true,2026-05-20 09:11:50.694558+00,2026-05-22 10:33:53.556017+00,100,sku_exact,,false,
2258,2511000067,25518,2511000067,POWER SUPPLY DEEPCOOL PF600X 600W 80+ BRONZE - NON MODULAR,true,2026-05-20 09:11:50.694558+00,2026-05-22 10:33:53.556017+00,100,sku_exact,,false,
2260,2510000160,25186,2510000160,COOLING PAD NYK NEMESIS BEIRUZ AX3 WITH PLATE TOPPER,true,2026-05-20 09:11:50.694558+00,2026-05-22 10:33:53.556017+00,100,sku_exact,,false,
2261,2508000167,25178,2508000167,CASING NYK NEMESIS PALLAS T59 MID TOWER (INCLUDE FAN 3) - ATX,true,2026-05-20 09:11:50.694558+00,2026-05-22 10:33:53.556017+00,100,sku_exact,,false,
2262,2508000168,25172,2508000168,CASING NYK NEMESIS CORA FC3 MID TOWER (INCLUDE FAN 4) - ATX,true,2026-05-20 09:11:50.694558+00,2026-05-22 10:33:53.556017+00,100,sku_exact,,false,
2263,2510000137,24898,2510000137 / 2510000138,CASING NZXT H3 FLOW MID TOWER - mATX,true,2026-05-20 09:11:50.694558+00,2026-05-22 10:33:53.556017+00,95,sku_multi,,false,
2264,2510000138,24898,2510000137 / 2510000138,CASING NZXT H3 FLOW MID TOWER - mATX,true,2026-05-20 09:11:50.694558+00,2026-05-22 10:33:53.556017+00,95,sku_multi,,false,
2265,2506000345,21203,2506000345,"MONITOR LG ULTRAGEAR 27GS50F-B 27"" FLAT VA FHD (1920x1080) 180Hz 72% NTSC",true,2026-05-20 09:11:50.694558+00,2026-05-22 10:33:53.556017+00,100,sku_exact,,false,
2271,2504000252,11712,2504000252,TP-LINK TL-WN781ND 150Mbps Wireless N PCI Express Adapter,true,2026-05-20 09:11:50.694558+00,2026-05-22 10:33:53.556017+00,100,sku_exact,,false,
2284,2503000399,7563,2503000399,TP-LINK TL-WN722N 150Mbps High Gain Wireless USB Adapter,true,2026-05-20 09:11:50.694558+00,2026-05-22 10:33:53.556017+00,100,sku_exact,,false,
2287,100179,3983,100179 / 100181,RAM PC DDR5 ADATA XPG LANCER 16GB (2x8GB) 5200Mhz,true,2026-05-20 09:11:50.694558+00,2026-05-22 10:33:53.556017+00,95,sku_multi,,false,
2582,100675,8572,100675,PRINTER CANON G2770 ALL IN ONE,true,2026-05-20 09:11:52.550637+00,2026-05-22 10:33:53.556017+00,100,sku_exact,,false,
2602,100565,8401,100565,PRINTER EPSON L4260 A4 Duplex AIO | WI-FI,true,2026-05-20 09:11:52.550637+00,2026-05-22 10:33:53.556017+00,100,sku_exact,,false,
3241,2506000047,12285,2506000047,LENOVO LOQ 15AHP9 83DX0037ID RYZEN 5-8645HS 8GB 512GB RTX4050 6GB 15.6″ FHD WIN 11 HOME + OHS 2021,true,2026-05-22 09:43:44.599505+00,2026-05-22 09:43:44.599505+00,100,manual_fix,,false,
3242,2511000194,29898,2511000194,UGREEN AUX STEREO AUDIO SPLITTER JACK 3.5MM MALE TO DUAL JACK 3.5MM 20cm - (10532),true,2026-05-22 10:33:53.556017+00,2026-05-22 10:33:53.556017+00,100,sku_exact,,false,
3276,2503000269,6703,2503000581 / 2503000270 / 2503000269,ASUS VIVOBOOK GO 14 E1404GA FHD351 FHD352 FHD353 INTEL I3-N305 8GB 512GB 14″ FHD WIN 11 HOME + OHS 2021,true,2026-05-22 10:33:53.556017+00,2026-05-22 10:33:53.556017+00,95,sku_multi,,false,
4231,2508000100,22960,,OXIMUS BRACKET TV MONITOR ARM GAS SPRINT TILT SWIVEL ROTATE TRIPLE ARM - P300,true,2026-05-28 04:27:42.411945+00,2026-05-28 04:27:42.411945+00,100,manual,,false,
4232,100710,11475,,PROCESSOR AMD RYZEN 5-5600GT 3.6GHz Up to 4.6GHZ AM4 WITH WRAITH STEALTH COOLER,true,2026-05-28 10:15:41.68675+00,2026-05-28 10:15:41.68675+00,100,manual,,false,
4233,100709,11479,,PROCESSOR AMD RYZEN 5-8600G 4.3 – 5GHZ WITH WRAITH STEALTH COOLER AM5,true,2026-05-28 10:16:22.824636+00,2026-05-28 10:16:22.824636+00,100,manual,,false,
4234,100682,8583,,GAMEPAD FANTECH WGP15 EPSILON BLACK Wireless Bluetooth,true,2026-05-28 10:17:35.128347+00,2026-05-28 10:17:35.128347+00,100,manual,,false,
4241,101276,13663,,CASING COOLER MASTER MASTERBOX MB311L ARGB MINI TOWER - mATX,true,2026-05-28 10:31:44.544525+00,2026-05-28 10:31:44.544525+00,100,manual,,false,
4242,101262,19850,,CARTRIDGE TINTA PRINTER HP 680 BLACK & TRI COLOR (WARNA: BLACK),true,2026-05-28 10:32:35.959885+00,2026-05-28 10:32:35.959885+00,100,manual,19851,false,
4243,101214,12172,981-000979,LOGITECH G335 7.1 LIGHTSPEED WIRED GAMING HEADSET (WARNA: BLACK),true,2026-05-28 10:33:08.733541+00,2026-05-28 10:33:08.733541+00,100,manual,12180,false,
4244,101259,17642,,MODEM TELKOMSEL B320 ORBIT STAR H2 PORTABLE WIFI 4G HIGH SPEED DATA,true,2026-05-28 10:38:13.529917+00,2026-05-28 10:38:13.529917+00,100,manual,,false,
4245,2602000237,28492,,VGA CARD GALAX RTX 5060 8GB 1-Click OC WHITE V2 GDDR7,true,2026-06-20 06:51:26.927733+00,2026-06-20 06:51:26.927733+00,100,manual,,false,
4255,100023,0,,IGNORED,false,2026-07-08 10:06:37.985224+00,2026-07-08 10:06:37.985224+00,100,auto_ignore,,false,
4256,100019,0,,IGNORED,false,2026-07-08 10:06:37.985224+00,2026-07-08 10:06:37.985224+00,100,auto_ignore,,false,
4257,100021,0,,IGNORED,false,2026-07-08 10:06:37.985224+00,2026-07-08 10:06:37.985224+00,100,auto_ignore,,false,
4258,100820,0,,IGNORED,false,2026-07-08 10:06:37.985224+00,2026-07-08 10:06:37.985224+00,100,auto_ignore,,false,
4259,100560,0,,IGNORED,false,2026-07-08 10:06:37.985224+00,2026-07-08 10:06:37.985224+00,100,auto_ignore,,false,
4260,100424,0,,IGNORED,false,2026-07-08 10:06:37.985224+00,2026-07-08 10:06:37.985224+00,100,auto_ignore,,false,
4261,100450,0,,IGNORED,false,2026-07-08 10:06:37.985224+00,2026-07-08 10:06:37.985224+00,100,auto_ignore,,false,
4262,100014,0,,IGNORED,false,2026-07-08 10:06:37.985224+00,2026-07-08 10:06:37.985224+00,100,auto_ignore,,false,
4263,100463,0,,IGNORED,false,2026-07-08 10:06:37.985224+00,2026-07-08 10:06:37.985224+00,100,auto_ignore,,false,
4264,100821,0,,IGNORED,false,2026-07-08 10:06:37.985224+00,2026-07-08 10:06:37.985224+00,100,auto_ignore,,false,
4265,101052,0,,IGNORED,false,2026-07-08 10:06:37.985224+00,2026-07-08 10:06:37.985224+00,100,auto_ignore,,false,
4266,100508,0,,IGNORED,false,2026-07-08 10:06:37.985224+00,2026-07-08 10:06:37.985224+00,100,auto_ignore,,false,
4267,100461,0,,IGNORED,false,2026-07-08 10:06:37.985224+00,2026-07-08 10:06:37.985224+00,100,auto_ignore,,false,
4268,100532,0,,IGNORED,false,2026-07-08 10:06:37.985224+00,2026-07-08 10:06:37.985224+00,100,auto_ignore,,false,
4269,100453,0,,IGNORED,false,2026-07-08 10:06:37.985224+00,2026-07-08 10:06:37.985224+00,100,auto_ignore,,false,
4270,101292,0,,IGNORED,false,2026-07-08 10:06:37.985224+00,2026-07-08 10:06:37.985224+00,100,auto_ignore,,false,
4271,100547,0,,IGNORED,false,2026-07-08 10:06:37.985224+00,2026-07-08 10:06:37.985224+00,100,auto_ignore,,false,
4272,100990,0,,IGNORED,false,2026-07-08 10:06:37.985224+00,2026-07-08 10:06:37.985224+00,100,auto_ignore,,false,
4273,100541,0,,IGNORED,false,2026-07-08 10:06:37.985224+00,2026-07-08 10:06:37.985224+00,100,auto_ignore,,false,
4274,100542,0,,IGNORED,false,2026-07-08 10:06:37.985224+00,2026-07-08 10:06:37.985224+00,100,auto_ignore,,false,
4275,100540,0,,IGNORED,false,2026-07-08 10:06:37.985224+00,2026-07-08 10:06:37.985224+00,100,auto_ignore,,false,
4276,101055,0,,IGNORED,false,2026-07-08 10:06:37.985224+00,2026-07-08 10:06:37.985224+00,100,auto_ignore,,false,
4277,101418,0,,IGNORED,false,2026-07-08 10:06:37.985224+00,2026-07-08 10:06:37.985224+00,100,auto_ignore,,false,
4278,101355,0,,IGNORED,false,2026-07-08 10:06:37.985224+00,2026-07-08 10:06:37.985224+00,100,auto_ignore,,false,
4279,100546,0,,IGNORED,false,2026-07-08 10:06:37.985224+00,2026-07-08 10:06:37.985224+00,100,auto_ignore,,false,
4280,100544,0,,IGNORED,false,2026-07-08 10:06:37.985224+00,2026-07-08 10:06:37.985224+00,100,auto_ignore,,false,
4281,100535,0,,IGNORED,false,2026-07-08 10:06:37.985224+00,2026-07-08 10:06:37.985224+00,100,auto_ignore,,false,
4282,100545,0,,IGNORED,false,2026-07-08 10:06:37.985224+00,2026-07-08 10:06:37.985224+00,100,auto_ignore,,false,
4283,100539,0,,IGNORED,false,2026-07-08 10:06:37.985224+00,2026-07-08 10:06:37.985224+00,100,auto_ignore,,false,
4284,101397,0,,IGNORED,false,2026-07-08 10:06:37.985224+00,2026-07-08 10:06:37.985224+00,100,auto_ignore,,false,
4285,100538,0,,IGNORED,false,2026-07-08 10:06:37.985224+00,2026-07-08 10:06:37.985224+00,100,auto_ignore,,false,
4286,100814,0,,IGNORED,false,2026-07-08 10:06:37.985224+00,2026-07-08 10:06:37.985224+00,100,auto_ignore,,false,
4287,100719,0,,IGNORED,false,2026-07-08 10:06:37.985224+00,2026-07-08 10:06:37.985224+00,100,auto_ignore,,false,
4288,100720,0,,IGNORED,false,2026-07-08 10:06:37.985224+00,2026-07-08 10:06:37.985224+00,100,auto_ignore,,false,
4289,100029,0,,IGNORED,false,2026-07-08 10:06:37.985224+00,2026-07-08 10:06:37.985224+00,100,auto_ignore,,false,
4290,100470,0,,IGNORED,false,2026-07-08 10:06:37.985224+00,2026-07-08 10:06:37.985224+00,100,auto_ignore,,false,
4291,101305,0,,IGNORED,false,2026-07-08 10:06:37.985224+00,2026-07-08 10:06:37.985224+00,100,auto_ignore,,false,
4292,101130,0,,IGNORED,false,2026-07-08 10:06:37.985224+00,2026-07-08 10:06:37.985224+00,100,auto_ignore,,false,
4293,A15 FA506NF,0,,IGNORED,false,2026-07-08 10:06:37.985224+00,2026-07-08 10:06:37.985224+00,100,auto_ignore,,false,
4294,100041,0,,IGNORED,false,2026-07-08 10:06:37.985224+00,2026-07-08 10:06:37.985224+00,100,auto_ignore,,false,
4295,100137,0,,IGNORED,false,2026-07-08 10:06:37.985224+00,2026-07-08 10:06:37.985224+00,100,auto_ignore,,false,
4296,100138,0,,IGNORED,false,2026-07-08 10:06:38.842456+00,2026-07-08 10:06:38.842456+00,100,auto_ignore,,false,
4297,100135,0,,IGNORED,false,2026-07-08 10:06:38.842456+00,2026-07-08 10:06:38.842456+00,100,auto_ignore,,false,
4298,100136,0,,IGNORED,false,2026-07-08 10:06:38.842456+00,2026-07-08 10:06:38.842456+00,100,auto_ignore,,false,
4299,100040,0,,IGNORED,false,2026-07-08 10:06:38.842456+00,2026-07-08 10:06:38.842456+00,100,auto_ignore,,false,
4300,101431,0,,IGNORED,false,2026-07-08 10:06:38.842456+00,2026-07-08 10:06:38.842456+00,100,auto_ignore,,false,
4301,101430,0,,IGNORED,false,2026-07-08 10:06:38.842456+00,2026-07-08 10:06:38.842456+00,100,auto_ignore,,false,
4302,100043,0,,IGNORED,false,2026-07-08 10:06:38.842456+00,2026-07-08 10:06:38.842456+00,100,auto_ignore,,false,
4303,100140,0,,IGNORED,false,2026-07-08 10:06:38.842456+00,2026-07-08 10:06:38.842456+00,100,auto_ignore,,false,
4304,100133,0,,IGNORED,false,2026-07-08 10:06:38.842456+00,2026-07-08 10:06:38.842456+00,100,auto_ignore,,false,
4305,101135,0,,IGNORED,false,2026-07-08 10:06:38.842456+00,2026-07-08 10:06:38.842456+00,100,auto_ignore,,false,
4306,101136,0,,IGNORED,false,2026-07-08 10:06:38.842456+00,2026-07-08 10:06:38.842456+00,100,auto_ignore,,false,
4307,100548,0,,IGNORED,false,2026-07-08 10:06:38.842456+00,2026-07-08 10:06:38.842456+00,100,auto_ignore,,false,
4308,100697,0,,IGNORED,false,2026-07-08 10:06:38.842456+00,2026-07-08 10:06:38.842456+00,100,auto_ignore,,false,
4309,100698,0,,IGNORED,false,2026-07-08 10:06:38.842456+00,2026-07-08 10:06:38.842456+00,100,auto_ignore,,false,
4310,100699,0,,IGNORED,false,2026-07-08 10:06:38.842456+00,2026-07-08 10:06:38.842456+00,100,auto_ignore,,false,
4311,101299,0,,IGNORED,false,2026-07-08 10:06:38.842456+00,2026-07-08 10:06:38.842456+00,100,auto_ignore,,false,
4312,101391,0,,IGNORED,false,2026-07-08 10:06:38.842456+00,2026-07-08 10:06:38.842456+00,100,auto_ignore,,false,
4313,101475,0,,IGNORED,false,2026-07-08 10:06:38.842456+00,2026-07-08 10:06:38.842456+00,100,auto_ignore,,false,
4314,101112,0,,IGNORED,false,2026-07-08 10:06:38.842456+00,2026-07-08 10:06:38.842456+00,100,auto_ignore,,false,
4315,101291,0,,IGNORED,false,2026-07-08 10:06:38.842456+00,2026-07-08 10:06:38.842456+00,100,auto_ignore,,false,
4316,100008,0,,IGNORED,false,2026-07-08 10:06:38.842456+00,2026-07-08 10:06:38.842456+00,100,auto_ignore,,false,
4317,100827,0,,IGNORED,false,2026-07-08 10:06:38.842456+00,2026-07-08 10:06:38.842456+00,100,auto_ignore,,false,
4318,101050,0,,IGNORED,false,2026-07-08 10:06:38.842456+00,2026-07-08 10:06:38.842456+00,100,auto_ignore,,false,
4319,101009,0,,IGNORED,false,2026-07-08 10:06:38.842456+00,2026-07-08 10:06:38.842456+00,100,auto_ignore,,false,
4320,100840,0,,IGNORED,false,2026-07-08 10:06:38.842456+00,2026-07-08 10:06:38.842456+00,100,auto_ignore,,false,
4321,100823,0,,IGNORED,false,2026-07-08 10:06:38.842456+00,2026-07-08 10:06:38.842456+00,100,auto_ignore,,false,
4322,100694,0,,IGNORED,false,2026-07-08 10:06:38.842456+00,2026-07-08 10:06:38.842456+00,100,auto_ignore,,false,
4323,100053,0,,IGNORED,false,2026-07-08 10:06:38.842456+00,2026-07-08 10:06:38.842456+00,100,auto_ignore,,false,
4324,100391,0,,IGNORED,false,2026-07-08 10:06:38.842456+00,2026-07-08 10:06:38.842456+00,100,auto_ignore,,false,
4325,100344,0,,IGNORED,false,2026-07-08 10:06:38.842456+00,2026-07-08 10:06:38.842456+00,100,auto_ignore,,false,
4326,101468,0,,IGNORED,false,2026-07-08 10:06:38.842456+00,2026-07-08 10:06:38.842456+00,100,auto_ignore,,false,
4327,100779,0,,IGNORED,false,2026-07-08 10:06:38.842456+00,2026-07-08 10:06:38.842456+00,100,auto_ignore,,false,
4328,100877,0,,IGNORED,false,2026-07-08 10:06:38.842456+00,2026-07-08 10:06:38.842456+00,100,auto_ignore,,false,
4329,100724,0,,IGNORED,false,2026-07-08 10:06:38.842456+00,2026-07-08 10:06:38.842456+00,100,auto_ignore,,false,
4330,100769,0,,IGNORED,false,2026-07-08 10:06:38.842456+00,2026-07-08 10:06:38.842456+00,100,auto_ignore,,false,
4331,100879,0,,IGNORED,false,2026-07-08 10:06:38.842456+00,2026-07-08 10:06:38.842456+00,100,auto_ignore,,false,
4332,100878,0,,IGNORED,false,2026-07-08 10:06:39.40152+00,2026-07-08 10:06:39.40152+00,100,auto_ignore,,false,
4333,101392,0,,IGNORED,false,2026-07-08 10:06:39.40152+00,2026-07-08 10:06:39.40152+00,100,auto_ignore,,false,
4334,100423,0,,IGNORED,false,2026-07-08 10:06:39.40152+00,2026-07-08 10:06:39.40152+00,100,auto_ignore,,false,
4335,101272,0,,IGNORED,false,2026-07-08 10:06:39.40152+00,2026-07-08 10:06:39.40152+00,100,auto_ignore,,false,
4336,101007,0,,IGNORED,false,2026-07-08 10:06:39.40152+00,2026-07-08 10:06:39.40152+00,100,auto_ignore,,false,
4337,100051,0,,IGNORED,false,2026-07-08 10:06:39.40152+00,2026-07-08 10:06:39.40152+00,100,auto_ignore,,false,
4338,100050,0,,IGNORED,false,2026-07-08 10:06:39.40152+00,2026-07-08 10:06:39.40152+00,100,auto_ignore,,false,
4339,100055,0,,IGNORED,false,2026-07-08 10:06:39.40152+00,2026-07-08 10:06:39.40152+00,100,auto_ignore,,false,
4340,100045,0,,IGNORED,false,2026-07-08 10:06:39.40152+00,2026-07-08 10:06:39.40152+00,100,auto_ignore,,false,
4341,100871,0,,IGNORED,false,2026-07-08 10:06:39.40152+00,2026-07-08 10:06:39.40152+00,100,auto_ignore,,false,
4342,100872,0,,IGNORED,false,2026-07-08 10:06:39.40152+00,2026-07-08 10:06:39.40152+00,100,auto_ignore,,false,
4343,100873,0,,IGNORED,false,2026-07-08 10:06:39.40152+00,2026-07-08 10:06:39.40152+00,100,auto_ignore,,false,
4344,100233,0,,IGNORED,false,2026-07-08 10:06:39.40152+00,2026-07-08 10:06:39.40152+00,100,auto_ignore,,false,
4345,101011,0,,IGNORED,false,2026-07-08 10:06:39.40152+00,2026-07-08 10:06:39.40152+00,100,auto_ignore,,false,
4346,100833,0,,IGNORED,false,2026-07-08 10:06:39.40152+00,2026-07-08 10:06:39.40152+00,100,auto_ignore,,false,
4347,100834,0,,IGNORED,false,2026-07-08 10:06:39.40152+00,2026-07-08 10:06:39.40152+00,100,auto_ignore,,false,
4348,100835,0,,IGNORED,false,2026-07-08 10:06:39.40152+00,2026-07-08 10:06:39.40152+00,100,auto_ignore,,false,
4349,100836,0,,IGNORED,false,2026-07-08 10:06:39.40152+00,2026-07-08 10:06:39.40152+00,100,auto_ignore,,false,
4350,100733,0,,IGNORED,false,2026-07-08 10:06:39.40152+00,2026-07-08 10:06:39.40152+00,100,auto_ignore,,false,
4351,101508,0,,IGNORED,false,2026-07-08 10:06:39.40152+00,2026-07-08 10:06:39.40152+00,100,auto_ignore,,false,
4352,101507,0,,IGNORED,false,2026-07-08 10:06:39.40152+00,2026-07-08 10:06:39.40152+00,100,auto_ignore,,false,
4353,101506,0,,IGNORED,false,2026-07-08 10:06:39.40152+00,2026-07-08 10:06:39.40152+00,100,auto_ignore,,false,
4354,101505,0,,IGNORED,false,2026-07-08 10:06:39.40152+00,2026-07-08 10:06:39.40152+00,100,auto_ignore,,false,
4355,100704,0,,IGNORED,false,2026-07-08 10:06:39.40152+00,2026-07-08 10:06:39.40152+00,100,auto_ignore,,false,
4356,100735,0,,IGNORED,false,2026-07-08 10:06:39.40152+00,2026-07-08 10:06:39.40152+00,100,auto_ignore,,false,
4357,100730,0,,IGNORED,false,2026-07-08 10:06:39.40152+00,2026-07-08 10:06:39.40152+00,100,auto_ignore,,false,
4358,101245,0,,IGNORED,false,2026-07-08 10:06:39.40152+00,2026-07-08 10:06:39.40152+00,100,auto_ignore,,false,
4359,2503000320,0,,IGNORED,false,2026-07-08 10:06:39.40152+00,2026-07-08 10:06:39.40152+00,100,auto_ignore,,false,
4360,100228,0,,IGNORED,false,2026-07-08 10:06:39.40152+00,2026-07-08 10:06:39.40152+00,100,auto_ignore,,false,
4361,100224,0,,IGNORED,false,2026-07-08 10:06:39.40152+00,2026-07-08 10:06:39.40152+00,100,auto_ignore,,false,
4362,100702,0,,IGNORED,false,2026-07-08 10:06:39.40152+00,2026-07-08 10:06:39.40152+00,100,auto_ignore,,false,
4363,100706,0,,IGNORED,false,2026-07-08 10:06:39.40152+00,2026-07-08 10:06:39.40152+00,100,auto_ignore,,false,
4364,100227,0,,IGNORED,false,2026-07-08 10:06:39.40152+00,2026-07-08 10:06:39.40152+00,100,auto_ignore,,false,
4365,100226,0,,IGNORED,false,2026-07-08 10:06:39.40152+00,2026-07-08 10:06:39.40152+00,100,auto_ignore,,false,
4366,101229,0,,IGNORED,false,2026-07-08 10:06:39.40152+00,2026-07-08 10:06:39.40152+00,100,auto_ignore,,false,
4367,101483,0,,IGNORED,false,2026-07-08 10:06:43.186767+00,2026-07-08 10:06:43.186767+00,100,auto_ignore,,false,
4368,101484,0,,IGNORED,false,2026-07-08 10:06:43.186767+00,2026-07-08 10:06:43.186767+00,100,auto_ignore,,false,
4369,101485,0,,IGNORED,false,2026-07-08 10:06:43.186767+00,2026-07-08 10:06:43.186767+00,100,auto_ignore,,false,
4370,101486,0,,IGNORED,false,2026-07-08 10:06:43.186767+00,2026-07-08 10:06:43.186767+00,100,auto_ignore,,false,
4371,101492,0,,IGNORED,false,2026-07-08 10:06:43.186767+00,2026-07-08 10:06:43.186767+00,100,auto_ignore,,false,
4372,101491,0,,IGNORED,false,2026-07-08 10:06:43.186767+00,2026-07-08 10:06:43.186767+00,100,auto_ignore,,false,
4373,101490,0,,IGNORED,false,2026-07-08 10:06:43.186767+00,2026-07-08 10:06:43.186767+00,100,auto_ignore,,false,
4374,101489,0,,IGNORED,false,2026-07-08 10:06:43.186767+00,2026-07-08 10:06:43.186767+00,100,auto_ignore,,false,
4375,101496,0,,IGNORED,false,2026-07-08 10:06:43.186767+00,2026-07-08 10:06:43.186767+00,100,auto_ignore,,false,
4376,101495,0,,IGNORED,false,2026-07-08 10:06:43.186767+00,2026-07-08 10:06:43.186767+00,100,auto_ignore,,false,
4377,101494,0,,IGNORED,false,2026-07-08 10:06:43.186767+00,2026-07-08 10:06:43.186767+00,100,auto_ignore,,false,
4378,101493,0,,IGNORED,false,2026-07-08 10:06:43.186767+00,2026-07-08 10:06:43.186767+00,100,auto_ignore,,false,
4379,101370,0,,IGNORED,false,2026-07-08 10:06:43.186767+00,2026-07-08 10:06:43.186767+00,100,auto_ignore,,false,
4380,101371,0,,IGNORED,false,2026-07-08 10:06:43.186767+00,2026-07-08 10:06:43.186767+00,100,auto_ignore,,false,
4381,100455,0,,IGNORED,false,2026-07-08 10:06:43.186767+00,2026-07-08 10:06:43.186767+00,100,auto_ignore,,false,
4382,100987,0,,IGNORED,false,2026-07-08 10:06:43.186767+00,2026-07-08 10:06:43.186767+00,100,auto_ignore,,false,
4383,101289,0,,IGNORED,false,2026-07-08 10:06:43.186767+00,2026-07-08 10:06:43.186767+00,100,auto_ignore,,false,
4384,101290,0,,IGNORED,false,2026-07-08 10:06:43.186767+00,2026-07-08 10:06:43.186767+00,100,auto_ignore,,false,
4385,101476,0,,IGNORED,false,2026-07-08 10:06:43.186767+00,2026-07-08 10:06:43.186767+00,100,auto_ignore,,false,
4386,101479,0,,IGNORED,false,2026-07-08 10:06:43.186767+00,2026-07-08 10:06:43.186767+00,100,auto_ignore,,false,
4387,101478,0,,IGNORED,false,2026-07-08 10:06:43.186767+00,2026-07-08 10:06:43.186767+00,100,auto_ignore,,false,
4388,100104,0,,IGNORED,false,2026-07-08 10:06:43.186767+00,2026-07-08 10:06:43.186767+00,100,auto_ignore,,false,
4389,100866,0,,IGNORED,false,2026-07-08 10:06:43.186767+00,2026-07-08 10:06:43.186767+00,100,auto_ignore,,false,
4390,100867,0,,IGNORED,false,2026-07-08 10:06:43.186767+00,2026-07-08 10:06:43.186767+00,100,auto_ignore,,false,
4391,100102,0,,IGNORED,false,2026-07-08 10:06:43.186767+00,2026-07-08 10:06:43.186767+00,100,auto_ignore,,false,
4392,100103,0,,IGNORED,false,2026-07-08 10:06:43.186767+00,2026-07-08 10:06:43.186767+00,100,auto_ignore,,false,
4393,100158,0,,IGNORED,false,2026-07-08 10:06:43.186767+00,2026-07-08 10:06:43.186767+00,100,auto_ignore,,false,
4394,100167,0,,IGNORED,false,2026-07-08 10:06:43.186767+00,2026-07-08 10:06:43.186767+00,100,auto_ignore,,false,
4395,100037,0,,IGNORED,false,2026-07-08 10:06:43.186767+00,2026-07-08 10:06:43.186767+00,100,auto_ignore,,false,
4396,100101,0,,IGNORED,false,2026-07-08 10:06:43.186767+00,2026-07-08 10:06:43.186767+00,100,auto_ignore,,false,
4397,100099,0,,IGNORED,false,2026-07-08 10:06:43.186767+00,2026-07-08 10:06:43.186767+00,100,auto_ignore,,false,
4398,100100,0,,IGNORED,false,2026-07-08 10:06:43.186767+00,2026-07-08 10:06:43.186767+00,100,auto_ignore,,false,
4399,100028,0,,IGNORED,false,2026-07-08 10:06:43.186767+00,2026-07-08 10:06:43.186767+00,100,auto_ignore,,false,
4400,101477,0,,IGNORED,false,2026-07-08 10:06:43.186767+00,2026-07-08 10:06:43.186767+00,100,auto_ignore,,false,
4401,101482,0,,IGNORED,false,2026-07-08 10:06:43.186767+00,2026-07-08 10:06:43.186767+00,100,auto_ignore,,false,
4402,101390,0,,IGNORED,false,2026-07-08 10:06:43.186767+00,2026-07-08 10:06:43.186767+00,100,auto_ignore,,false,
4403,101389,0,,IGNORED,false,2026-07-08 10:06:43.186767+00,2026-07-08 10:06:43.186767+00,100,auto_ignore,,false,
4404,101516,0,,IGNORED,false,2026-07-08 10:06:43.186767+00,2026-07-08 10:06:43.186767+00,100,auto_ignore,,false,
4405,101402,0,,IGNORED,false,2026-07-08 10:06:43.761605+00,2026-07-08 10:06:43.761605+00,100,auto_ignore,,false,
4406,101163,0,,IGNORED,false,2026-07-08 10:06:43.761605+00,2026-07-08 10:06:43.761605+00,100,auto_ignore,,false,
4407,100870,0,,IGNORED,false,2026-07-08 10:06:43.761605+00,2026-07-08 10:06:43.761605+00,100,auto_ignore,,false,
4408,100321,0,,IGNORED,false,2026-07-08 10:06:43.761605+00,2026-07-08 10:06:43.761605+00,100,auto_ignore,,false,
4409,101092,0,,IGNORED,false,2026-07-08 10:06:43.761605+00,2026-07-08 10:06:43.761605+00,100,auto_ignore,,false,
4410,100322,0,,IGNORED,false,2026-07-08 10:06:43.761605+00,2026-07-08 10:06:43.761605+00,100,auto_ignore,,false,
4411,100347,0,,IGNORED,false,2026-07-08 10:06:43.761605+00,2026-07-08 10:06:43.761605+00,100,auto_ignore,,false,
4412,101093,0,,IGNORED,false,2026-07-08 10:06:43.761605+00,2026-07-08 10:06:43.761605+00,100,auto_ignore,,false,
4413,100230,0,,IGNORED,false,2026-07-08 10:06:43.761605+00,2026-07-08 10:06:43.761605+00,100,auto_ignore,,false,
4414,100231,0,,IGNORED,false,2026-07-08 10:06:43.761605+00,2026-07-08 10:06:43.761605+00,100,auto_ignore,,false,
4415,101488,0,,IGNORED,false,2026-07-08 10:06:43.761605+00,2026-07-08 10:06:43.761605+00,100,auto_ignore,,false,
4416,101470,0,,IGNORED,false,2026-07-08 10:06:43.761605+00,2026-07-08 10:06:43.761605+00,100,auto_ignore,,false,
4417,101469,0,,IGNORED,false,2026-07-08 10:06:43.761605+00,2026-07-08 10:06:43.761605+00,100,auto_ignore,,false,
4418,101463,0,,IGNORED,false,2026-07-08 10:06:43.761605+00,2026-07-08 10:06:43.761605+00,100,auto_ignore,,false,
4419,101464,0,,IGNORED,false,2026-07-08 10:06:43.761605+00,2026-07-08 10:06:43.761605+00,100,auto_ignore,,false,
4420,101434,0,,IGNORED,false,2026-07-08 10:06:43.761605+00,2026-07-08 10:06:43.761605+00,100,auto_ignore,,false,
4421,101435,0,,IGNORED,false,2026-07-08 10:06:43.761605+00,2026-07-08 10:06:43.761605+00,100,auto_ignore,,false,
4422,101465,0,,IGNORED,false,2026-07-08 10:06:43.761605+00,2026-07-08 10:06:43.761605+00,100,auto_ignore,,false,
4423,101461,0,,IGNORED,false,2026-07-08 10:06:43.761605+00,2026-07-08 10:06:43.761605+00,100,auto_ignore,,false,
4424,101462,0,,IGNORED,false,2026-07-08 10:06:43.761605+00,2026-07-08 10:06:43.761605+00,100,auto_ignore,,false,
4425,101301,0,,IGNORED,false,2026-07-08 10:06:43.761605+00,2026-07-08 10:06:43.761605+00,100,auto_ignore,,false,
4426,101302,0,,IGNORED,false,2026-07-08 10:06:43.761605+00,2026-07-08 10:06:43.761605+00,100,auto_ignore,,false,
4427,101303,0,,IGNORED,false,2026-07-08 10:06:43.761605+00,2026-07-08 10:06:43.761605+00,100,auto_ignore,,false,
4428,100034,0,,IGNORED,false,2026-07-08 10:06:43.761605+00,2026-07-08 10:06:43.761605+00,100,auto_ignore,,false,
4429,100445,0,,IGNORED,false,2026-07-08 10:06:43.761605+00,2026-07-08 10:06:43.761605+00,100,auto_ignore,,false,
4430,100354,0,,IGNORED,false,2026-07-08 10:06:43.761605+00,2026-07-08 10:06:43.761605+00,100,auto_ignore,,false,
4431,100052,0,,IGNORED,false,2026-07-08 10:06:43.761605+00,2026-07-08 10:06:43.761605+00,100,auto_ignore,,false,
4432,101223,0,,IGNORED,false,2026-07-08 10:06:43.761605+00,2026-07-08 10:06:43.761605+00,100,auto_ignore,,false,
4433,101224,0,,IGNORED,false,2026-07-08 10:06:43.761605+00,2026-07-08 10:06:43.761605+00,100,auto_ignore,,false,
4434,100828,0,,IGNORED,false,2026-07-08 10:06:43.761605+00,2026-07-08 10:06:43.761605+00,100,auto_ignore,,false,
4435,100812,0,,IGNORED,false,2026-07-08 10:06:43.761605+00,2026-07-08 10:06:43.761605+00,100,auto_ignore,,false,
4436,100817,0,,IGNORED,false,2026-07-08 10:06:43.761605+00,2026-07-08 10:06:43.761605+00,100,auto_ignore,,false,
4437,101570,0,,IGNORED,false,2026-07-08 10:06:44.577691+00,2026-07-08 10:06:44.577691+00,100,auto_ignore,,false,
4438,101028,0,,IGNORED,false,2026-07-08 10:06:44.577691+00,2026-07-08 10:06:44.577691+00,100,auto_ignore,,false,
4439,101029,0,,IGNORED,false,2026-07-08 10:06:44.577691+00,2026-07-08 10:06:44.577691+00,100,auto_ignore,,false,
4440,101487,0,,IGNORED,false,2026-07-08 10:06:44.577691+00,2026-07-08 10:06:44.577691+00,100,auto_ignore,,false,
4441,101232,0,,IGNORED,false,2026-07-08 10:06:44.577691+00,2026-07-08 10:06:44.577691+00,100,auto_ignore,,false,
4442,101480,0,,IGNORED,false,2026-07-08 10:06:44.577691+00,2026-07-08 10:06:44.577691+00,100,auto_ignore,,false,
4443,101481,0,,IGNORED,false,2026-07-08 10:06:44.577691+00,2026-07-08 10:06:44.577691+00,100,auto_ignore,,false,
4444,100165,0,,IGNORED,false,2026-07-08 10:06:44.577691+00,2026-07-08 10:06:44.577691+00,100,auto_ignore,,false,
4445,100162,0,,IGNORED,false,2026-07-08 10:06:44.577691+00,2026-07-08 10:06:44.577691+00,100,auto_ignore,,false,
4446,100163,0,,IGNORED,false,2026-07-08 10:06:44.577691+00,2026-07-08 10:06:44.577691+00,100,auto_ignore,,false,
4447,100164,0,,IGNORED,false,2026-07-08 10:06:44.577691+00,2026-07-08 10:06:44.577691+00,100,auto_ignore,,false,
4448,100173,0,,IGNORED,false,2026-07-08 10:06:44.577691+00,2026-07-08 10:06:44.577691+00,100,auto_ignore,,false,
4449,100308,0,,IGNORED,false,2026-07-08 10:06:44.577691+00,2026-07-08 10:06:44.577691+00,100,auto_ignore,,false,
4450,100376,0,,IGNORED,false,2026-07-08 10:06:44.577691+00,2026-07-08 10:06:44.577691+00,100,auto_ignore,,false,
4451,101085,0,,IGNORED,false,2026-07-08 10:06:44.577691+00,2026-07-08 10:06:44.577691+00,100,auto_ignore,,false,
4452,101086,0,,IGNORED,false,2026-07-08 10:06:44.577691+00,2026-07-08 10:06:44.577691+00,100,auto_ignore,,false,
4453,100375,0,,IGNORED,false,2026-07-08 10:06:44.577691+00,2026-07-08 10:06:44.577691+00,100,auto_ignore,,false,
4454,100411,0,,IGNORED,false,2026-07-08 10:06:44.577691+00,2026-07-08 10:06:44.577691+00,100,auto_ignore,,false,
4455,100655,0,,IGNORED,false,2026-07-08 10:06:44.577691+00,2026-07-08 10:06:44.577691+00,100,auto_ignore,,false,
4456,100012,0,,IGNORED,false,2026-07-08 10:06:44.577691+00,2026-07-08 10:06:44.577691+00,100,auto_ignore,,false,
4457,100030,0,,IGNORED,false,2026-07-08 10:06:44.577691+00,2026-07-08 10:06:44.577691+00,100,auto_ignore,,false,
4458,100317,0,,IGNORED,false,2026-07-08 10:06:44.577691+00,2026-07-08 10:06:44.577691+00,100,auto_ignore,,false,
4459,100316,0,,IGNORED,false,2026-07-08 10:06:44.577691+00,2026-07-08 10:06:44.577691+00,100,auto_ignore,,false,
4460,100318,0,,IGNORED,false,2026-07-08 10:06:44.577691+00,2026-07-08 10:06:44.577691+00,100,auto_ignore,,false,
4461,100315,0,,IGNORED,false,2026-07-08 10:06:44.577691+00,2026-07-08 10:06:44.577691+00,100,auto_ignore,,false,
4462,100313,0,,IGNORED,false,2026-07-08 10:06:44.577691+00,2026-07-08 10:06:44.577691+00,100,auto_ignore,,false,
4463,100314,0,,IGNORED,false,2026-07-08 10:06:44.577691+00,2026-07-08 10:06:44.577691+00,100,auto_ignore,,false,
4464,101094,0,,IGNORED,false,2026-07-08 10:06:44.577691+00,2026-07-08 10:06:44.577691+00,100,auto_ignore,,false,
4465,101095,0,,IGNORED,false,2026-07-08 10:06:44.577691+00,2026-07-08 10:06:44.577691+00,100,auto_ignore,,false,
4466,101096,0,,IGNORED,false,2026-07-08 10:06:44.577691+00,2026-07-08 10:06:44.577691+00,100,auto_ignore,,false,
4467,101097,0,,IGNORED,false,2026-07-08 10:06:44.577691+00,2026-07-08 10:06:44.577691+00,100,auto_ignore,,false,
4468,101225,0,,IGNORED,false,2026-07-08 10:06:44.577691+00,2026-07-08 10:06:44.577691+00,100,auto_ignore,,false,
4469,101211,0,,IGNORED,false,2026-07-08 10:06:44.577691+00,2026-07-08 10:06:44.577691+00,100,auto_ignore,,false,
4470,100241,0,,IGNORED,false,2026-07-08 10:06:44.577691+00,2026-07-08 10:06:44.577691+00,100,auto_ignore,,false,
4471,100242,0,,IGNORED,false,2026-07-08 10:06:44.577691+00,2026-07-08 10:06:44.577691+00,100,auto_ignore,,false,
4472,100235,0,,IGNORED,false,2026-07-08 10:06:44.577691+00,2026-07-08 10:06:44.577691+00,100,auto_ignore,,false,
4473,100236,0,,IGNORED,false,2026-07-08 10:06:44.577691+00,2026-07-08 10:06:44.577691+00,100,auto_ignore,,false,
4474,100237,0,,IGNORED,false,2026-07-08 10:06:45.570973+00,2026-07-08 10:06:45.570973+00,100,auto_ignore,,false,
4475,100238,0,,IGNORED,false,2026-07-08 10:06:45.570973+00,2026-07-08 10:06:45.570973+00,100,auto_ignore,,false,
4476,100895,0,,IGNORED,false,2026-07-08 10:06:45.570973+00,2026-07-08 10:06:45.570973+00,100,auto_ignore,,false,
4477,100239,0,,IGNORED,false,2026-07-08 10:06:45.570973+00,2026-07-08 10:06:45.570973+00,100,auto_ignore,,false,
4478,100240,0,,IGNORED,false,2026-07-08 10:06:45.570973+00,2026-07-08 10:06:45.570973+00,100,auto_ignore,,false,
4479,100894,0,,IGNORED,false,2026-07-08 10:06:45.570973+00,2026-07-08 10:06:45.570973+00,100,auto_ignore,,false,
4480,100031,0,,IGNORED,false,2026-07-08 10:06:45.570973+00,2026-07-08 10:06:45.570973+00,100,auto_ignore,,false,
4481,100061,0,,IGNORED,false,2026-07-08 10:06:45.570973+00,2026-07-08 10:06:45.570973+00,100,auto_ignore,,false,
4482,100062,0,,IGNORED,false,2026-07-08 10:06:45.570973+00,2026-07-08 10:06:45.570973+00,100,auto_ignore,,false,
4483,100065,0,,IGNORED,false,2026-07-08 10:06:45.570973+00,2026-07-08 10:06:45.570973+00,100,auto_ignore,,false,
4484,100786,0,,IGNORED,false,2026-07-08 10:06:45.570973+00,2026-07-08 10:06:45.570973+00,100,auto_ignore,,false,
4485,100787,0,,IGNORED,false,2026-07-08 10:06:45.570973+00,2026-07-08 10:06:45.570973+00,100,auto_ignore,,false,
4486,100788,0,,IGNORED,false,2026-07-08 10:06:45.570973+00,2026-07-08 10:06:45.570973+00,100,auto_ignore,,false,
4487,100610,0,,IGNORED,false,2026-07-08 10:06:45.570973+00,2026-07-08 10:06:45.570973+00,100,auto_ignore,,false,
4488,100607,0,,IGNORED,false,2026-07-08 10:06:45.570973+00,2026-07-08 10:06:45.570973+00,100,auto_ignore,,false,
4489,100296,0,,IGNORED,false,2026-07-08 10:06:45.570973+00,2026-07-08 10:06:45.570973+00,100,auto_ignore,,false,
4490,101087,0,,IGNORED,false,2026-07-08 10:06:45.570973+00,2026-07-08 10:06:45.570973+00,100,auto_ignore,,false,
4491,100380,0,,IGNORED,false,2026-07-08 10:06:45.570973+00,2026-07-08 10:06:45.570973+00,100,auto_ignore,,false,
4492,100383,0,,IGNORED,false,2026-07-08 10:06:45.570973+00,2026-07-08 10:06:45.570973+00,100,auto_ignore,,false,
4493,100382,0,,IGNORED,false,2026-07-08 10:06:45.570973+00,2026-07-08 10:06:45.570973+00,100,auto_ignore,,false,
4494,100381,0,,IGNORED,false,2026-07-08 10:06:45.570973+00,2026-07-08 10:06:45.570973+00,100,auto_ignore,,false,
4495,100378,0,,IGNORED,false,2026-07-08 10:06:45.570973+00,2026-07-08 10:06:45.570973+00,100,auto_ignore,,false,
4496,100306,0,,IGNORED,false,2026-07-08 10:06:45.570973+00,2026-07-08 10:06:45.570973+00,100,auto_ignore,,false,
4497,100307,0,,IGNORED,false,2026-07-08 10:06:45.570973+00,2026-07-08 10:06:45.570973+00,100,auto_ignore,,false,
4498,100346,0,,IGNORED,false,2026-07-08 10:06:45.570973+00,2026-07-08 10:06:45.570973+00,100,auto_ignore,,false,
4499,101217,0,,IGNORED,false,2026-07-08 10:06:45.570973+00,2026-07-08 10:06:45.570973+00,100,auto_ignore,,false,
4500,101215,0,,IGNORED,false,2026-07-08 10:06:45.570973+00,2026-07-08 10:06:45.570973+00,100,auto_ignore,,false,
4501,101218,0,,IGNORED,false,2026-07-08 10:06:45.570973+00,2026-07-08 10:06:45.570973+00,100,auto_ignore,,false,
4502,101219,0,,IGNORED,false,2026-07-08 10:06:45.570973+00,2026-07-08 10:06:45.570973+00,100,auto_ignore,,false,
4503,101221,0,,IGNORED,false,2026-07-08 10:06:45.570973+00,2026-07-08 10:06:45.570973+00,100,auto_ignore,,false,
4504,101222,0,,IGNORED,false,2026-07-08 10:06:45.570973+00,2026-07-08 10:06:45.570973+00,100,auto_ignore,,false,
4505,101557,0,,IGNORED,false,2026-07-08 10:06:45.570973+00,2026-07-08 10:06:45.570973+00,100,auto_ignore,,false,
4506,100122,0,,IGNORED,false,2026-07-08 10:06:45.570973+00,2026-07-08 10:06:45.570973+00,100,auto_ignore,,false,
4507,101180,0,,IGNORED,false,2026-07-08 10:06:45.570973+00,2026-07-08 10:06:45.570973+00,100,auto_ignore,,false,
4508,101181,0,,IGNORED,false,2026-07-08 10:06:45.570973+00,2026-07-08 10:06:45.570973+00,100,auto_ignore,,false,
4509,100818,0,,IGNORED,false,2026-07-08 10:06:46.023549+00,2026-07-08 10:06:46.023549+00,100,auto_ignore,,false,
4510,101182,0,,IGNORED,false,2026-07-08 10:06:46.023549+00,2026-07-08 10:06:46.023549+00,100,auto_ignore,,false,
4511,101183,0,,IGNORED,false,2026-07-08 10:06:46.023549+00,2026-07-08 10:06:46.023549+00,100,auto_ignore,,false,
4512,100251,0,,IGNORED,false,2026-07-08 10:06:46.023549+00,2026-07-08 10:06:46.023549+00,100,auto_ignore,,false,
4513,100252,0,,IGNORED,false,2026-07-08 10:06:46.023549+00,2026-07-08 10:06:46.023549+00,100,auto_ignore,,false,
4514,100243,0,,IGNORED,false,2026-07-08 10:06:46.023549+00,2026-07-08 10:06:46.023549+00,100,auto_ignore,,false,
4515,100244,0,,IGNORED,false,2026-07-08 10:06:46.023549+00,2026-07-08 10:06:46.023549+00,100,auto_ignore,,false,
4516,100249,0,,IGNORED,false,2026-07-08 10:06:46.023549+00,2026-07-08 10:06:46.023549+00,100,auto_ignore,,false,
4517,100250,0,,IGNORED,false,2026-07-08 10:06:46.023549+00,2026-07-08 10:06:46.023549+00,100,auto_ignore,,false,
4518,100247,0,,IGNORED,false,2026-07-08 10:06:46.023549+00,2026-07-08 10:06:46.023549+00,100,auto_ignore,,false,
4519,100248,0,,IGNORED,false,2026-07-08 10:06:46.023549+00,2026-07-08 10:06:46.023549+00,100,auto_ignore,,false,
4520,100898,0,,IGNORED,false,2026-07-08 10:06:46.023549+00,2026-07-08 10:06:46.023549+00,100,auto_ignore,,false,
4521,100255,0,,IGNORED,false,2026-07-08 10:06:46.023549+00,2026-07-08 10:06:46.023549+00,100,auto_ignore,,false,
4522,100257,0,,IGNORED,false,2026-07-08 10:06:46.023549+00,2026-07-08 10:06:46.023549+00,100,auto_ignore,,false,
4523,100253,0,,IGNORED,false,2026-07-08 10:06:46.023549+00,2026-07-08 10:06:46.023549+00,100,auto_ignore,,false,
4524,100258,0,,IGNORED,false,2026-07-08 10:06:46.023549+00,2026-07-08 10:06:46.023549+00,100,auto_ignore,,false,
4525,100259,0,,IGNORED,false,2026-07-08 10:06:46.023549+00,2026-07-08 10:06:46.023549+00,100,auto_ignore,,false,
4526,100815,0,,IGNORED,false,2026-07-08 10:06:46.023549+00,2026-07-08 10:06:46.023549+00,100,auto_ignore,,false,
4527,100816,0,,IGNORED,false,2026-07-08 10:06:46.023549+00,2026-07-08 10:06:46.023549+00,100,auto_ignore,,false,
4528,101526,0,,IGNORED,false,2026-07-08 10:06:46.023549+00,2026-07-08 10:06:46.023549+00,100,auto_ignore,,false,
4529,100612,0,,IGNORED,false,2026-07-08 10:06:46.023549+00,2026-07-08 10:06:46.023549+00,100,auto_ignore,,false,
4530,100964,0,,IGNORED,false,2026-07-08 10:06:46.023549+00,2026-07-08 10:06:46.023549+00,100,auto_ignore,,false,
4531,101030,0,,IGNORED,false,2026-07-08 10:06:46.023549+00,2026-07-08 10:06:46.023549+00,100,auto_ignore,,false,
4532,101023,0,,IGNORED,false,2026-07-08 10:06:46.023549+00,2026-07-08 10:06:46.023549+00,100,auto_ignore,,false,
4533,100127,0,,IGNORED,false,2026-07-08 10:06:46.023549+00,2026-07-08 10:06:46.023549+00,100,auto_ignore,,false,
4534,100054,0,,IGNORED,false,2026-07-08 10:06:46.023549+00,2026-07-08 10:06:46.023549+00,100,auto_ignore,,false,
4535,100943,0,,IGNORED,false,2026-07-08 10:06:46.023549+00,2026-07-08 10:06:46.023549+00,100,auto_ignore,,false,
4536,100951,0,,IGNORED,false,2026-07-08 10:06:46.023549+00,2026-07-08 10:06:46.023549+00,100,auto_ignore,,false,
4537,100952,0,,IGNORED,false,2026-07-08 10:06:46.023549+00,2026-07-08 10:06:46.023549+00,100,auto_ignore,,false,
4538,100953,0,,IGNORED,false,2026-07-08 10:06:46.023549+00,2026-07-08 10:06:46.023549+00,100,auto_ignore,,false,
4539,100950,0,,IGNORED,false,2026-07-08 10:06:46.023549+00,2026-07-08 10:06:46.023549+00,100,auto_ignore,,false,
4540,100954,0,,IGNORED,false,2026-07-08 10:06:46.023549+00,2026-07-08 10:06:46.023549+00,100,auto_ignore,,false,
4541,100957,0,,IGNORED,false,2026-07-08 10:06:46.023549+00,2026-07-08 10:06:46.023549+00,100,auto_ignore,,false,
4542,100956,0,,IGNORED,false,2026-07-08 10:06:46.023549+00,2026-07-08 10:06:46.023549+00,100,auto_ignore,,false,
4543,100425,0,,IGNORED,false,2026-07-08 10:06:46.023549+00,2026-07-08 10:06:46.023549+00,100,auto_ignore,,false,
4544,100962,0,,IGNORED,false,2026-07-08 10:06:46.73056+00,2026-07-08 10:06:46.73056+00,100,auto_ignore,,false,
4545,101032,0,,IGNORED,false,2026-07-08 10:06:46.73056+00,2026-07-08 10:06:46.73056+00,100,auto_ignore,,false,
4546,100958,0,,IGNORED,false,2026-07-08 10:06:46.73056+00,2026-07-08 10:06:46.73056+00,100,auto_ignore,,false,
4547,100959,0,,IGNORED,false,2026-07-08 10:06:46.73056+00,2026-07-08 10:06:46.73056+00,100,auto_ignore,,false,
4548,100960,0,,IGNORED,false,2026-07-08 10:06:46.73056+00,2026-07-08 10:06:46.73056+00,100,auto_ignore,,false,
4549,101031,0,,IGNORED,false,2026-07-08 10:06:46.73056+00,2026-07-08 10:06:46.73056+00,100,auto_ignore,,false,
4550,100944,0,,IGNORED,false,2026-07-08 10:06:46.73056+00,2026-07-08 10:06:46.73056+00,100,auto_ignore,,false,
4551,100293,0,,IGNORED,false,2026-07-08 10:06:46.73056+00,2026-07-08 10:06:46.73056+00,100,auto_ignore,,false,
4552,101074,0,,IGNORED,false,2026-07-08 10:06:46.73056+00,2026-07-08 10:06:46.73056+00,100,auto_ignore,,false,
4553,101075,0,,IGNORED,false,2026-07-08 10:06:46.73056+00,2026-07-08 10:06:46.73056+00,100,auto_ignore,,false,
4554,101076,0,,IGNORED,false,2026-07-08 10:06:46.73056+00,2026-07-08 10:06:46.73056+00,100,auto_ignore,,false,
4555,101077,0,,IGNORED,false,2026-07-08 10:06:46.73056+00,2026-07-08 10:06:46.73056+00,100,auto_ignore,,false,
4556,101078,0,,IGNORED,false,2026-07-08 10:06:46.73056+00,2026-07-08 10:06:46.73056+00,100,auto_ignore,,false,
4557,100348,0,,IGNORED,false,2026-07-08 10:06:46.73056+00,2026-07-08 10:06:46.73056+00,100,auto_ignore,,false,
4558,100349,0,,IGNORED,false,2026-07-08 10:06:46.73056+00,2026-07-08 10:06:46.73056+00,100,auto_ignore,,false,
4559,100350,0,,IGNORED,false,2026-07-08 10:06:46.73056+00,2026-07-08 10:06:46.73056+00,100,auto_ignore,,false,
4560,100351,0,,IGNORED,false,2026-07-08 10:06:46.73056+00,2026-07-08 10:06:46.73056+00,100,auto_ignore,,false,
4561,100352,0,,IGNORED,false,2026-07-08 10:06:46.73056+00,2026-07-08 10:06:46.73056+00,100,auto_ignore,,false,
4562,100305,0,,IGNORED,false,2026-07-08 10:06:46.73056+00,2026-07-08 10:06:46.73056+00,100,auto_ignore,,false,
4563,101060,0,,IGNORED,false,2026-07-08 10:06:46.73056+00,2026-07-08 10:06:46.73056+00,100,auto_ignore,,false,
4564,101061,0,,IGNORED,false,2026-07-08 10:06:46.73056+00,2026-07-08 10:06:46.73056+00,100,auto_ignore,,false,
4565,101062,0,,IGNORED,false,2026-07-08 10:06:46.73056+00,2026-07-08 10:06:46.73056+00,100,auto_ignore,,false,
4566,101063,0,,IGNORED,false,2026-07-08 10:06:46.73056+00,2026-07-08 10:06:46.73056+00,100,auto_ignore,,false,
4567,100457,0,,IGNORED,false,2026-07-08 10:06:46.73056+00,2026-07-08 10:06:46.73056+00,100,auto_ignore,,false,
4568,100686,0,,IGNORED,false,2026-07-08 10:06:46.73056+00,2026-07-08 10:06:46.73056+00,100,auto_ignore,,false,
4569,101104,0,,IGNORED,false,2026-07-08 10:06:47.245958+00,2026-07-08 10:06:47.245958+00,100,auto_ignore,,false,
4570,101070,0,,IGNORED,false,2026-07-08 10:06:47.245958+00,2026-07-08 10:06:47.245958+00,100,auto_ignore,,false,
4571,101068,0,,IGNORED,false,2026-07-08 10:06:47.245958+00,2026-07-08 10:06:47.245958+00,100,auto_ignore,,false,
4572,101199,0,,IGNORED,false,2026-07-08 10:06:47.245958+00,2026-07-08 10:06:47.245958+00,100,auto_ignore,,false,
4573,101198,0,,IGNORED,false,2026-07-08 10:06:47.245958+00,2026-07-08 10:06:47.245958+00,100,auto_ignore,,false,
4574,101197,0,,IGNORED,false,2026-07-08 10:06:47.245958+00,2026-07-08 10:06:47.245958+00,100,auto_ignore,,false,
4575,101035,0,,IGNORED,false,2026-07-08 10:06:47.245958+00,2026-07-08 10:06:47.245958+00,100,auto_ignore,,false,
4576,100767,0,,IGNORED,false,2026-07-08 10:06:47.245958+00,2026-07-08 10:06:47.245958+00,100,auto_ignore,,false,
4577,101256,0,,IGNORED,false,2026-07-08 10:06:47.245958+00,2026-07-08 10:06:47.245958+00,100,auto_ignore,,false,
4578,101569,0,,IGNORED,false,2026-07-08 10:06:47.245958+00,2026-07-08 10:06:47.245958+00,100,auto_ignore,,false,
4579,101201,0,,IGNORED,false,2026-07-08 10:06:47.245958+00,2026-07-08 10:06:47.245958+00,100,auto_ignore,,false,
4580,101207,0,,IGNORED,false,2026-07-08 10:06:47.245958+00,2026-07-08 10:06:47.245958+00,100,auto_ignore,,false,
4581,101209,0,,IGNORED,false,2026-07-08 10:06:47.245958+00,2026-07-08 10:06:47.245958+00,100,auto_ignore,,false,
4582,101196,0,,IGNORED,false,2026-07-08 10:06:47.245958+00,2026-07-08 10:06:47.245958+00,100,auto_ignore,,false,
4583,101205,0,,IGNORED,false,2026-07-08 10:06:47.245958+00,2026-07-08 10:06:47.245958+00,100,auto_ignore,,false,
4584,101174,0,,IGNORED,false,2026-07-08 10:06:47.245958+00,2026-07-08 10:06:47.245958+00,100,auto_ignore,,false,
4585,101175,0,,IGNORED,false,2026-07-08 10:06:47.245958+00,2026-07-08 10:06:47.245958+00,100,auto_ignore,,false,
4586,101177,0,,IGNORED,false,2026-07-08 10:06:47.245958+00,2026-07-08 10:06:47.245958+00,100,auto_ignore,,false,
4587,101176,0,,IGNORED,false,2026-07-08 10:06:47.245958+00,2026-07-08 10:06:47.245958+00,100,auto_ignore,,false,
4588,101178,0,,IGNORED,false,2026-07-08 10:06:47.245958+00,2026-07-08 10:06:47.245958+00,100,auto_ignore,,false,
4589,100269,0,,IGNORED,false,2026-07-08 10:06:47.245958+00,2026-07-08 10:06:47.245958+00,100,auto_ignore,,false,
4590,100270,0,,IGNORED,false,2026-07-08 10:06:47.245958+00,2026-07-08 10:06:47.245958+00,100,auto_ignore,,false,
4591,100266,0,,IGNORED,false,2026-07-08 10:06:47.245958+00,2026-07-08 10:06:47.245958+00,100,auto_ignore,,false,
4592,100267,0,,IGNORED,false,2026-07-08 10:06:47.245958+00,2026-07-08 10:06:47.245958+00,100,auto_ignore,,false,
4593,100268,0,,IGNORED,false,2026-07-08 10:06:47.245958+00,2026-07-08 10:06:47.245958+00,100,auto_ignore,,false,
4594,100905,0,,IGNORED,false,2026-07-08 10:06:47.245958+00,2026-07-08 10:06:47.245958+00,100,auto_ignore,,false,
4595,100906,0,,IGNORED,false,2026-07-08 10:06:47.245958+00,2026-07-08 10:06:47.245958+00,100,auto_ignore,,false,
4596,100911,0,,IGNORED,false,2026-07-08 10:06:47.733735+00,2026-07-08 10:06:47.733735+00,100,auto_ignore,,false,
4597,100264,0,,IGNORED,false,2026-07-08 10:06:47.733735+00,2026-07-08 10:06:47.733735+00,100,auto_ignore,,false,
4598,100265,0,,IGNORED,false,2026-07-08 10:06:47.733735+00,2026-07-08 10:06:47.733735+00,100,auto_ignore,,false,
4599,100901,0,,IGNORED,false,2026-07-08 10:06:47.733735+00,2026-07-08 10:06:47.733735+00,100,auto_ignore,,false,
4600,100902,0,,IGNORED,false,2026-07-08 10:06:47.733735+00,2026-07-08 10:06:47.733735+00,100,auto_ignore,,false,
4601,100908,0,,IGNORED,false,2026-07-08 10:06:47.733735+00,2026-07-08 10:06:47.733735+00,100,auto_ignore,,false,
4602,100261,0,,IGNORED,false,2026-07-08 10:06:47.733735+00,2026-07-08 10:06:47.733735+00,100,auto_ignore,,false,
4603,100899,0,,IGNORED,false,2026-07-08 10:06:47.733735+00,2026-07-08 10:06:47.733735+00,100,auto_ignore,,false,
4604,100900,0,,IGNORED,false,2026-07-08 10:06:47.733735+00,2026-07-08 10:06:47.733735+00,100,auto_ignore,,false,
4605,100262,0,,IGNORED,false,2026-07-08 10:06:47.733735+00,2026-07-08 10:06:47.733735+00,100,auto_ignore,,false,
4606,100022,0,,IGNORED,false,2026-07-08 10:06:47.733735+00,2026-07-08 10:06:47.733735+00,100,auto_ignore,,false,
4607,100963,0,,IGNORED,false,2026-07-08 10:06:47.733735+00,2026-07-08 10:06:47.733735+00,100,auto_ignore,,false,
4608,101247,0,,IGNORED,false,2026-07-08 10:06:47.733735+00,2026-07-08 10:06:47.733735+00,100,auto_ignore,,false,
4609,101246,0,,IGNORED,false,2026-07-08 10:06:47.733735+00,2026-07-08 10:06:47.733735+00,100,auto_ignore,,false,
4610,101251,0,,IGNORED,false,2026-07-08 10:06:47.733735+00,2026-07-08 10:06:47.733735+00,100,auto_ignore,,false,
4611,101228,0,,IGNORED,false,2026-07-08 10:06:47.733735+00,2026-07-08 10:06:47.733735+00,100,auto_ignore,,false,
4612,101241,0,,IGNORED,false,2026-07-08 10:06:47.733735+00,2026-07-08 10:06:47.733735+00,100,auto_ignore,,false,
4613,100888,0,,IGNORED,false,2026-07-08 10:06:47.733735+00,2026-07-08 10:06:47.733735+00,100,auto_ignore,,false,
4614,101064,0,,IGNORED,false,2026-07-08 10:06:47.733735+00,2026-07-08 10:06:47.733735+00,100,auto_ignore,,false,
4615,101066,0,,IGNORED,false,2026-07-08 10:06:47.733735+00,2026-07-08 10:06:47.733735+00,100,auto_ignore,,false,
4616,101058,0,,IGNORED,false,2026-07-08 10:06:47.733735+00,2026-07-08 10:06:47.733735+00,100,auto_ignore,,false,
4617,101059,0,,IGNORED,false,2026-07-08 10:06:47.733735+00,2026-07-08 10:06:47.733735+00,100,auto_ignore,,false,
4618,100301,0,,IGNORED,false,2026-07-08 10:06:47.733735+00,2026-07-08 10:06:47.733735+00,100,auto_ignore,,false,
4619,100303,0,,IGNORED,false,2026-07-08 10:06:47.733735+00,2026-07-08 10:06:47.733735+00,100,auto_ignore,,false,
4620,100302,0,,IGNORED,false,2026-07-08 10:06:47.733735+00,2026-07-08 10:06:47.733735+00,100,auto_ignore,,false,
4621,100887,0,,IGNORED,false,2026-07-08 10:06:47.733735+00,2026-07-08 10:06:47.733735+00,100,auto_ignore,,false,
4622,101126,0,,IGNORED,false,2026-07-08 10:06:47.733735+00,2026-07-08 10:06:47.733735+00,100,auto_ignore,,false,
4623,100890,0,,IGNORED,false,2026-07-08 10:06:47.733735+00,2026-07-08 10:06:47.733735+00,100,auto_ignore,,false,
4624,101243,0,,IGNORED,false,2026-07-08 10:06:47.733735+00,2026-07-08 10:06:47.733735+00,100,auto_ignore,,false,
4625,100069,0,,IGNORED,false,2026-07-08 10:06:48.097168+00,2026-07-08 10:06:48.097168+00,100,auto_ignore,,false,
4626,100072,0,,IGNORED,false,2026-07-08 10:06:48.097168+00,2026-07-08 10:06:48.097168+00,100,auto_ignore,,false,
4627,101054,0,,IGNORED,false,2026-07-08 10:06:48.097168+00,2026-07-08 10:06:48.097168+00,100,auto_ignore,,false,
4628,101327,0,,IGNORED,false,2026-07-08 10:06:48.097168+00,2026-07-08 10:06:48.097168+00,100,auto_ignore,,false,
4629,101564,0,,IGNORED,false,2026-07-08 10:06:48.097168+00,2026-07-08 10:06:48.097168+00,100,auto_ignore,,false,
4630,101010,0,,IGNORED,false,2026-07-08 10:06:48.097168+00,2026-07-08 10:06:48.097168+00,100,auto_ignore,,false,
4631,101294,0,,IGNORED,false,2026-07-08 10:06:48.097168+00,2026-07-08 10:06:48.097168+00,100,auto_ignore,,false,
4632,100780,0,,IGNORED,false,2026-07-08 10:06:48.097168+00,2026-07-08 10:06:48.097168+00,100,auto_ignore,,false,
4633,100766,0,,IGNORED,false,2026-07-08 10:06:48.097168+00,2026-07-08 10:06:48.097168+00,100,auto_ignore,,false,
4634,100721,0,,IGNORED,false,2026-07-08 10:06:48.097168+00,2026-07-08 10:06:48.097168+00,100,auto_ignore,,false,
4635,100132,0,,IGNORED,false,2026-07-08 10:06:48.097168+00,2026-07-08 10:06:48.097168+00,100,auto_ignore,,false,
4636,101433,0,,IGNORED,false,2026-07-08 10:06:48.097168+00,2026-07-08 10:06:48.097168+00,100,auto_ignore,,false,
4637,100449,0,,IGNORED,false,2026-07-08 10:06:48.097168+00,2026-07-08 10:06:48.097168+00,100,auto_ignore,,false,
4638,100448,0,,IGNORED,false,2026-07-08 10:06:48.097168+00,2026-07-08 10:06:48.097168+00,100,auto_ignore,,false,
4639,100024,0,,IGNORED,false,2026-07-08 10:06:48.097168+00,2026-07-08 10:06:48.097168+00,100,auto_ignore,,false,
4640,100785,0,,IGNORED,false,2026-07-08 10:06:48.097168+00,2026-07-08 10:06:48.097168+00,100,auto_ignore,,false,
4641,101432,0,,IGNORED,false,2026-07-08 10:06:48.097168+00,2026-07-08 10:06:48.097168+00,100,auto_ignore,,false,
4642,101471,0,,IGNORED,false,2026-07-08 10:06:48.097168+00,2026-07-08 10:06:48.097168+00,100,auto_ignore,,false,
4643,101472,0,,IGNORED,false,2026-07-08 10:06:48.097168+00,2026-07-08 10:06:48.097168+00,100,auto_ignore,,false,
4644,101473,0,,IGNORED,false,2026-07-08 10:06:48.097168+00,2026-07-08 10:06:48.097168+00,100,auto_ignore,,false,
4645,101474,0,,IGNORED,false,2026-07-08 10:06:48.097168+00,2026-07-08 10:06:48.097168+00,100,auto_ignore,,false,
4646,100154,0,,IGNORED,false,2026-07-08 10:06:48.097168+00,2026-07-08 10:06:48.097168+00,100,auto_ignore,,false,
4647,100155,0,,IGNORED,false,2026-07-08 10:06:48.097168+00,2026-07-08 10:06:48.097168+00,100,auto_ignore,,false,
4648,100292,0,,IGNORED,false,2026-07-08 10:06:48.097168+00,2026-07-08 10:06:48.097168+00,100,auto_ignore,,false,
4649,100291,0,,IGNORED,false,2026-07-08 10:06:48.097168+00,2026-07-08 10:06:48.097168+00,100,auto_ignore,,false,
4650,100716,0,,IGNORED,false,2026-07-08 10:06:48.097168+00,2026-07-08 10:06:48.097168+00,100,auto_ignore,,false,
4651,100715,0,,IGNORED,false,2026-07-08 10:06:48.097168+00,2026-07-08 10:06:48.097168+00,100,auto_ignore,,false,
4652,101106,0,,IGNORED,false,2026-07-08 10:06:48.097168+00,2026-07-08 10:06:48.097168+00,100,auto_ignore,,false,
4653,101107,0,,IGNORED,false,2026-07-08 10:06:48.097168+00,2026-07-08 10:06:48.097168+00,100,auto_ignore,,false,
4654,101108,0,,IGNORED,false,2026-07-08 10:06:48.097168+00,2026-07-08 10:06:48.097168+00,100,auto_ignore,,false,
4655,101549,0,,IGNORED,false,2026-07-08 10:06:48.097168+00,2026-07-08 10:06:48.097168+00,100,auto_ignore,,false,
4656,101550,0,,IGNORED,false,2026-07-08 10:06:48.097168+00,2026-07-08 10:06:48.097168+00,100,auto_ignore,,false,
4657,100793,0,,IGNORED,false,2026-07-08 10:06:48.097168+00,2026-07-08 10:06:48.097168+00,100,auto_ignore,,false,
4658,100119,0,,IGNORED,false,2026-07-08 10:06:48.097168+00,2026-07-08 10:06:48.097168+00,100,auto_ignore,,false,
4659,101454,0,,IGNORED,false,2026-07-08 10:06:48.097168+00,2026-07-08 10:06:48.097168+00,100,auto_ignore,,false,
4660,101455,0,,IGNORED,false,2026-07-08 10:06:48.47215+00,2026-07-08 10:06:48.47215+00,100,auto_ignore,,false,
4661,101452,0,,IGNORED,false,2026-07-08 10:06:48.47215+00,2026-07-08 10:06:48.47215+00,100,auto_ignore,,false,
4662,101453,0,,IGNORED,false,2026-07-08 10:06:48.47215+00,2026-07-08 10:06:48.47215+00,100,auto_ignore,,false,
4663,101457,0,,IGNORED,false,2026-07-08 10:06:48.47215+00,2026-07-08 10:06:48.47215+00,100,auto_ignore,,false,
4664,101458,0,,IGNORED,false,2026-07-08 10:06:48.47215+00,2026-07-08 10:06:48.47215+00,100,auto_ignore,,false,
4665,100855,0,,IGNORED,false,2026-07-08 10:06:48.47215+00,2026-07-08 10:06:48.47215+00,100,auto_ignore,,false,
4666,101212,0,,IGNORED,false,2026-07-08 10:06:48.47215+00,2026-07-08 10:06:48.47215+00,100,auto_ignore,,false,
4667,101213,0,,IGNORED,false,2026-07-08 10:06:48.47215+00,2026-07-08 10:06:48.47215+00,100,auto_ignore,,false,
4668,100770,0,,IGNORED,false,2026-07-08 10:06:48.47215+00,2026-07-08 10:06:48.47215+00,100,auto_ignore,,false,
4669,100771,0,,IGNORED,false,2026-07-08 10:06:48.47215+00,2026-07-08 10:06:48.47215+00,100,auto_ignore,,false,
4670,100937,0,,IGNORED,false,2026-07-08 10:06:48.47215+00,2026-07-08 10:06:48.47215+00,100,auto_ignore,,false,
4671,100936,0,,IGNORED,false,2026-07-08 10:06:48.47215+00,2026-07-08 10:06:48.47215+00,100,auto_ignore,,false,
4672,101451,0,,IGNORED,false,2026-07-08 10:06:48.47215+00,2026-07-08 10:06:48.47215+00,100,auto_ignore,,false,
4673,101450,0,,IGNORED,false,2026-07-08 10:06:48.47215+00,2026-07-08 10:06:48.47215+00,100,auto_ignore,,false,
4674,101342,0,,IGNORED,false,2026-07-08 10:06:48.47215+00,2026-07-08 10:06:48.47215+00,100,auto_ignore,,false,
4675,101341,0,,IGNORED,false,2026-07-08 10:06:48.47215+00,2026-07-08 10:06:48.47215+00,100,auto_ignore,,false,
4676,101343,0,,IGNORED,false,2026-07-08 10:06:48.47215+00,2026-07-08 10:06:48.47215+00,100,auto_ignore,,false,
4677,101449,0,,IGNORED,false,2026-07-08 10:06:48.47215+00,2026-07-08 10:06:48.47215+00,100,auto_ignore,,false,
4678,101448,0,,IGNORED,false,2026-07-08 10:06:48.47215+00,2026-07-08 10:06:48.47215+00,100,auto_ignore,,false,
4679,101547,0,,IGNORED,false,2026-07-08 10:06:48.47215+00,2026-07-08 10:06:48.47215+00,100,auto_ignore,,false,
4680,101380,0,,IGNORED,false,2026-07-08 10:06:48.47215+00,2026-07-08 10:06:48.47215+00,100,auto_ignore,,false,
4681,101378,0,,IGNORED,false,2026-07-08 10:06:48.47215+00,2026-07-08 10:06:48.47215+00,100,auto_ignore,,false,
4682,100745,0,,IGNORED,false,2026-07-08 10:06:48.47215+00,2026-07-08 10:06:48.47215+00,100,auto_ignore,,false,
4683,100011,0,,IGNORED,false,2026-07-08 10:06:48.47215+00,2026-07-08 10:06:48.47215+00,100,auto_ignore,,false,
4684,101244,0,,IGNORED,false,2026-07-08 10:06:48.47215+00,2026-07-08 10:06:48.47215+00,100,auto_ignore,,false,
4685,100299,0,,IGNORED,false,2026-07-08 10:06:49.216681+00,2026-07-08 10:06:49.216681+00,100,auto_ignore,,false,
4686,100300,0,,IGNORED,false,2026-07-08 10:06:49.216681+00,2026-07-08 10:06:49.216681+00,100,auto_ignore,,false,
4687,101125,0,,IGNORED,false,2026-07-08 10:06:49.216681+00,2026-07-08 10:06:49.216681+00,100,auto_ignore,,false,
4688,100893,0,,IGNORED,false,2026-07-08 10:06:49.216681+00,2026-07-08 10:06:49.216681+00,100,auto_ignore,,false,
4689,100046,0,,IGNORED,false,2026-07-08 10:06:49.216681+00,2026-07-08 10:06:49.216681+00,100,auto_ignore,,false,
4690,100320,0,,IGNORED,false,2026-07-08 10:06:49.216681+00,2026-07-08 10:06:49.216681+00,100,auto_ignore,,false,
4691,101185,0,,IGNORED,false,2026-07-08 10:06:49.216681+00,2026-07-08 10:06:49.216681+00,100,auto_ignore,,false,
4692,101539,0,,IGNORED,false,2026-07-08 10:06:49.216681+00,2026-07-08 10:06:49.216681+00,100,auto_ignore,,false,
4693,100748,0,,IGNORED,false,2026-07-08 10:06:49.216681+00,2026-07-08 10:06:49.216681+00,100,auto_ignore,,false,
4694,100207,0,,IGNORED,false,2026-07-08 10:06:49.216681+00,2026-07-08 10:06:49.216681+00,100,auto_ignore,,false,
4695,100427,0,,IGNORED,false,2026-07-08 10:06:49.216681+00,2026-07-08 10:06:49.216681+00,100,auto_ignore,,false,
4696,100342,0,,IGNORED,false,2026-07-08 10:06:49.216681+00,2026-07-08 10:06:49.216681+00,100,auto_ignore,,false,
4697,101315,0,,IGNORED,false,2026-07-08 10:06:49.216681+00,2026-07-08 10:06:49.216681+00,100,auto_ignore,,false,
4698,101288,0,,IGNORED,false,2026-07-08 10:06:49.216681+00,2026-07-08 10:06:49.216681+00,100,auto_ignore,,false,
4699,100015,0,,IGNORED,false,2026-07-08 10:06:49.216681+00,2026-07-08 10:06:49.216681+00,100,auto_ignore,,false,
4700,100589,0,,IGNORED,false,2026-07-08 10:06:49.216681+00,2026-07-08 10:06:49.216681+00,100,auto_ignore,,false,
4701,101313,0,,IGNORED,false,2026-07-08 10:06:49.216681+00,2026-07-08 10:06:49.216681+00,100,auto_ignore,,false,
4702,100466,0,,IGNORED,false,2026-07-08 10:06:49.216681+00,2026-07-08 10:06:49.216681+00,100,auto_ignore,,false,
4703,100467,0,,IGNORED,false,2026-07-08 10:06:49.216681+00,2026-07-08 10:06:49.216681+00,100,auto_ignore,,false,
4704,101296,0,,IGNORED,false,2026-07-08 10:06:49.216681+00,2026-07-08 10:06:49.216681+00,100,auto_ignore,,false,
4705,100116,0,,IGNORED,false,2026-07-08 10:06:49.216681+00,2026-07-08 10:06:49.216681+00,100,auto_ignore,,false,
4706,100115,0,,IGNORED,false,2026-07-08 10:06:49.216681+00,2026-07-08 10:06:49.216681+00,100,auto_ignore,,false,
4707,101554,0,,IGNORED,false,2026-07-08 10:06:49.216681+00,2026-07-08 10:06:49.216681+00,100,auto_ignore,,false,
4708,101156,0,,IGNORED,false,2026-07-08 10:06:49.216681+00,2026-07-08 10:06:49.216681+00,100,auto_ignore,,false,
4709,100396,0,,IGNORED,false,2026-07-08 10:06:49.216681+00,2026-07-08 10:06:49.216681+00,100,auto_ignore,,false,
4710,100415,0,,IGNORED,false,2026-07-08 10:06:49.216681+00,2026-07-08 10:06:49.216681+00,100,auto_ignore,,false,
4711,100413,0,,IGNORED,false,2026-07-08 10:06:49.539115+00,2026-07-08 10:06:49.539115+00,100,auto_ignore,,false,
4712,100246,0,,IGNORED,false,2026-07-08 10:06:49.539115+00,2026-07-08 10:06:49.539115+00,100,auto_ignore,,false,
4713,100245,0,,IGNORED,false,2026-07-08 10:06:49.539115+00,2026-07-08 10:06:49.539115+00,100,auto_ignore,,false,
4714,101151,0,,IGNORED,false,2026-07-08 10:06:49.539115+00,2026-07-08 10:06:49.539115+00,100,auto_ignore,,false,
4715,101231,0,,IGNORED,false,2026-07-08 10:06:49.539115+00,2026-07-08 10:06:49.539115+00,100,auto_ignore,,false,
4716,100032,0,,IGNORED,false,2026-07-08 10:06:49.539115+00,2026-07-08 10:06:49.539115+00,100,auto_ignore,,false,
4717,100627,0,,IGNORED,false,2026-07-08 10:06:49.539115+00,2026-07-08 10:06:49.539115+00,100,auto_ignore,,false,
4718,101015,0,,IGNORED,false,2026-07-08 10:06:49.539115+00,2026-07-08 10:06:49.539115+00,100,auto_ignore,,false,
4719,100202,0,,IGNORED,false,2026-07-08 10:06:49.539115+00,2026-07-08 10:06:49.539115+00,100,auto_ignore,,false,
4720,100983,0,,IGNORED,false,2026-07-08 10:06:49.539115+00,2026-07-08 10:06:49.539115+00,100,auto_ignore,,false,
4721,101014,0,,IGNORED,false,2026-07-08 10:06:49.539115+00,2026-07-08 10:06:49.539115+00,100,auto_ignore,,false,
4722,100036,0,,IGNORED,false,2026-07-08 10:06:49.539115+00,2026-07-08 10:06:49.539115+00,100,auto_ignore,,false,
4723,100143,0,,IGNORED,false,2026-07-08 10:06:49.539115+00,2026-07-08 10:06:49.539115+00,100,auto_ignore,,false,
4724,100144,0,,IGNORED,false,2026-07-08 10:06:49.539115+00,2026-07-08 10:06:49.539115+00,100,auto_ignore,,false,
4725,100147,0,,IGNORED,false,2026-07-08 10:06:49.539115+00,2026-07-08 10:06:49.539115+00,100,auto_ignore,,false,
4726,100971,0,,IGNORED,false,2026-07-08 10:06:49.539115+00,2026-07-08 10:06:49.539115+00,100,auto_ignore,,false,
4727,100640,0,,IGNORED,false,2026-07-08 10:06:49.539115+00,2026-07-08 10:06:49.539115+00,100,auto_ignore,,false,
4728,100366,0,,IGNORED,false,2026-07-08 10:06:50.007054+00,2026-07-08 10:06:50.007054+00,100,auto_ignore,,false,
4729,100367,0,,IGNORED,false,2026-07-08 10:06:50.007054+00,2026-07-08 10:06:50.007054+00,100,auto_ignore,,false,
4730,100365,0,,IGNORED,false,2026-07-08 10:06:50.007054+00,2026-07-08 10:06:50.007054+00,100,auto_ignore,,false,
4731,100680,0,,IGNORED,false,2026-07-08 10:06:50.007054+00,2026-07-08 10:06:50.007054+00,100,auto_ignore,,false,
4732,100327,0,,IGNORED,false,2026-07-08 10:06:50.007054+00,2026-07-08 10:06:50.007054+00,100,auto_ignore,,false,
4733,101089,0,,IGNORED,false,2026-07-08 10:06:50.007054+00,2026-07-08 10:06:50.007054+00,100,auto_ignore,,false,
4734,100372,0,,IGNORED,false,2026-07-08 10:06:50.007054+00,2026-07-08 10:06:50.007054+00,100,auto_ignore,,false,
4735,100373,0,,IGNORED,false,2026-07-08 10:06:50.007054+00,2026-07-08 10:06:50.007054+00,100,auto_ignore,,false,
4736,100374,0,,IGNORED,false,2026-07-08 10:06:50.007054+00,2026-07-08 10:06:50.007054+00,100,auto_ignore,,false,
4737,101091,0,,IGNORED,false,2026-07-08 10:06:50.007054+00,2026-07-08 10:06:50.007054+00,100,auto_ignore,,false,
4738,100647,0,,IGNORED,false,2026-07-08 10:06:50.007054+00,2026-07-08 10:06:50.007054+00,100,auto_ignore,,false,
4739,101081,0,,IGNORED,false,2026-07-08 10:06:50.007054+00,2026-07-08 10:06:50.007054+00,100,auto_ignore,,false,
4740,100339,0,,IGNORED,false,2026-07-08 10:06:50.007054+00,2026-07-08 10:06:50.007054+00,100,auto_ignore,,false,
4741,100340,0,,IGNORED,false,2026-07-08 10:06:50.007054+00,2026-07-08 10:06:50.007054+00,100,auto_ignore,,false,
4742,101101,0,,IGNORED,false,2026-07-08 10:06:50.007054+00,2026-07-08 10:06:50.007054+00,100,auto_ignore,,false,
4743,101098,0,,IGNORED,false,2026-07-08 10:06:50.007054+00,2026-07-08 10:06:50.007054+00,100,auto_ignore,,false,
4744,101100,0,,IGNORED,false,2026-07-08 10:06:50.007054+00,2026-07-08 10:06:50.007054+00,100,auto_ignore,,false,
4745,100328,0,,IGNORED,false,2026-07-08 10:06:50.007054+00,2026-07-08 10:06:50.007054+00,100,auto_ignore,,false,
4746,100329,0,,IGNORED,false,2026-07-08 10:06:50.007054+00,2026-07-08 10:06:50.007054+00,100,auto_ignore,,false,
4747,100331,0,,IGNORED,false,2026-07-08 10:06:50.007054+00,2026-07-08 10:06:50.007054+00,100,auto_ignore,,false,
4748,100356,0,,IGNORED,false,2026-07-08 10:06:50.007054+00,2026-07-08 10:06:50.007054+00,100,auto_ignore,,false,
4749,101082,0,,IGNORED,false,2026-07-08 10:06:50.007054+00,2026-07-08 10:06:50.007054+00,100,auto_ignore,,false,
4750,100355,0,,IGNORED,false,2026-07-08 10:06:50.007054+00,2026-07-08 10:06:50.007054+00,100,auto_ignore,,false,
4751,100357,0,,IGNORED,false,2026-07-08 10:06:50.007054+00,2026-07-08 10:06:50.007054+00,100,auto_ignore,,false,
4752,100358,0,,IGNORED,false,2026-07-08 10:06:50.007054+00,2026-07-08 10:06:50.007054+00,100,auto_ignore,,false,
4753,100359,0,,IGNORED,false,2026-07-08 10:06:50.007054+00,2026-07-08 10:06:50.007054+00,100,auto_ignore,,false,
4754,100360,0,,IGNORED,false,2026-07-08 10:06:50.007054+00,2026-07-08 10:06:50.007054+00,100,auto_ignore,,false,
4755,100362,0,,IGNORED,false,2026-07-08 10:06:50.007054+00,2026-07-08 10:06:50.007054+00,100,auto_ignore,,false,
4756,100363,0,,IGNORED,false,2026-07-08 10:06:50.007054+00,2026-07-08 10:06:50.007054+00,100,auto_ignore,,false,
4757,100364,0,,IGNORED,false,2026-07-08 10:06:50.007054+00,2026-07-08 10:06:50.007054+00,100,auto_ignore,,false,
4758,100272,0,,IGNORED,false,2026-07-08 10:06:50.44055+00,2026-07-08 10:06:50.44055+00,100,auto_ignore,,false,
4759,101145,0,,IGNORED,false,2026-07-08 10:06:50.44055+00,2026-07-08 10:06:50.44055+00,100,auto_ignore,,false,
4760,101146,0,,IGNORED,false,2026-07-08 10:06:50.44055+00,2026-07-08 10:06:50.44055+00,100,auto_ignore,,false,
4761,101148,0,,IGNORED,false,2026-07-08 10:06:50.44055+00,2026-07-08 10:06:50.44055+00,100,auto_ignore,,false,
4762,101147,0,,IGNORED,false,2026-07-08 10:06:50.44055+00,2026-07-08 10:06:50.44055+00,100,auto_ignore,,false,
4763,101141,0,,IGNORED,false,2026-07-08 10:06:50.44055+00,2026-07-08 10:06:50.44055+00,100,auto_ignore,,false,
4764,101563,0,,IGNORED,false,2026-07-08 10:06:50.44055+00,2026-07-08 10:06:50.44055+00,100,auto_ignore,,false,
4765,101193,0,,IGNORED,false,2026-07-08 10:06:50.44055+00,2026-07-08 10:06:50.44055+00,100,auto_ignore,,false,
4766,101194,0,,IGNORED,false,2026-07-08 10:06:50.44055+00,2026-07-08 10:06:50.44055+00,100,auto_ignore,,false,
4767,101191,0,,IGNORED,false,2026-07-08 10:06:50.44055+00,2026-07-08 10:06:50.44055+00,100,auto_ignore,,false,
4768,101164,0,,IGNORED,false,2026-07-08 10:06:50.44055+00,2026-07-08 10:06:50.44055+00,100,auto_ignore,,false,
4769,101165,0,,IGNORED,false,2026-07-08 10:06:50.44055+00,2026-07-08 10:06:50.44055+00,100,auto_ignore,,false,
4770,101166,0,,IGNORED,false,2026-07-08 10:06:50.44055+00,2026-07-08 10:06:50.44055+00,100,auto_ignore,,false,
4771,101167,0,,IGNORED,false,2026-07-08 10:06:50.44055+00,2026-07-08 10:06:50.44055+00,100,auto_ignore,,false,
4772,101168,0,,IGNORED,false,2026-07-08 10:06:50.44055+00,2026-07-08 10:06:50.44055+00,100,auto_ignore,,false,
4773,101169,0,,IGNORED,false,2026-07-08 10:06:50.44055+00,2026-07-08 10:06:50.44055+00,100,auto_ignore,,false,
4774,101171,0,,IGNORED,false,2026-07-08 10:06:50.44055+00,2026-07-08 10:06:50.44055+00,100,auto_ignore,,false,
4775,101170,0,,IGNORED,false,2026-07-08 10:06:50.44055+00,2026-07-08 10:06:50.44055+00,100,auto_ignore,,false,
4776,100273,0,,IGNORED,false,2026-07-08 10:06:50.44055+00,2026-07-08 10:06:50.44055+00,100,auto_ignore,,false,
4777,100924,0,,IGNORED,false,2026-07-08 10:06:50.44055+00,2026-07-08 10:06:50.44055+00,100,auto_ignore,,false,
4778,100925,0,,IGNORED,false,2026-07-08 10:06:50.44055+00,2026-07-08 10:06:50.44055+00,100,auto_ignore,,false,
4779,100926,0,,IGNORED,false,2026-07-08 10:06:50.44055+00,2026-07-08 10:06:50.44055+00,100,auto_ignore,,false,
4780,100922,0,,IGNORED,false,2026-07-08 10:06:50.44055+00,2026-07-08 10:06:50.44055+00,100,auto_ignore,,false,
4781,100923,0,,IGNORED,false,2026-07-08 10:06:50.44055+00,2026-07-08 10:06:50.44055+00,100,auto_ignore,,false,
4782,100283,0,,IGNORED,false,2026-07-08 10:06:50.44055+00,2026-07-08 10:06:50.44055+00,100,auto_ignore,,false,
4783,100927,0,,IGNORED,false,2026-07-08 10:06:50.44055+00,2026-07-08 10:06:50.44055+00,100,auto_ignore,,false,
4784,100928,0,,IGNORED,false,2026-07-08 10:06:50.44055+00,2026-07-08 10:06:50.44055+00,100,auto_ignore,,false,
4785,100282,0,,IGNORED,false,2026-07-08 10:06:50.44055+00,2026-07-08 10:06:50.44055+00,100,auto_ignore,,false,
4786,100281,0,,IGNORED,false,2026-07-08 10:06:50.44055+00,2026-07-08 10:06:50.44055+00,100,auto_ignore,,false,
4787,100274,0,,IGNORED,false,2026-07-08 10:06:50.44055+00,2026-07-08 10:06:50.44055+00,100,auto_ignore,,false,
4788,101102,0,,IGNORED,false,2026-07-08 10:06:50.44055+00,2026-07-08 10:06:50.44055+00,100,auto_ignore,,false,
4789,101103,0,,IGNORED,false,2026-07-08 10:06:50.44055+00,2026-07-08 10:06:50.44055+00,100,auto_ignore,,false,
4790,100919,0,,IGNORED,false,2026-07-08 10:06:50.44055+00,2026-07-08 10:06:50.44055+00,100,auto_ignore,,false,
4791,100918,0,,IGNORED,false,2026-07-08 10:06:50.44055+00,2026-07-08 10:06:50.44055+00,100,auto_ignore,,false,
4792,100920,0,,IGNORED,false,2026-07-08 10:06:50.44055+00,2026-07-08 10:06:50.44055+00,100,auto_ignore,,false,
4793,100921,0,,IGNORED,false,2026-07-08 10:06:50.44055+00,2026-07-08 10:06:50.44055+00,100,auto_ignore,,false,
4794,100310,0,,IGNORED,false,2026-07-08 10:06:50.928243+00,2026-07-08 10:06:50.928243+00,100,auto_ignore,,false,
4795,100311,0,,IGNORED,false,2026-07-08 10:06:50.928243+00,2026-07-08 10:06:50.928243+00,100,auto_ignore,,false,
4796,100312,0,,IGNORED,false,2026-07-08 10:06:50.928243+00,2026-07-08 10:06:50.928243+00,100,auto_ignore,,false,
4797,100797,0,,IGNORED,false,2026-07-08 10:06:50.928243+00,2026-07-08 10:06:50.928243+00,100,auto_ignore,,false,
4798,100388,0,,IGNORED,false,2026-07-08 10:06:50.928243+00,2026-07-08 10:06:50.928243+00,100,auto_ignore,,false,
4799,101187,0,,IGNORED,false,2026-07-08 10:06:50.928243+00,2026-07-08 10:06:50.928243+00,100,auto_ignore,,false,
4800,100279,0,,IGNORED,false,2026-07-08 10:06:50.928243+00,2026-07-08 10:06:50.928243+00,100,auto_ignore,,false,
4801,100276,0,,IGNORED,false,2026-07-08 10:06:50.928243+00,2026-07-08 10:06:50.928243+00,100,auto_ignore,,false,
4802,100277,0,,IGNORED,false,2026-07-08 10:06:50.928243+00,2026-07-08 10:06:50.928243+00,100,auto_ignore,,false,
4803,100278,0,,IGNORED,false,2026-07-08 10:06:50.928243+00,2026-07-08 10:06:50.928243+00,100,auto_ignore,,false,
4804,100917,0,,IGNORED,false,2026-07-08 10:06:50.928243+00,2026-07-08 10:06:50.928243+00,100,auto_ignore,,false,
4805,101518,0,,IGNORED,false,2026-07-08 10:06:50.928243+00,2026-07-08 10:06:50.928243+00,100,auto_ignore,,false,
4806,101155,0,,IGNORED,false,2026-07-08 10:06:50.928243+00,2026-07-08 10:06:50.928243+00,100,auto_ignore,,false,
4807,100454,0,,IGNORED,false,2026-07-08 10:06:50.928243+00,2026-07-08 10:06:50.928243+00,100,auto_ignore,,false,
4808,100446,0,,IGNORED,false,2026-07-08 10:06:50.928243+00,2026-07-08 10:06:50.928243+00,100,auto_ignore,,false,
4809,2503000391,0,,IGNORED,false,2026-07-08 10:06:50.928243+00,2026-07-08 10:06:50.928243+00,100,auto_ignore,,false,
4810,100006,0,,IGNORED,false,2026-07-08 10:06:50.928243+00,2026-07-08 10:06:50.928243+00,100,auto_ignore,,false,
4811,100085,0,,IGNORED,false,2026-07-08 10:06:50.928243+00,2026-07-08 10:06:50.928243+00,100,auto_ignore,,false,
4812,100086,0,,IGNORED,false,2026-07-08 10:06:50.928243+00,2026-07-08 10:06:50.928243+00,100,auto_ignore,,false,
4813,100087,0,,IGNORED,false,2026-07-08 10:06:50.928243+00,2026-07-08 10:06:50.928243+00,100,auto_ignore,,false,
4814,101552,0,,IGNORED,false,2026-07-08 10:06:50.928243+00,2026-07-08 10:06:50.928243+00,100,auto_ignore,,false,
4815,101053,0,,IGNORED,false,2026-07-08 10:06:50.928243+00,2026-07-08 10:06:50.928243+00,100,auto_ignore,,false,
4816,100561,0,,IGNORED,false,2026-07-08 10:06:50.928243+00,2026-07-08 10:06:50.928243+00,100,auto_ignore,,false,
4817,101258,0,,IGNORED,false,2026-07-08 10:06:50.928243+00,2026-07-08 10:06:50.928243+00,100,auto_ignore,,false,
4818,101311,0,,IGNORED,false,2026-07-08 10:06:50.928243+00,2026-07-08 10:06:50.928243+00,100,auto_ignore,,false,
4819,C3MH,0,,IGNORED,false,2026-07-08 10:06:50.928243+00,2026-07-08 10:06:50.928243+00,100,auto_ignore,,false,
4820,100585,0,,IGNORED,false,2026-07-08 10:06:50.928243+00,2026-07-08 10:06:50.928243+00,100,auto_ignore,,false,
4821,100016,0,,IGNORED,false,2026-07-08 10:06:51.390263+00,2026-07-08 10:06:51.390263+00,100,auto_ignore,,false,
4822,100941,0,,IGNORED,false,2026-07-08 10:06:51.390263+00,2026-07-08 10:06:51.390263+00,100,auto_ignore,,false,
4823,100562,0,,IGNORED,false,2026-07-08 10:06:51.390263+00,2026-07-08 10:06:51.390263+00,100,auto_ignore,,false,
4824,101324,0,,IGNORED,false,2026-07-08 10:06:51.390263+00,2026-07-08 10:06:51.390263+00,100,auto_ignore,,false,
4825,100620,0,,IGNORED,false,2026-07-08 10:06:51.390263+00,2026-07-08 10:06:51.390263+00,100,auto_ignore,,false,
4826,100617,0,,IGNORED,false,2026-07-08 10:06:51.390263+00,2026-07-08 10:06:51.390263+00,100,auto_ignore,,false,
4827,100618,0,,IGNORED,false,2026-07-08 10:06:51.390263+00,2026-07-08 10:06:51.390263+00,100,auto_ignore,,false,
4828,100615,0,,IGNORED,false,2026-07-08 10:06:51.390263+00,2026-07-08 10:06:51.390263+00,100,auto_ignore,,false,
4829,100619,0,,IGNORED,false,2026-07-08 10:06:51.390263+00,2026-07-08 10:06:51.390263+00,100,auto_ignore,,false,
4830,100614,0,,IGNORED,false,2026-07-08 10:06:51.390263+00,2026-07-08 10:06:51.390263+00,100,auto_ignore,,false,
4831,101131,0,,IGNORED,false,2026-07-08 10:06:51.390263+00,2026-07-08 10:06:51.390263+00,100,auto_ignore,,false,
4832,101362,0,,IGNORED,false,2026-07-08 10:06:51.390263+00,2026-07-08 10:06:51.390263+00,100,auto_ignore,,false,
4833,A1404VA-S551,0,,IGNORED,false,2026-07-08 10:06:51.390263+00,2026-07-08 10:06:51.390263+00,100,auto_ignore,,false,
4834,101361,0,,IGNORED,false,2026-07-08 10:06:51.390263+00,2026-07-08 10:06:51.390263+00,100,auto_ignore,,false,
4835,101365,0,,IGNORED,false,2026-07-08 10:06:51.390263+00,2026-07-08 10:06:51.390263+00,100,auto_ignore,,false,
4836,E1404GA-FHD322M,0,,IGNORED,false,2026-07-08 10:06:51.390263+00,2026-07-08 10:06:51.390263+00,100,auto_ignore,,false,
4837,101041,0,,IGNORED,false,2026-07-08 10:06:51.390263+00,2026-07-08 10:06:51.390263+00,100,auto_ignore,,false,
4838,101545,0,,IGNORED,false,2026-07-08 10:06:51.390263+00,2026-07-08 10:06:51.390263+00,100,auto_ignore,,false,
4839,101512,0,,IGNORED,false,2026-07-08 10:06:51.390263+00,2026-07-08 10:06:51.390263+00,100,auto_ignore,,false,
4840,100676,0,,IGNORED,false,2026-07-08 10:06:51.390263+00,2026-07-08 10:06:51.390263+00,100,auto_ignore,,false,
4841,100677,0,,IGNORED,false,2026-07-08 10:06:51.390263+00,2026-07-08 10:06:51.390263+00,100,auto_ignore,,false,
4842,100678,0,,IGNORED,false,2026-07-08 10:06:51.390263+00,2026-07-08 10:06:51.390263+00,100,auto_ignore,,false,
4843,100838,0,,IGNORED,false,2026-07-08 10:06:51.390263+00,2026-07-08 10:06:51.390263+00,100,auto_ignore,,false,
4844,100500,0,,IGNORED,false,2026-07-08 10:06:51.390263+00,2026-07-08 10:06:51.390263+00,100,auto_ignore,,false,
4845,100811,0,,IGNORED,false,2026-07-08 10:06:51.390263+00,2026-07-08 10:06:51.390263+00,100,auto_ignore,,false,
4846,100501,0,,IGNORED,false,2026-07-08 10:06:51.390263+00,2026-07-08 10:06:51.390263+00,100,auto_ignore,,false,
4847,FA506-5B6TOM,0,,IGNORED,false,2026-07-08 10:06:51.390263+00,2026-07-08 10:06:51.390263+00,100,auto_ignore,,false,
4848,100622,0,,IGNORED,false,2026-07-08 10:06:51.390263+00,2026-07-08 10:06:51.390263+00,100,auto_ignore,,false,
4849,100623,0,,IGNORED,false,2026-07-08 10:06:51.390263+00,2026-07-08 10:06:51.390263+00,100,auto_ignore,,false,
4850,100624,0,,IGNORED,false,2026-07-08 10:06:51.390263+00,2026-07-08 10:06:51.390263+00,100,auto_ignore,,false,
4851,101040,0,,IGNORED,false,2026-07-08 10:06:51.390263+00,2026-07-08 10:06:51.390263+00,100,auto_ignore,,false,
4852,101359,0,,IGNORED,false,2026-07-08 10:06:51.390263+00,2026-07-08 10:06:51.390263+00,100,auto_ignore,,false,
4853,101133,0,,IGNORED,false,2026-07-08 10:06:51.390263+00,2026-07-08 10:06:51.390263+00,100,auto_ignore,,false,
4854,A1404VA-VIPS552,0,,IGNORED,false,2026-07-08 10:06:51.390263+00,2026-07-08 10:06:51.390263+00,100,auto_ignore,,false,
4855,101412,0,,IGNORED,false,2026-07-08 10:06:51.390263+00,2026-07-08 10:06:51.390263+00,100,auto_ignore,,false,
4856,101309,0,,IGNORED,false,2026-07-08 10:06:51.390263+00,2026-07-08 10:06:51.390263+00,100,auto_ignore,,false,
4857,101310,0,,IGNORED,false,2026-07-08 10:06:51.390263+00,2026-07-08 10:06:51.390263+00,100,auto_ignore,,false,
4858,A1404ZA-VIPS551,0,,IGNORED,false,2026-07-08 10:06:51.390263+00,2026-07-08 10:06:51.390263+00,100,auto_ignore,,false,
4859,101441,0,,IGNORED,false,2026-07-08 10:06:51.390263+00,2026-07-08 10:06:51.390263+00,100,auto_ignore,,false,
4860,101440,0,,IGNORED,false,2026-07-08 10:06:51.390263+00,2026-07-08 10:06:51.390263+00,100,auto_ignore,,false,
4861,M1405YA-S711,0,,IGNORED,false,2026-07-08 10:06:51.390263+00,2026-07-08 10:06:51.390263+00,100,auto_ignore,,false,
4862,101330,0,,IGNORED,false,2026-07-08 10:06:51.390263+00,2026-07-08 10:06:51.390263+00,100,auto_ignore,,false,
4863,101329,0,,IGNORED,false,2026-07-08 10:06:51.776656+00,2026-07-08 10:06:51.776656+00,100,auto_ignore,,false,
4864,101044,0,,IGNORED,false,2026-07-08 10:06:51.776656+00,2026-07-08 10:06:51.776656+00,100,auto_ignore,,false,
4865,101134,0,,IGNORED,false,2026-07-08 10:06:51.776656+00,2026-07-08 10:06:51.776656+00,100,auto_ignore,,false,
4866,101307,0,,IGNORED,false,2026-07-08 10:06:51.776656+00,2026-07-08 10:06:51.776656+00,100,auto_ignore,,false,
4867,E1404FA-FHD321,0,,IGNORED,false,2026-07-08 10:06:51.776656+00,2026-07-08 10:06:51.776656+00,100,auto_ignore,,false,
4868,E1404FA-FHD323,0,,IGNORED,false,2026-07-08 10:06:51.776656+00,2026-07-08 10:06:51.776656+00,100,auto_ignore,,false,
4869,E1404FA-FHD351,0,,IGNORED,false,2026-07-08 10:06:51.776656+00,2026-07-08 10:06:51.776656+00,100,auto_ignore,,false,
4870,E1404FA-FHD352,0,,IGNORED,false,2026-07-08 10:06:51.776656+00,2026-07-08 10:06:51.776656+00,100,auto_ignore,,false,
4871,E1404FA-FHD353,0,,IGNORED,false,2026-07-08 10:06:51.776656+00,2026-07-08 10:06:51.776656+00,100,auto_ignore,,false,
4872,VIPS558,0,,IGNORED,false,2026-07-08 10:06:51.776656+00,2026-07-08 10:06:51.776656+00,100,auto_ignore,,false,
4873,E1404FA-VIPS559,0,,IGNORED,false,2026-07-08 10:06:51.776656+00,2026-07-08 10:06:51.776656+00,100,auto_ignore,,false,
4874,100613,0,,IGNORED,false,2026-07-08 10:06:51.776656+00,2026-07-08 10:06:51.776656+00,100,auto_ignore,,false,
4875,100736,0,,IGNORED,false,2026-07-08 10:06:51.776656+00,2026-07-08 10:06:51.776656+00,100,auto_ignore,,false,
4876,FHD321,0,,IGNORED,false,2026-07-08 10:06:51.776656+00,2026-07-08 10:06:51.776656+00,100,auto_ignore,,false,
4877,E1404GA-FHD351,0,,IGNORED,false,2026-07-08 10:06:51.776656+00,2026-07-08 10:06:51.776656+00,100,auto_ignore,,false,
4878,E1404G-HD352M,0,,IGNORED,false,2026-07-08 10:06:51.776656+00,2026-07-08 10:06:51.776656+00,100,auto_ignore,,false,
4879,100737,0,,IGNORED,false,2026-07-08 10:06:51.776656+00,2026-07-08 10:06:51.776656+00,100,auto_ignore,,false,
4880,101257,0,,IGNORED,false,2026-07-08 10:06:51.776656+00,2026-07-08 10:06:51.776656+00,100,auto_ignore,,false,
4881,E410KA-FHD454,0,,IGNORED,false,2026-07-08 10:06:51.776656+00,2026-07-08 10:06:51.776656+00,100,auto_ignore,,false,
4882,E410KA-FHD455,0,,IGNORED,false,2026-07-08 10:06:51.776656+00,2026-07-08 10:06:51.776656+00,100,auto_ignore,,false,
4883,101045,0,,IGNORED,false,2026-07-08 10:06:51.776656+00,2026-07-08 10:06:51.776656+00,100,auto_ignore,,false,
4884,E1504FA-OLED352,0,,IGNORED,false,2026-07-08 10:06:51.776656+00,2026-07-08 10:06:51.776656+00,100,auto_ignore,,false,
4885,E1504FA-OLED553M,0,,IGNORED,false,2026-07-08 10:06:51.776656+00,2026-07-08 10:06:51.776656+00,100,auto_ignore,,false,
4886,UM3406HA,0,,IGNORED,false,2026-07-08 10:06:51.776656+00,2026-07-08 10:06:51.776656+00,100,auto_ignore,,false,
4887,100584,0,,IGNORED,false,2026-07-08 10:06:51.776656+00,2026-07-08 10:06:51.776656+00,100,auto_ignore,,false,
4888,100583,0,,IGNORED,false,2026-07-08 10:06:51.776656+00,2026-07-08 10:06:51.776656+00,100,auto_ignore,,false,
4889,101511,0,,IGNORED,false,2026-07-08 10:06:51.776656+00,2026-07-08 10:06:51.776656+00,100,auto_ignore,,false,
4890,100776,0,,IGNORED,false,2026-07-08 10:06:51.776656+00,2026-07-08 10:06:51.776656+00,100,auto_ignore,,false,
4891,101042,0,,IGNORED,false,2026-07-08 10:06:51.776656+00,2026-07-08 10:06:51.776656+00,100,auto_ignore,,false,
4892,101043,0,,IGNORED,false,2026-07-08 10:06:51.776656+00,2026-07-08 10:06:51.776656+00,100,auto_ignore,,false,
4893,100648,0,,IGNORED,false,2026-07-08 10:06:51.776656+00,2026-07-08 10:06:51.776656+00,100,auto_ignore,,false,
4894,101308,0,,IGNORED,false,2026-07-08 10:06:51.776656+00,2026-07-08 10:06:51.776656+00,100,auto_ignore,,false,
4895,100755,0,,IGNORED,false,2026-07-08 10:06:51.776656+00,2026-07-08 10:06:51.776656+00,100,auto_ignore,,false,
4896,100775,0,,IGNORED,false,2026-07-08 10:06:51.776656+00,2026-07-08 10:06:51.776656+00,100,auto_ignore,,false,
4897,101332,0,,IGNORED,false,2026-07-08 10:06:51.776656+00,2026-07-08 10:06:51.776656+00,100,auto_ignore,,false,
4898,100556,0,,IGNORED,false,2026-07-08 10:06:51.776656+00,2026-07-08 10:06:51.776656+00,100,auto_ignore,,false,
4899,100558,0,,IGNORED,false,2026-07-08 10:06:51.776656+00,2026-07-08 10:06:51.776656+00,100,auto_ignore,,false,
4900,100557,0,,IGNORED,false,2026-07-08 10:06:51.776656+00,2026-07-08 10:06:51.776656+00,100,auto_ignore,,false,
4901,100563,0,,IGNORED,false,2026-07-08 10:06:51.776656+00,2026-07-08 10:06:51.776656+00,100,auto_ignore,,false,
4902,100616,0,,IGNORED,false,2026-07-08 10:06:51.776656+00,2026-07-08 10:06:51.776656+00,100,auto_ignore,,false,
4903,100939,0,,IGNORED,false,2026-07-08 10:06:51.776656+00,2026-07-08 10:06:51.776656+00,100,auto_ignore,,false,
4904,100940,0,,IGNORED,false,2026-07-08 10:06:51.776656+00,2026-07-08 10:06:51.776656+00,100,auto_ignore,,false,
4905,101413,0,,IGNORED,false,2026-07-08 10:06:51.776656+00,2026-07-08 10:06:51.776656+00,100,auto_ignore,,false,
4906,DQ5154TU,0,,IGNORED,false,2026-07-08 10:06:51.776656+00,2026-07-08 10:06:51.776656+00,100,auto_ignore,,false,
4907,100625,0,,IGNORED,false,2026-07-08 10:06:51.776656+00,2026-07-08 10:06:51.776656+00,100,auto_ignore,,false,
4908,101124,0,,IGNORED,false,2026-07-08 10:06:51.776656+00,2026-07-08 10:06:51.776656+00,100,auto_ignore,,false,
4909,101116,0,,IGNORED,false,2026-07-08 10:06:52.384805+00,2026-07-08 10:06:52.384805+00,100,auto_ignore,,false,
4910,101119,0,,IGNORED,false,2026-07-08 10:06:52.384805+00,2026-07-08 10:06:52.384805+00,100,auto_ignore,,false,
4911,101120,0,,IGNORED,false,2026-07-08 10:06:52.384805+00,2026-07-08 10:06:52.384805+00,100,auto_ignore,,false,
4912,101118,0,,IGNORED,false,2026-07-08 10:06:52.384805+00,2026-07-08 10:06:52.384805+00,100,auto_ignore,,false,
4913,101122,0,,IGNORED,false,2026-07-08 10:06:52.384805+00,2026-07-08 10:06:52.384805+00,100,auto_ignore,,false,
4914,101123,0,,IGNORED,false,2026-07-08 10:06:52.384805+00,2026-07-08 10:06:52.384805+00,100,auto_ignore,,false,
4915,100635,0,,IGNORED,false,2026-07-08 10:06:52.384805+00,2026-07-08 10:06:52.384805+00,100,auto_ignore,,false,
4916,101039,0,,IGNORED,false,2026-07-08 10:06:52.384805+00,2026-07-08 10:06:52.384805+00,100,auto_ignore,,false,
4917,101037,0,,IGNORED,false,2026-07-08 10:06:52.384805+00,2026-07-08 10:06:52.384805+00,100,auto_ignore,,false,
4918,101128,0,,IGNORED,false,2026-07-08 10:06:52.384805+00,2026-07-08 10:06:52.384805+00,100,auto_ignore,,false,
4919,101138,0,,IGNORED,false,2026-07-08 10:06:52.384805+00,2026-07-08 10:06:52.384805+00,100,auto_ignore,,false,
4920,101038,0,,IGNORED,false,2026-07-08 10:06:52.384805+00,2026-07-08 10:06:52.384805+00,100,auto_ignore,,false,
4921,101543,0,,IGNORED,false,2026-07-08 10:06:52.384805+00,2026-07-08 10:06:52.384805+00,100,auto_ignore,,false,
4922,100611,0,,IGNORED,false,2026-07-08 10:06:52.384805+00,2026-07-08 10:06:52.384805+00,100,auto_ignore,,false,
4923,83KX000YID,0,,IGNORED,false,2026-07-08 10:06:52.384805+00,2026-07-08 10:06:52.384805+00,100,auto_ignore,,false,
4924,100829,0,,IGNORED,false,2026-07-08 10:06:52.384805+00,2026-07-08 10:06:52.384805+00,100,auto_ignore,,false,
4925,101566,0,,IGNORED,false,2026-07-08 10:06:52.384805+00,2026-07-08 10:06:52.384805+00,100,auto_ignore,,false,
4926,82XL007CID,0,,IGNORED,false,2026-07-08 10:06:52.384805+00,2026-07-08 10:06:52.384805+00,100,auto_ignore,,false,
4927,100777,0,,IGNORED,false,2026-07-08 10:06:52.384805+00,2026-07-08 10:06:52.384805+00,100,auto_ignore,,false,
4928,CVID,0,,IGNORED,false,2026-07-08 10:06:52.384805+00,2026-07-08 10:06:52.384805+00,100,auto_ignore,,false,
4929,100778,0,,IGNORED,false,2026-07-08 10:06:52.384805+00,2026-07-08 10:06:52.384805+00,100,auto_ignore,,false,
4930,100809,0,,IGNORED,false,2026-07-08 10:06:52.384805+00,2026-07-08 10:06:52.384805+00,100,auto_ignore,,false,
4931,100525,0,,IGNORED,false,2026-07-08 10:06:52.384805+00,2026-07-08 10:06:52.384805+00,100,auto_ignore,,false,
4932,101568,0,,IGNORED,false,2026-07-08 10:06:52.384805+00,2026-07-08 10:06:52.384805+00,100,auto_ignore,,false,
4933,100795,0,,IGNORED,false,2026-07-08 10:06:52.384805+00,2026-07-08 10:06:52.384805+00,100,auto_ignore,,false,
4934,82RJ00CVID,0,,IGNORED,false,2026-07-08 10:06:52.384805+00,2026-07-08 10:06:52.384805+00,100,auto_ignore,,false,
4935,100863,0,,IGNORED,false,2026-07-08 10:06:52.384805+00,2026-07-08 10:06:52.384805+00,100,auto_ignore,,false,
4936,100521,0,,IGNORED,false,2026-07-08 10:06:52.384805+00,2026-07-08 10:06:52.384805+00,100,auto_ignore,,false,
4937,100522,0,,IGNORED,false,2026-07-08 10:06:52.384805+00,2026-07-08 10:06:52.384805+00,100,auto_ignore,,false,
4938,82V6008WID,0,,IGNORED,false,2026-07-08 10:06:52.384805+00,2026-07-08 10:06:52.384805+00,100,auto_ignore,,false,
4939,100740,0,,IGNORED,false,2026-07-08 10:06:52.384805+00,2026-07-08 10:06:52.384805+00,100,auto_ignore,,false,
4940,100739,0,,IGNORED,false,2026-07-08 10:06:52.384805+00,2026-07-08 10:06:52.384805+00,100,auto_ignore,,false,
4941,100738,0,,IGNORED,false,2026-07-08 10:06:52.384805+00,2026-07-08 10:06:52.384805+00,100,auto_ignore,,false,
4942,101056,0,,IGNORED,false,2026-07-08 10:06:52.384805+00,2026-07-08 10:06:52.384805+00,100,auto_ignore,,false,
4943,82XN006QID,0,,IGNORED,false,2026-07-08 10:06:52.384805+00,2026-07-08 10:06:52.384805+00,100,auto_ignore,,false,
4944,82XN006RID,0,,IGNORED,false,2026-07-08 10:06:52.384805+00,2026-07-08 10:06:52.384805+00,100,auto_ignore,,false,
4945,CYID,0,,IGNORED,false,2026-07-08 10:06:52.384805+00,2026-07-08 10:06:52.384805+00,100,auto_ignore,,false,
4946,100861,0,,IGNORED,false,2026-07-08 10:06:52.384805+00,2026-07-08 10:06:52.384805+00,100,auto_ignore,,false,
4947,82RJ00CUID,0,,IGNORED,false,2026-07-08 10:06:52.384805+00,2026-07-08 10:06:52.384805+00,100,auto_ignore,,false,
4948,101110,0,,IGNORED,false,2026-07-08 10:06:52.384805+00,2026-07-08 10:06:52.384805+00,100,auto_ignore,,false,
4949,100742,0,,IGNORED,false,2026-07-08 10:06:52.384805+00,2026-07-08 10:06:52.384805+00,100,auto_ignore,,false,
4950,100744,0,,IGNORED,false,2026-07-08 10:06:52.384805+00,2026-07-08 10:06:52.384805+00,100,auto_ignore,,false,
4951,100830,0,,IGNORED,false,2026-07-08 10:06:52.384805+00,2026-07-08 10:06:52.384805+00,100,auto_ignore,,false,
4952,100865,0,,IGNORED,false,2026-07-08 10:06:52.384805+00,2026-07-08 10:06:52.384805+00,100,auto_ignore,,false,
4953,82XL007BID,0,,IGNORED,false,2026-07-08 10:06:52.384805+00,2026-07-08 10:06:52.384805+00,100,auto_ignore,,false,
4954,82XN003MID,0,,IGNORED,false,2026-07-08 10:06:52.384805+00,2026-07-08 10:06:52.384805+00,100,auto_ignore,,false,
4955,82XN003LID,0,,IGNORED,false,2026-07-08 10:06:53.097013+00,2026-07-08 10:06:53.097013+00,100,auto_ignore,,false,
4956,100810,0,,IGNORED,false,2026-07-08 10:06:53.097013+00,2026-07-08 10:06:53.097013+00,100,auto_ignore,,false,
4957,82XS000PID,0,,IGNORED,false,2026-07-08 10:06:53.097013+00,2026-07-08 10:06:53.097013+00,100,auto_ignore,,false,
4958,101366,0,,IGNORED,false,2026-07-08 10:06:53.097013+00,2026-07-08 10:06:53.097013+00,100,auto_ignore,,false,
4959,101368,0,,IGNORED,false,2026-07-08 10:06:53.097013+00,2026-07-08 10:06:53.097013+00,100,auto_ignore,,false,
4960,101375,0,,IGNORED,false,2026-07-08 10:06:53.097013+00,2026-07-08 10:06:53.097013+00,100,auto_ignore,,false,
4961,101374,0,,IGNORED,false,2026-07-08 10:06:53.097013+00,2026-07-08 10:06:53.097013+00,100,auto_ignore,,false,
4962,101367,0,,IGNORED,false,2026-07-08 10:06:53.097013+00,2026-07-08 10:06:53.097013+00,100,auto_ignore,,false,
4963,101216,0,,IGNORED,false,2026-07-08 10:06:53.097013+00,2026-07-08 10:06:53.097013+00,100,auto_ignore,,false,
4964,101439,0,,IGNORED,false,2026-07-08 10:06:53.097013+00,2026-07-08 10:06:53.097013+00,100,auto_ignore,,false,
4965,83DV00AHID,0,,IGNORED,false,2026-07-08 10:06:53.097013+00,2026-07-08 10:06:53.097013+00,100,auto_ignore,,false,
4966,101139,0,,IGNORED,false,2026-07-08 10:06:53.097013+00,2026-07-08 10:06:53.097013+00,100,auto_ignore,,false,
4967,101158,0,,IGNORED,false,2026-07-08 10:06:53.097013+00,2026-07-08 10:06:53.097013+00,100,auto_ignore,,false,
4968,101344,0,,IGNORED,false,2026-07-08 10:06:53.097013+00,2026-07-08 10:06:53.097013+00,100,auto_ignore,,false,
4969,101565,0,,IGNORED,false,2026-07-08 10:06:53.097013+00,2026-07-08 10:06:53.097013+00,100,auto_ignore,,false,
4970,101567,0,,IGNORED,false,2026-07-08 10:06:53.097013+00,2026-07-08 10:06:53.097013+00,100,auto_ignore,,false,
4971,83JC001YID,0,,IGNORED,false,2026-07-08 10:06:53.097013+00,2026-07-08 10:06:53.097013+00,100,auto_ignore,,false,
4972,101498,0,,IGNORED,false,2026-07-08 10:06:53.097013+00,2026-07-08 10:06:53.097013+00,100,auto_ignore,,false,
4973,101513,0,,IGNORED,false,2026-07-08 10:06:53.097013+00,2026-07-08 10:06:53.097013+00,100,auto_ignore,,false,
4974,101326,0,,IGNORED,false,2026-07-08 10:06:53.097013+00,2026-07-08 10:06:53.097013+00,100,auto_ignore,,false,
4975,101254,0,,IGNORED,false,2026-07-08 10:06:53.097013+00,2026-07-08 10:06:53.097013+00,100,auto_ignore,,false,
4976,101417,0,,IGNORED,false,2026-07-08 10:06:53.097013+00,2026-07-08 10:06:53.097013+00,100,auto_ignore,,false,
4977,100869,0,,IGNORED,false,2026-07-08 10:06:53.097013+00,2026-07-08 10:06:53.097013+00,100,auto_ignore,,false,
4978,2503000422,0,,IGNORED,false,2026-07-08 10:06:55.151447+00,2026-07-08 10:06:55.151447+00,100,auto_ignore,,false,
4979,101152,0,,IGNORED,false,2026-07-08 10:06:55.770966+00,2026-07-08 10:06:55.770966+00,100,auto_ignore,,false,
4980,101159,0,,IGNORED,false,2026-07-08 10:06:55.770966+00,2026-07-08 10:06:55.770966+00,100,auto_ignore,,false,
4981,101321,0,,IGNORED,false,2026-07-08 10:06:55.770966+00,2026-07-08 10:06:55.770966+00,100,auto_ignore,,false,
4982,100665,0,,IGNORED,false,2026-07-08 10:06:55.770966+00,2026-07-08 10:06:55.770966+00,100,auto_ignore,,false,
4983,2510000043,0,,IGNORED,false,2026-07-08 10:06:56.120262+00,2026-07-08 10:06:56.120262+00,100,auto_ignore,,false,
4984,2503000218,0,,IGNORED,false,2026-07-08 10:06:56.120262+00,2026-07-08 10:06:56.120262+00,100,auto_ignore,,false,
4985,2505000226,0,,IGNORED,false,2026-07-08 10:06:57.160042+00,2026-07-08 10:06:57.160042+00,100,auto_ignore,,false,
4986,2503000370,0,,IGNORED,false,2026-07-08 10:06:57.755649+00,2026-07-08 10:06:57.755649+00,100,auto_ignore,,false,
4987,2503000196,0,,IGNORED,false,2026-07-08 10:06:58.146027+00,2026-07-08 10:06:58.146027+00,100,auto_ignore,,false,
4988,2504000116,0,,IGNORED,false,2026-07-08 10:06:58.528522+00,2026-07-08 10:06:58.528522+00,100,auto_ignore,,false,
4989,2506000256,0,,IGNORED,false,2026-07-08 10:06:58.858964+00,2026-07-08 10:06:58.858964+00,100,auto_ignore,,false,
4990,2507000214,0,,IGNORED,false,2026-07-08 10:06:59.220713+00,2026-07-08 10:06:59.220713+00,100,auto_ignore,,false,
4991,2504000070,0,,IGNORED,false,2026-07-08 10:06:59.702214+00,2026-07-08 10:06:59.702214+00,100,auto_ignore,,false,
4992,2504000502,0,,IGNORED,false,2026-07-08 10:06:59.702214+00,2026-07-08 10:06:59.702214+00,100,auto_ignore,,false,
4993,2503000376,0,,IGNORED,false,2026-07-08 10:07:01.292852+00,2026-07-08 10:07:01.292852+00,100,auto_ignore,,false,
4994,2503000063,0,,IGNORED,false,2026-07-08 10:07:01.778002+00,2026-07-08 10:07:01.778002+00,100,auto_ignore,,false,
4995,2503000073,0,,IGNORED,false,2026-07-08 10:07:01.778002+00,2026-07-08 10:07:01.778002+00,100,auto_ignore,,false,
4996,2508000205,0,,IGNORED,false,2026-07-08 10:07:01.778002+00,2026-07-08 10:07:01.778002+00,100,auto_ignore,,false,
4997,2503000159,0,,IGNORED,false,2026-07-08 10:07:01.778002+00,2026-07-08 10:07:01.778002+00,100,auto_ignore,,false,
4998,2511000103,0,,IGNORED,false,2026-07-08 10:07:02.104828+00,2026-07-08 10:07:02.104828+00,100,auto_ignore,,false,
4999,2503000580,0,,IGNORED,false,2026-07-08 10:07:02.104828+00,2026-07-08 10:07:02.104828+00,100,auto_ignore,,false,
5000,2503000198,0,,IGNORED,false,2026-07-08 10:07:02.473534+00,2026-07-08 10:07:02.473534+00,100,auto_ignore,,false,
5001,2503000192,0,,IGNORED,false,2026-07-08 10:07:02.473534+00,2026-07-08 10:07:02.473534+00,100,auto_ignore,,false,
5002,2503000157,0,,IGNORED,false,2026-07-08 10:07:03.485816+00,2026-07-08 10:07:03.485816+00,100,auto_ignore,,false,
5003,2503000303,0,,IGNORED,false,2026-07-08 10:07:03.485816+00,2026-07-08 10:07:03.485816+00,100,auto_ignore,,false,
5004,2504000218,0,,IGNORED,false,2026-07-08 10:07:04.329229+00,2026-07-08 10:07:04.329229+00,100,auto_ignore,,false,
5005,2504000204,0,,IGNORED,false,2026-07-08 10:07:04.329229+00,2026-07-08 10:07:04.329229+00,100,auto_ignore,,false,
5006,2509000004,0,,IGNORED,false,2026-07-08 10:07:04.653537+00,2026-07-08 10:07:04.653537+00,100,auto_ignore,,false,
5007,2505000089,0,,IGNORED,false,2026-07-08 10:07:04.653537+00,2026-07-08 10:07:04.653537+00,100,auto_ignore,,false,
5008,2506000251,0,,IGNORED,false,2026-07-08 10:07:05.012683+00,2026-07-08 10:07:05.012683+00,100,auto_ignore,,false,
5009,100033,0,,IGNORED,false,2026-07-08 10:07:05.607001+00,2026-07-08 10:07:05.607001+00,100,auto_ignore,,false,
5010,100108,0,,IGNORED,false,2026-07-08 10:07:05.959866+00,2026-07-08 10:07:05.959866+00,100,auto_ignore,,false,
5011,100110,0,,IGNORED,false,2026-07-08 10:07:05.959866+00,2026-07-08 10:07:05.959866+00,100,auto_ignore,,false,
5012,100111,0,,IGNORED,false,2026-07-08 10:07:05.959866+00,2026-07-08 10:07:05.959866+00,100,auto_ignore,,false,
5013,100112,0,,IGNORED,false,2026-07-08 10:07:05.959866+00,2026-07-08 10:07:05.959866+00,100,auto_ignore,,false,
5014,100175,0,,IGNORED,false,2026-07-08 10:07:05.959866+00,2026-07-08 10:07:05.959866+00,100,auto_ignore,,false,
5015,100176,0,,IGNORED,false,2026-07-08 10:07:05.959866+00,2026-07-08 10:07:05.959866+00,100,auto_ignore,,false,
5016,100218,0,,IGNORED,false,2026-07-08 10:07:05.959866+00,2026-07-08 10:07:05.959866+00,100,auto_ignore,,false,
5017,100220,0,,IGNORED,false,2026-07-08 10:07:05.959866+00,2026-07-08 10:07:05.959866+00,100,auto_ignore,,false,
5018,100297,0,,IGNORED,false,2026-07-08 10:07:05.959866+00,2026-07-08 10:07:05.959866+00,100,auto_ignore,,false,
5019,100298,0,,IGNORED,false,2026-07-08 10:07:05.959866+00,2026-07-08 10:07:05.959866+00,100,auto_ignore,,false,
5020,100435,0,,IGNORED,false,2026-07-08 10:07:05.959866+00,2026-07-08 10:07:05.959866+00,100,auto_ignore,,false,
5021,100438,0,,IGNORED,false,2026-07-08 10:07:05.959866+00,2026-07-08 10:07:05.959866+00,100,auto_ignore,,false,
5022,2503000214,0,,IGNORED,false,2026-07-08 10:07:05.959866+00,2026-07-08 10:07:05.959866+00,100,auto_ignore,,false,
5023,100473,0,,IGNORED,false,2026-07-08 10:07:05.959866+00,2026-07-08 10:07:05.959866+00,100,auto_ignore,,false,
5024,100474,0,,IGNORED,false,2026-07-08 10:07:05.959866+00,2026-07-08 10:07:05.959866+00,100,auto_ignore,,false,
5025,100626,0,,IGNORED,false,2026-07-08 10:07:05.959866+00,2026-07-08 10:07:05.959866+00,100,auto_ignore,,false,
5026,100666,0,,IGNORED,false,2026-07-08 10:07:05.959866+00,2026-07-08 10:07:05.959866+00,100,auto_ignore,,false,
5027,100664,0,,IGNORED,false,2026-07-08 10:07:05.959866+00,2026-07-08 10:07:05.959866+00,100,auto_ignore,,false,
5028,100703,0,,IGNORED,false,2026-07-08 10:07:05.959866+00,2026-07-08 10:07:05.959866+00,100,auto_ignore,,false,
5029,100798,0,,IGNORED,false,2026-07-08 10:07:05.959866+00,2026-07-08 10:07:05.959866+00,100,auto_ignore,,false,
5030,100849,0,,IGNORED,false,2026-07-08 10:07:05.959866+00,2026-07-08 10:07:05.959866+00,100,auto_ignore,,false,
5031,100965,0,,IGNORED,false,2026-07-08 10:07:05.959866+00,2026-07-08 10:07:05.959866+00,100,auto_ignore,,false,
5032,100966,0,,IGNORED,false,2026-07-08 10:07:05.959866+00,2026-07-08 10:07:05.959866+00,100,auto_ignore,,false,
5033,100967,0,,IGNORED,false,2026-07-08 10:07:05.959866+00,2026-07-08 10:07:05.959866+00,100,auto_ignore,,false,
5034,100968,0,,IGNORED,false,2026-07-08 10:07:05.959866+00,2026-07-08 10:07:05.959866+00,100,auto_ignore,,false,
5035,100969,0,,IGNORED,false,2026-07-08 10:07:05.959866+00,2026-07-08 10:07:05.959866+00,100,auto_ignore,,false,
5036,101000,0,,IGNORED,false,2026-07-08 10:07:05.959866+00,2026-07-08 10:07:05.959866+00,100,auto_ignore,,false,
5037,101001,0,,IGNORED,false,2026-07-08 10:07:05.959866+00,2026-07-08 10:07:05.959866+00,100,auto_ignore,,false,
5038,101238,0,,IGNORED,false,2026-07-08 10:07:05.959866+00,2026-07-08 10:07:05.959866+00,100,auto_ignore,,false,
5039,101239,0,,IGNORED,false,2026-07-08 10:07:05.959866+00,2026-07-08 10:07:05.959866+00,100,auto_ignore,,false,
5040,101280,0,,IGNORED,false,2026-07-08 10:07:05.959866+00,2026-07-08 10:07:05.959866+00,100,auto_ignore,,false,
5041,101281,0,,IGNORED,false,2026-07-08 10:07:05.959866+00,2026-07-08 10:07:05.959866+00,100,auto_ignore,,false,
5042,101348,0,,IGNORED,false,2026-07-08 10:07:05.959866+00,2026-07-08 10:07:05.959866+00,100,auto_ignore,,false,
5043,101349,0,,IGNORED,false,2026-07-08 10:07:05.959866+00,2026-07-08 10:07:05.959866+00,100,auto_ignore,,false,
5044,101425,0,,IGNORED,false,2026-07-08 10:07:05.959866+00,2026-07-08 10:07:05.959866+00,100,auto_ignore,,false,
5045,101426,0,,IGNORED,false,2026-07-08 10:07:05.959866+00,2026-07-08 10:07:05.959866+00,100,auto_ignore,,false,
5046,101427,0,,IGNORED,false,2026-07-08 10:07:06.328351+00,2026-07-08 10:07:06.328351+00,100,auto_ignore,,false,
5047,101428,0,,IGNORED,false,2026-07-08 10:07:06.328351+00,2026-07-08 10:07:06.328351+00,100,auto_ignore,,false,
5048,101429,0,,IGNORED,false,2026-07-08 10:07:06.328351+00,2026-07-08 10:07:06.328351+00,100,auto_ignore,,false,
5049,101445,0,,IGNORED,false,2026-07-08 10:07:06.328351+00,2026-07-08 10:07:06.328351+00,100,auto_ignore,,false,
5050,101446,0,,IGNORED,false,2026-07-08 10:07:06.328351+00,2026-07-08 10:07:06.328351+00,100,auto_ignore,,false,
5051,101499,0,,IGNORED,false,2026-07-08 10:07:06.328351+00,2026-07-08 10:07:06.328351+00,100,auto_ignore,,false,
5052,101558,0,,IGNORED,false,2026-07-08 10:07:06.328351+00,2026-07-08 10:07:06.328351+00,100,auto_ignore,,false,
5053,100667,0,,IGNORED,false,2026-07-08 10:07:06.328351+00,2026-07-08 10:07:06.328351+00,100,auto_ignore,,false,
5054,101345,0,,IGNORED,false,2026-07-08 10:07:06.328351+00,2026-07-08 10:07:06.328351+00,100,auto_ignore,,false,
5055,101561,0,,IGNORED,false,2026-07-08 10:07:06.328351+00,2026-07-08 10:07:06.328351+00,100,auto_ignore,,false,
5056,101562,0,,IGNORED,false,2026-07-08 10:07:06.328351+00,2026-07-08 10:07:06.328351+00,100,auto_ignore,,false,
5057,2506000078,0,,IGNORED,false,2026-07-08 10:07:07.203363+00,2026-07-08 10:07:07.203363+00,100,auto_ignore,,false,
5058,2503000108,0,,IGNORED,false,2026-07-08 10:07:07.806203+00,2026-07-08 10:07:07.806203+00,100,auto_ignore,,false,
5059,2507000174,0,,IGNORED,false,2026-07-08 10:07:07.806203+00,2026-07-08 10:07:07.806203+00,100,auto_ignore,,false,
5060,2509000289,0,,IGNORED,false,2026-07-08 10:07:08.268094+00,2026-07-08 10:07:08.268094+00,100,auto_ignore,,false,
5061,2507000040,0,,IGNORED,false,2026-07-08 10:07:08.268094+00,2026-07-08 10:07:08.268094+00,100,auto_ignore,,false,
5062,83EL002BID,0,,IGNORED,false,2026-07-08 10:07:08.632809+00,2026-07-08 10:07:08.632809+00,100,auto_ignore,,false,
5063,100757,0,,IGNORED,false,2026-07-08 10:07:08.632809+00,2026-07-08 10:07:08.632809+00,100,auto_ignore,,false,
5064,100759,0,,IGNORED,false,2026-07-08 10:07:08.632809+00,2026-07-08 10:07:08.632809+00,100,auto_ignore,,false,
5065,100760,0,,IGNORED,false,2026-07-08 10:07:08.632809+00,2026-07-08 10:07:08.632809+00,100,auto_ignore,,false,
5066,100725,0,,IGNORED,false,2026-07-08 10:07:08.632809+00,2026-07-08 10:07:08.632809+00,100,auto_ignore,,false,
5067,100727,0,,IGNORED,false,2026-07-08 10:07:08.632809+00,2026-07-08 10:07:08.632809+00,100,auto_ignore,,false,
5068,100726,0,,IGNORED,false,2026-07-08 10:07:08.632809+00,2026-07-08 10:07:08.632809+00,100,auto_ignore,,false,
5069,100695,0,,IGNORED,false,2026-07-08 10:07:08.632809+00,2026-07-08 10:07:08.632809+00,100,auto_ignore,,false,
5070,101456,0,,IGNORED,false,2026-07-08 10:07:08.632809+00,2026-07-08 10:07:08.632809+00,100,auto_ignore,,false,
5071,101312,0,,IGNORED,false,2026-07-08 10:07:08.632809+00,2026-07-08 10:07:08.632809+00,100,auto_ignore,,false,
5072,101252,0,,IGNORED,false,2026-07-08 10:07:08.632809+00,2026-07-08 10:07:08.632809+00,100,auto_ignore,,false,
5073,100700,0,,IGNORED,false,2026-07-08 10:07:08.632809+00,2026-07-08 10:07:08.632809+00,100,auto_ignore,,false,
5074,100325,0,,IGNORED,false,2026-07-08 10:07:09.423859+00,2026-07-08 10:07:09.423859+00,100,auto_ignore,,false,
5075,100326,0,,IGNORED,false,2026-07-08 10:07:09.423859+00,2026-07-08 10:07:09.423859+00,100,auto_ignore,,false,
5076,100192,0,,IGNORED,false,2026-07-08 10:07:09.423859+00,2026-07-08 10:07:09.423859+00,100,auto_ignore,,false,
5077,100996,0,,IGNORED,false,2026-07-08 10:07:09.423859+00,2026-07-08 10:07:09.423859+00,100,auto_ignore,,false,
5078,100993,0,,IGNORED,false,2026-07-08 10:07:09.423859+00,2026-07-08 10:07:09.423859+00,100,auto_ignore,,false,
5079,101249,0,,IGNORED,false,2026-07-08 10:07:09.423859+00,2026-07-08 10:07:09.423859+00,100,auto_ignore,,false,
5080,101237,0,,IGNORED,false,2026-07-08 10:07:09.423859+00,2026-07-08 10:07:09.423859+00,100,auto_ignore,,false,
5081,101248,0,,IGNORED,false,2026-07-08 10:07:09.423859+00,2026-07-08 10:07:09.423859+00,100,auto_ignore,,false,
5082,100168,0,,IGNORED,false,2026-07-08 10:07:09.423859+00,2026-07-08 10:07:09.423859+00,100,auto_ignore,,false,
5083,100189,0,,IGNORED,false,2026-07-08 10:07:09.423859+00,2026-07-08 10:07:09.423859+00,100,auto_ignore,,false,
5084,100191,0,,IGNORED,false,2026-07-08 10:07:09.423859+00,2026-07-08 10:07:09.423859+00,100,auto_ignore,,false,
5085,101306,0,,IGNORED,false,2026-07-08 10:07:09.423859+00,2026-07-08 10:07:09.423859+00,100,auto_ignore,,false,
5086,100605,0,,IGNORED,false,2026-07-08 10:07:09.423859+00,2026-07-08 10:07:09.423859+00,100,auto_ignore,,false,
5087,101405,0,,IGNORED,false,2026-07-08 10:07:09.423859+00,2026-07-08 10:07:09.423859+00,100,auto_ignore,,false,
5088,100837,0,,IGNORED,false,2026-07-08 10:07:09.423859+00,2026-07-08 10:07:09.423859+00,100,auto_ignore,,false,
5089,100549,0,,IGNORED,false,2026-07-08 10:07:09.423859+00,2026-07-08 10:07:09.423859+00,100,auto_ignore,,false,
5090,100515,0,,IGNORED,false,2026-07-08 10:07:09.423859+00,2026-07-08 10:07:09.423859+00,100,auto_ignore,,false,
5091,100514,0,,IGNORED,false,2026-07-08 10:07:09.423859+00,2026-07-08 10:07:09.423859+00,100,auto_ignore,,false,
5092,100528,0,,IGNORED,false,2026-07-08 10:07:09.423859+00,2026-07-08 10:07:09.423859+00,100,auto_ignore,,false,
5093,100516,0,,IGNORED,false,2026-07-08 10:07:09.769433+00,2026-07-08 10:07:09.769433+00,100,auto_ignore,,false,
5094,100527,0,,IGNORED,false,2026-07-08 10:07:09.769433+00,2026-07-08 10:07:09.769433+00,100,auto_ignore,,false,
5095,100530,0,,IGNORED,false,2026-07-08 10:07:09.769433+00,2026-07-08 10:07:09.769433+00,100,auto_ignore,,false,
5096,100531,0,,IGNORED,false,2026-07-08 10:07:09.769433+00,2026-07-08 10:07:09.769433+00,100,auto_ignore,,false,
5097,100529,0,,IGNORED,false,2026-07-08 10:07:09.769433+00,2026-07-08 10:07:09.769433+00,100,auto_ignore,,false,
5098,100569,0,,IGNORED,false,2026-07-08 10:07:09.769433+00,2026-07-08 10:07:09.769433+00,100,auto_ignore,,false,
5099,100401,0,,IGNORED,false,2026-07-08 10:07:09.769433+00,2026-07-08 10:07:09.769433+00,100,auto_ignore,,false,
5100,100567,0,,IGNORED,false,2026-07-08 10:07:09.769433+00,2026-07-08 10:07:09.769433+00,100,auto_ignore,,false,
5101,100010,0,,IGNORED,false,2026-07-08 10:07:09.769433+00,2026-07-08 10:07:09.769433+00,100,auto_ignore,,false,
5102,100674,0,,IGNORED,false,2026-07-08 10:07:09.769433+00,2026-07-08 10:07:09.769433+00,100,auto_ignore,,false,
5103,101157,0,,IGNORED,false,2026-07-08 10:07:09.769433+00,2026-07-08 10:07:09.769433+00,100,auto_ignore,,false,
5104,100400,0,,IGNORED,false,2026-07-08 10:07:09.769433+00,2026-07-08 10:07:09.769433+00,100,auto_ignore,,false,
5105,100399,0,,IGNORED,false,2026-07-08 10:07:09.769433+00,2026-07-08 10:07:09.769433+00,100,auto_ignore,,false,
5106,100564,0,,IGNORED,false,2026-07-08 10:07:09.769433+00,2026-07-08 10:07:09.769433+00,100,auto_ignore,,false,
5107,101540,0,,IGNORED,false,2026-07-08 10:07:09.769433+00,2026-07-08 10:07:09.769433+00,100,auto_ignore,,false,
5108,100410,0,,IGNORED,false,2026-07-08 10:07:09.769433+00,2026-07-08 10:07:09.769433+00,100,auto_ignore,,false,
5109,101016,0,,IGNORED,false,2026-07-08 10:07:09.769433+00,2026-07-08 10:07:09.769433+00,100,auto_ignore,,false,
5110,101017,0,,IGNORED,false,2026-07-08 10:07:09.769433+00,2026-07-08 10:07:09.769433+00,100,auto_ignore,,false,
5111,100942,0,,IGNORED,false,2026-07-08 10:07:09.769433+00,2026-07-08 10:07:09.769433+00,100,auto_ignore,,false,
5112,101020,0,,IGNORED,false,2026-07-08 10:07:09.769433+00,2026-07-08 10:07:09.769433+00,100,auto_ignore,,false,
5113,100200,0,,IGNORED,false,2026-07-08 10:07:09.769433+00,2026-07-08 10:07:09.769433+00,100,auto_ignore,,false,
5114,100194,0,,IGNORED,false,2026-07-08 10:07:09.769433+00,2026-07-08 10:07:09.769433+00,100,auto_ignore,,false,
5115,101347,0,,IGNORED,false,2026-07-08 10:07:09.769433+00,2026-07-08 10:07:09.769433+00,100,auto_ignore,,false,
5116,101337,0,,IGNORED,false,2026-07-08 10:07:09.769433+00,2026-07-08 10:07:09.769433+00,100,auto_ignore,,false,
5117,100832,0,,IGNORED,false,2026-07-08 10:07:09.769433+00,2026-07-08 10:07:09.769433+00,100,auto_ignore,,false,
5118,101334,0,,IGNORED,false,2026-07-08 10:07:09.769433+00,2026-07-08 10:07:09.769433+00,100,auto_ignore,,false,
5119,100198,0,,IGNORED,false,2026-07-08 10:07:09.769433+00,2026-07-08 10:07:09.769433+00,100,auto_ignore,,false,
5120,100195,0,,IGNORED,false,2026-07-08 10:07:09.769433+00,2026-07-08 10:07:09.769433+00,100,auto_ignore,,false,
5121,100199,0,,IGNORED,false,2026-07-08 10:07:09.769433+00,2026-07-08 10:07:09.769433+00,100,auto_ignore,,false,
5122,100196,0,,IGNORED,false,2026-07-08 10:07:09.769433+00,2026-07-08 10:07:09.769433+00,100,auto_ignore,,false,
5123,100444,0,,IGNORED,false,2026-07-08 10:07:09.769433+00,2026-07-08 10:07:09.769433+00,100,auto_ignore,,false,
5124,101004,0,,IGNORED,false,2026-07-08 10:07:09.769433+00,2026-07-08 10:07:09.769433+00,100,auto_ignore,,false,
5125,100802,0,,IGNORED,false,2026-07-08 10:07:09.769433+00,2026-07-08 10:07:09.769433+00,100,auto_ignore,,false,
5126,101333,0,,IGNORED,false,2026-07-08 10:07:09.769433+00,2026-07-08 10:07:09.769433+00,100,auto_ignore,,false,
5127,101546,0,,IGNORED,false,2026-07-08 10:07:09.769433+00,2026-07-08 10:07:09.769433+00,100,auto_ignore,,false,
5128,100197,0,,IGNORED,false,2026-07-08 10:07:09.769433+00,2026-07-08 10:07:09.769433+00,100,auto_ignore,,false,
5129,100201,0,,IGNORED,false,2026-07-08 10:07:10.091078+00,2026-07-08 10:07:10.091078+00,100,auto_ignore,,false,
5130,101335,0,,IGNORED,false,2026-07-08 10:07:10.091078+00,2026-07-08 10:07:10.091078+00,100,auto_ignore,,false,
5131,100796,0,,IGNORED,false,2026-07-08 10:07:10.091078+00,2026-07-08 10:07:10.091078+00,100,auto_ignore,,false,
5132,101363,0,,IGNORED,false,2026-07-08 10:07:10.091078+00,2026-07-08 10:07:10.091078+00,100,auto_ignore,,false,
5133,100188,0,,IGNORED,false,2026-07-08 10:07:10.091078+00,2026-07-08 10:07:10.091078+00,100,auto_ignore,,false,
5134,101234,0,,IGNORED,false,2026-07-08 10:07:10.091078+00,2026-07-08 10:07:10.091078+00,100,auto_ignore,,false,
5135,100208,0,,IGNORED,false,2026-07-08 10:07:10.091078+00,2026-07-08 10:07:10.091078+00,100,auto_ignore,,false,
5136,100209,0,,IGNORED,false,2026-07-08 10:07:10.091078+00,2026-07-08 10:07:10.091078+00,100,auto_ignore,,false,
5137,101036,0,,IGNORED,false,2026-07-08 10:07:10.091078+00,2026-07-08 10:07:10.091078+00,100,auto_ignore,,false,
5138,100185,0,,IGNORED,false,2026-07-08 10:07:10.091078+00,2026-07-08 10:07:10.091078+00,100,auto_ignore,,false,
5139,100212,0,,IGNORED,false,2026-07-08 10:07:10.091078+00,2026-07-08 10:07:10.091078+00,100,auto_ignore,,false,
5140,100822,0,,IGNORED,false,2026-07-08 10:07:10.091078+00,2026-07-08 10:07:10.091078+00,100,auto_ignore,,false,
5141,100170,0,,IGNORED,false,2026-07-08 10:07:10.091078+00,2026-07-08 10:07:10.091078+00,100,auto_ignore,,false,
5142,100210,0,,IGNORED,false,2026-07-08 10:07:10.091078+00,2026-07-08 10:07:10.091078+00,100,auto_ignore,,false,
5143,100211,0,,IGNORED,false,2026-07-08 10:07:10.091078+00,2026-07-08 10:07:10.091078+00,100,auto_ignore,,false,
5144,101537,0,,IGNORED,false,2026-07-08 10:07:10.091078+00,2026-07-08 10:07:10.091078+00,100,auto_ignore,,false,
5145,100213,0,,IGNORED,false,2026-07-08 10:07:10.091078+00,2026-07-08 10:07:10.091078+00,100,auto_ignore,,false,
5146,100187,0,,IGNORED,false,2026-07-08 10:07:10.091078+00,2026-07-08 10:07:10.091078+00,100,auto_ignore,,false,
5147,100214,0,,IGNORED,false,2026-07-08 10:07:10.091078+00,2026-07-08 10:07:10.091078+00,100,auto_ignore,,false,
5148,100215,0,,IGNORED,false,2026-07-08 10:07:10.091078+00,2026-07-08 10:07:10.091078+00,100,auto_ignore,,false,
5149,101383,0,,IGNORED,false,2026-07-08 10:07:10.091078+00,2026-07-08 10:07:10.091078+00,100,auto_ignore,,false,
5150,100171,0,,IGNORED,false,2026-07-08 10:07:10.091078+00,2026-07-08 10:07:10.091078+00,100,auto_ignore,,false,
5151,100707,0,,IGNORED,false,2026-07-08 10:07:10.091078+00,2026-07-08 10:07:10.091078+00,100,auto_ignore,,false,
5152,100186,0,,IGNORED,false,2026-07-08 10:07:10.091078+00,2026-07-08 10:07:10.091078+00,100,auto_ignore,,false,
5153,100216,0,,IGNORED,false,2026-07-08 10:07:10.091078+00,2026-07-08 10:07:10.091078+00,100,auto_ignore,,false,
5154,100217,0,,IGNORED,false,2026-07-08 10:07:10.091078+00,2026-07-08 10:07:10.091078+00,100,auto_ignore,,false,
5155,100184,0,,IGNORED,false,2026-07-08 10:07:10.091078+00,2026-07-08 10:07:10.091078+00,100,auto_ignore,,false,
5156,100824,0,,IGNORED,false,2026-07-08 10:07:10.091078+00,2026-07-08 10:07:10.091078+00,100,auto_ignore,,false,
5157,101300,0,,IGNORED,false,2026-07-08 10:07:10.091078+00,2026-07-08 10:07:10.091078+00,100,auto_ignore,,false,
5158,101382,0,,IGNORED,false,2026-07-08 10:07:10.091078+00,2026-07-08 10:07:10.091078+00,100,auto_ignore,,false,
5159,101298,0,,IGNORED,false,2026-07-08 10:07:10.091078+00,2026-07-08 10:07:10.091078+00,100,auto_ignore,,false,
5160,101420,0,,IGNORED,false,2026-07-08 10:07:10.091078+00,2026-07-08 10:07:10.091078+00,100,auto_ignore,,false,
5161,101400,0,,IGNORED,false,2026-07-08 10:07:10.091078+00,2026-07-08 10:07:10.091078+00,100,auto_ignore,,false,
5162,101336,0,,IGNORED,false,2026-07-08 10:07:10.091078+00,2026-07-08 10:07:10.091078+00,100,auto_ignore,,false,
5163,101024,0,,IGNORED,false,2026-07-08 10:07:10.091078+00,2026-07-08 10:07:10.091078+00,100,auto_ignore,,false,
5164,100672,0,,IGNORED,false,2026-07-08 10:07:10.091078+00,2026-07-08 10:07:10.091078+00,100,auto_ignore,,false,
5165,100673,0,,IGNORED,false,2026-07-08 10:07:10.091078+00,2026-07-08 10:07:10.091078+00,100,auto_ignore,,false,
5166,101534,0,,IGNORED,false,2026-07-08 10:07:10.091078+00,2026-07-08 10:07:10.091078+00,100,auto_ignore,,false,
5167,101503,0,,IGNORED,false,2026-07-08 10:07:10.091078+00,2026-07-08 10:07:10.091078+00,100,auto_ignore,,false,
5168,101354,0,,IGNORED,false,2026-07-08 10:07:10.475194+00,2026-07-08 10:07:10.475194+00,100,auto_ignore,,false,
5169,101364,0,,IGNORED,false,2026-07-08 10:07:10.475194+00,2026-07-08 10:07:10.475194+00,100,auto_ignore,,false,
5170,101316,0,,IGNORED,false,2026-07-08 10:07:10.475194+00,2026-07-08 10:07:10.475194+00,100,auto_ignore,,false,
5171,101384,0,,IGNORED,false,2026-07-08 10:07:10.475194+00,2026-07-08 10:07:10.475194+00,100,auto_ignore,,false,
5172,101328,0,,IGNORED,false,2026-07-08 10:07:10.475194+00,2026-07-08 10:07:10.475194+00,100,auto_ignore,,false,
5173,100933,0,,IGNORED,false,2026-07-08 10:07:10.475194+00,2026-07-08 10:07:10.475194+00,100,auto_ignore,,false,
5174,100434,0,,IGNORED,false,2026-07-08 10:07:10.475194+00,2026-07-08 10:07:10.475194+00,100,auto_ignore,,false,
5175,101411,0,,IGNORED,false,2026-07-08 10:07:10.475194+00,2026-07-08 10:07:10.475194+00,100,auto_ignore,,false,
5176,100439,0,,IGNORED,false,2026-07-08 10:07:10.475194+00,2026-07-08 10:07:10.475194+00,100,auto_ignore,,false,
5177,101559,0,,IGNORED,false,2026-07-08 10:07:10.475194+00,2026-07-08 10:07:10.475194+00,100,auto_ignore,,false,
5178,101560,0,,IGNORED,false,2026-07-08 10:07:10.475194+00,2026-07-08 10:07:10.475194+00,100,auto_ignore,,false,
5179,101523,0,,IGNORED,false,2026-07-08 10:07:10.475194+00,2026-07-08 10:07:10.475194+00,100,auto_ignore,,false,
5180,101501,0,,IGNORED,false,2026-07-08 10:07:10.475194+00,2026-07-08 10:07:10.475194+00,100,auto_ignore,,false,
5181,101502,0,,IGNORED,false,2026-07-08 10:07:10.475194+00,2026-07-08 10:07:10.475194+00,100,auto_ignore,,false,
5182,100992,0,,IGNORED,false,2026-07-08 10:07:10.475194+00,2026-07-08 10:07:10.475194+00,100,auto_ignore,,false,
5183,100149,0,,IGNORED,false,2026-07-08 10:07:10.475194+00,2026-07-08 10:07:10.475194+00,100,auto_ignore,,false,
5184,100148,0,,IGNORED,false,2026-07-08 10:07:10.475194+00,2026-07-08 10:07:10.475194+00,100,auto_ignore,,false,
5185,101285,0,,IGNORED,false,2026-07-08 10:07:10.475194+00,2026-07-08 10:07:10.475194+00,100,auto_ignore,,false,
5186,101161,0,,IGNORED,false,2026-07-08 10:07:10.475194+00,2026-07-08 10:07:10.475194+00,100,auto_ignore,,false,
5187,100534,0,,IGNORED,false,2026-07-08 10:07:10.475194+00,2026-07-08 10:07:10.475194+00,100,auto_ignore,,false,
5188,100150,0,,IGNORED,false,2026-07-08 10:07:10.475194+00,2026-07-08 10:07:10.475194+00,100,auto_ignore,,false,
5189,100986,0,,IGNORED,false,2026-07-08 10:07:10.475194+00,2026-07-08 10:07:10.475194+00,100,auto_ignore,,false,
5190,100988,0,,IGNORED,false,2026-07-08 10:07:10.475194+00,2026-07-08 10:07:10.475194+00,100,auto_ignore,,false,
5191,100989,0,,IGNORED,false,2026-07-08 10:07:10.475194+00,2026-07-08 10:07:10.475194+00,100,auto_ignore,,false,
5192,100151,0,,IGNORED,false,2026-07-08 10:07:10.475194+00,2026-07-08 10:07:10.475194+00,100,auto_ignore,,false,
5193,100826,0,,IGNORED,false,2026-07-08 10:07:10.475194+00,2026-07-08 10:07:10.475194+00,100,auto_ignore,,false,
5194,101387,0,,IGNORED,false,2026-07-08 10:07:10.475194+00,2026-07-08 10:07:10.475194+00,100,auto_ignore,,false,
5195,100555,0,,IGNORED,false,2026-07-08 10:07:10.475194+00,2026-07-08 10:07:10.475194+00,100,auto_ignore,,false,
5196,100472,0,,IGNORED,false,2026-07-08 10:07:10.475194+00,2026-07-08 10:07:10.475194+00,100,auto_ignore,,false,
5197,101317,0,,IGNORED,false,2026-07-08 10:07:10.475194+00,2026-07-08 10:07:10.475194+00,100,auto_ignore,,false,
5198,100932,0,,IGNORED,false,2026-07-08 10:07:10.475194+00,2026-07-08 10:07:10.475194+00,100,auto_ignore,,false,
5199,100862,0,,IGNORED,false,2026-07-08 10:07:10.475194+00,2026-07-08 10:07:10.475194+00,100,auto_ignore,,false,
5200,100800,0,,IGNORED,false,2026-07-08 10:07:10.475194+00,2026-07-08 10:07:10.475194+00,100,auto_ignore,,false,
5201,101113,0,,IGNORED,false,2026-07-08 10:07:10.475194+00,2026-07-08 10:07:10.475194+00,100,auto_ignore,,false,
5202,100636,0,,IGNORED,false,2026-07-08 10:07:10.475194+00,2026-07-08 10:07:10.475194+00,100,auto_ignore,,false,
5203,100637,0,,IGNORED,false,2026-07-08 10:07:10.475194+00,2026-07-08 10:07:10.475194+00,100,auto_ignore,,false,
5204,100639,0,,IGNORED,false,2026-07-08 10:07:10.475194+00,2026-07-08 10:07:10.475194+00,100,auto_ignore,,false,
5205,101410,0,,IGNORED,false,2026-07-08 10:07:10.475194+00,2026-07-08 10:07:10.475194+00,100,auto_ignore,,false,
5206,101421,0,,IGNORED,false,2026-07-08 10:07:10.818037+00,2026-07-08 10:07:10.818037+00,100,auto_ignore,,false,
5207,101422,0,,IGNORED,false,2026-07-08 10:07:10.818037+00,2026-07-08 10:07:10.818037+00,100,auto_ignore,,false,
5208,101385,0,,IGNORED,false,2026-07-08 10:07:10.818037+00,2026-07-08 10:07:10.818037+00,100,auto_ignore,,false,
5209,101386,0,,IGNORED,false,2026-07-08 10:07:10.818037+00,2026-07-08 10:07:10.818037+00,100,auto_ignore,,false,
5210,100883,0,,IGNORED,false,2026-07-08 10:07:10.818037+00,2026-07-08 10:07:10.818037+00,100,auto_ignore,,false,
5211,100884,0,,IGNORED,false,2026-07-08 10:07:10.818037+00,2026-07-08 10:07:10.818037+00,100,auto_ignore,,false,
5212,100881,0,,IGNORED,false,2026-07-08 10:07:10.818037+00,2026-07-08 10:07:10.818037+00,100,auto_ignore,,false,
5213,100851,0,,IGNORED,false,2026-07-08 10:07:10.818037+00,2026-07-08 10:07:10.818037+00,100,auto_ignore,,false,
5214,100097,0,,IGNORED,false,2026-07-08 10:07:10.818037+00,2026-07-08 10:07:10.818037+00,100,auto_ignore,,false,
5215,101115,0,,IGNORED,false,2026-07-08 10:07:10.818037+00,2026-07-08 10:07:10.818037+00,100,auto_ignore,,false,
5216,100689,0,,IGNORED,false,2026-07-08 10:07:10.818037+00,2026-07-08 10:07:10.818037+00,100,auto_ignore,,false,
5217,100687,0,,IGNORED,false,2026-07-08 10:07:10.818037+00,2026-07-08 10:07:10.818037+00,100,auto_ignore,,false,
5218,100060,0,,IGNORED,false,2026-07-08 10:07:10.818037+00,2026-07-08 10:07:10.818037+00,100,auto_ignore,,false,
5219,100973,0,,IGNORED,false,2026-07-08 10:07:10.818037+00,2026-07-08 10:07:10.818037+00,100,auto_ignore,,false,
5220,100458,0,,IGNORED,false,2026-07-08 10:07:10.818037+00,2026-07-08 10:07:10.818037+00,100,auto_ignore,,false,
5221,101320,0,,IGNORED,false,2026-07-08 10:07:10.818037+00,2026-07-08 10:07:10.818037+00,100,auto_ignore,,false,
5222,100972,0,,IGNORED,false,2026-07-08 10:07:10.818037+00,2026-07-08 10:07:10.818037+00,100,auto_ignore,,false,
5223,100896,0,,IGNORED,false,2026-07-08 10:07:11.28738+00,2026-07-08 10:07:11.28738+00,100,auto_ignore,,false,
5224,100897,0,,IGNORED,false,2026-07-08 10:07:11.28738+00,2026-07-08 10:07:11.28738+00,100,auto_ignore,,false,
5225,101127,0,,IGNORED,false,2026-07-08 10:07:11.28738+00,2026-07-08 10:07:11.28738+00,100,auto_ignore,,false,
5226,101057,0,,IGNORED,false,2026-07-08 10:07:11.28738+00,2026-07-08 10:07:11.28738+00,100,auto_ignore,,false,
5227,100462,0,,IGNORED,false,2026-07-08 10:07:11.28738+00,2026-07-08 10:07:11.28738+00,100,auto_ignore,,false,
5228,101273,0,,IGNORED,false,2026-07-08 10:07:11.28738+00,2026-07-08 10:07:11.28738+00,100,auto_ignore,,false,
5229,101269,0,,IGNORED,false,2026-07-08 10:07:11.28738+00,2026-07-08 10:07:11.28738+00,100,auto_ignore,,false,
5230,101270,0,,IGNORED,false,2026-07-08 10:07:11.28738+00,2026-07-08 10:07:11.28738+00,100,auto_ignore,,false,
5231,101271,0,,IGNORED,false,2026-07-08 10:07:11.28738+00,2026-07-08 10:07:11.28738+00,100,auto_ignore,,false,
5232,101268,0,,IGNORED,false,2026-07-08 10:07:11.28738+00,2026-07-08 10:07:11.28738+00,100,auto_ignore,,false,
5233,101274,0,,IGNORED,false,2026-07-08 10:07:11.28738+00,2026-07-08 10:07:11.28738+00,100,auto_ignore,,false,
5234,100159,0,,IGNORED,false,2026-07-08 10:07:11.28738+00,2026-07-08 10:07:11.28738+00,100,auto_ignore,,false,
5235,100160,0,,IGNORED,false,2026-07-08 10:07:11.28738+00,2026-07-08 10:07:11.28738+00,100,auto_ignore,,false,
5236,101304,0,,IGNORED,false,2026-07-08 10:07:11.28738+00,2026-07-08 10:07:11.28738+00,100,auto_ignore,,false,
5237,100477,0,,IGNORED,false,2026-07-08 10:07:11.28738+00,2026-07-08 10:07:11.28738+00,100,auto_ignore,,false,
5238,100479,0,,IGNORED,false,2026-07-08 10:07:11.28738+00,2026-07-08 10:07:11.28738+00,100,auto_ignore,,false,
5239,100478,0,,IGNORED,false,2026-07-08 10:07:11.28738+00,2026-07-08 10:07:11.28738+00,100,auto_ignore,,false,
5240,100574,0,,IGNORED,false,2026-07-08 10:07:11.28738+00,2026-07-08 10:07:11.28738+00,100,auto_ignore,,false,
5241,100581,0,,IGNORED,false,2026-07-08 10:07:11.28738+00,2026-07-08 10:07:11.28738+00,100,auto_ignore,,false,
5242,2508000173,0,,IGNORED,false,2026-07-08 10:07:11.28738+00,2026-07-08 10:07:11.28738+00,100,auto_ignore,,false,
5243,100403,0,,IGNORED,false,2026-07-08 10:07:11.59198+00,2026-07-08 10:07:11.59198+00,100,auto_ignore,,false,
5244,100404,0,,IGNORED,false,2026-07-08 10:07:11.59198+00,2026-07-08 10:07:11.59198+00,100,auto_ignore,,false,
5245,100405,0,,IGNORED,false,2026-07-08 10:07:11.59198+00,2026-07-08 10:07:11.59198+00,100,auto_ignore,,false,
5246,100784,0,,IGNORED,false,2026-07-08 10:07:11.59198+00,2026-07-08 10:07:11.59198+00,100,auto_ignore,,false,
5247,100753,0,,IGNORED,false,2026-07-08 10:07:11.59198+00,2026-07-08 10:07:11.59198+00,100,auto_ignore,,false,
5248,100844,0,,IGNORED,false,2026-07-08 10:07:11.59198+00,2026-07-08 10:07:11.59198+00,100,auto_ignore,,false,
5249,100126,0,,IGNORED,false,2026-07-08 10:07:11.59198+00,2026-07-08 10:07:11.59198+00,100,auto_ignore,,false,
5250,100750,0,,IGNORED,false,2026-07-08 10:07:11.59198+00,2026-07-08 10:07:11.59198+00,100,auto_ignore,,false,
5251,100751,0,,IGNORED,false,2026-07-08 10:07:11.59198+00,2026-07-08 10:07:11.59198+00,100,auto_ignore,,false,
5252,100752,0,,IGNORED,false,2026-07-08 10:07:11.59198+00,2026-07-08 10:07:11.59198+00,100,auto_ignore,,false,
5253,101467,0,,IGNORED,false,2026-07-08 10:07:11.59198+00,2026-07-08 10:07:11.59198+00,100,auto_ignore,,false,
5254,100749,0,,IGNORED,false,2026-07-08 10:07:11.59198+00,2026-07-08 10:07:11.59198+00,100,auto_ignore,,false,
5255,100634,0,,IGNORED,false,2026-07-08 10:07:11.59198+00,2026-07-08 10:07:11.59198+00,100,auto_ignore,,false,
5256,100125,0,,IGNORED,false,2026-07-08 10:07:11.59198+00,2026-07-08 10:07:11.59198+00,100,auto_ignore,,false,
5257,100783,0,,IGNORED,false,2026-07-08 10:07:11.59198+00,2026-07-08 10:07:11.59198+00,100,auto_ignore,,false,
5258,101160,0,,IGNORED,false,2026-07-08 10:07:11.59198+00,2026-07-08 10:07:11.59198+00,100,auto_ignore,,false,
5259,100633,0,,IGNORED,false,2026-07-08 10:07:11.59198+00,2026-07-08 10:07:11.59198+00,100,auto_ignore,,false,
5260,100631,0,,IGNORED,false,2026-07-08 10:07:11.59198+00,2026-07-08 10:07:11.59198+00,100,auto_ignore,,false,
5261,100754,0,,IGNORED,false,2026-07-08 10:07:11.59198+00,2026-07-08 10:07:11.59198+00,100,auto_ignore,,false,
5262,100845,0,,IGNORED,false,2026-07-08 10:07:11.59198+00,2026-07-08 10:07:11.59198+00,100,auto_ignore,,false,
5263,100935,0,,IGNORED,false,2026-07-08 10:07:11.59198+00,2026-07-08 10:07:11.59198+00,100,auto_ignore,,false,
5264,100082,0,,IGNORED,false,2026-07-08 10:07:11.59198+00,2026-07-08 10:07:11.59198+00,100,auto_ignore,,false,
5265,100080,0,,IGNORED,false,2026-07-08 10:07:11.59198+00,2026-07-08 10:07:11.59198+00,100,auto_ignore,,false,
5266,100081,0,,IGNORED,false,2026-07-08 10:07:11.59198+00,2026-07-08 10:07:11.59198+00,100,auto_ignore,,false,
5267,100390,0,,IGNORED,false,2026-07-08 10:07:11.59198+00,2026-07-08 10:07:11.59198+00,100,auto_ignore,,false,
5268,100134,0,,IGNORED,false,2026-07-08 10:07:11.59198+00,2026-07-08 10:07:11.59198+00,100,auto_ignore,,false,
5269,100083,0,,IGNORED,false,2026-07-08 10:07:11.59198+00,2026-07-08 10:07:11.59198+00,100,auto_ignore,,false,
5270,100285,0,,IGNORED,false,2026-07-08 10:07:11.59198+00,2026-07-08 10:07:11.59198+00,100,auto_ignore,,false,
5271,2503000419,0,,IGNORED,false,2026-07-08 10:07:11.59198+00,2026-07-08 10:07:11.59198+00,100,auto_ignore,,false,
5272,2503000452,0,,IGNORED,false,2026-07-08 10:07:11.59198+00,2026-07-08 10:07:11.59198+00,100,auto_ignore,,false,
5273,100205,0,,IGNORED,false,2026-07-08 10:07:11.942424+00,2026-07-08 10:07:11.942424+00,100,auto_ignore,,false,
5274,100204,0,,IGNORED,false,2026-07-08 10:07:11.942424+00,2026-07-08 10:07:11.942424+00,100,auto_ignore,,false,
5275,101436,0,,IGNORED,false,2026-07-08 10:07:11.942424+00,2026-07-08 10:07:11.942424+00,100,auto_ignore,,false,
5276,101528,0,,IGNORED,false,2026-07-08 10:07:11.942424+00,2026-07-08 10:07:11.942424+00,100,auto_ignore,,false,
5277,101571,0,,IGNORED,false,2026-07-08 10:07:11.942424+00,2026-07-08 10:07:11.942424+00,100,auto_ignore,,false,
5278,100819,0,,IGNORED,false,2026-07-08 10:07:11.942424+00,2026-07-08 10:07:11.942424+00,100,auto_ignore,,false,
5279,100428,0,,IGNORED,false,2026-07-08 10:07:11.942424+00,2026-07-08 10:07:11.942424+00,100,auto_ignore,,false,
5280,101533,0,,IGNORED,false,2026-07-08 10:07:11.942424+00,2026-07-08 10:07:11.942424+00,100,auto_ignore,,false,
5281,101466,0,,IGNORED,false,2026-07-08 10:07:11.942424+00,2026-07-08 10:07:11.942424+00,100,auto_ignore,,false,
5282,101278,0,,IGNORED,false,2026-07-08 10:07:11.942424+00,2026-07-08 10:07:11.942424+00,100,auto_ignore,,false,
5283,100095,0,,IGNORED,false,2026-07-08 10:07:11.942424+00,2026-07-08 10:07:11.942424+00,100,auto_ignore,,false,
5284,100789,0,,IGNORED,false,2026-07-08 10:07:11.942424+00,2026-07-08 10:07:11.942424+00,100,auto_ignore,,false,
5285,100174,0,,IGNORED,false,2026-07-08 10:07:11.942424+00,2026-07-08 10:07:11.942424+00,100,auto_ignore,,false,
5286,100429,0,,IGNORED,false,2026-07-08 10:07:11.942424+00,2026-07-08 10:07:11.942424+00,100,auto_ignore,,false,
5287,100930,0,,IGNORED,false,2026-07-08 10:07:11.942424+00,2026-07-08 10:07:11.942424+00,100,auto_ignore,,false,
5288,100931,0,,IGNORED,false,2026-07-08 10:07:11.942424+00,2026-07-08 10:07:11.942424+00,100,auto_ignore,,false,
5289,101357,0,,IGNORED,false,2026-07-08 10:07:11.942424+00,2026-07-08 10:07:11.942424+00,100,auto_ignore,,false,
5290,100433,0,,IGNORED,false,2026-07-08 10:07:11.942424+00,2026-07-08 10:07:11.942424+00,100,auto_ignore,,false,
5291,101046,0,,IGNORED,false,2026-07-08 10:07:11.942424+00,2026-07-08 10:07:11.942424+00,100,auto_ignore,,false,
5292,101005,0,,IGNORED,false,2026-07-08 10:07:11.942424+00,2026-07-08 10:07:11.942424+00,100,auto_ignore,,false,
5293,100831,0,,IGNORED,false,2026-07-08 10:07:11.942424+00,2026-07-08 10:07:11.942424+00,100,auto_ignore,,false,
5294,100049,0,,IGNORED,false,2026-07-08 10:07:12.280774+00,2026-07-08 10:07:12.280774+00,100,auto_ignore,,false,
5295,100002,0,,IGNORED,false,2026-07-08 10:07:12.280774+00,2026-07-08 10:07:12.280774+00,100,auto_ignore,,false,
5296,100003,0,,IGNORED,false,2026-07-08 10:07:12.280774+00,2026-07-08 10:07:12.280774+00,100,auto_ignore,,false,
5297,100004,0,,IGNORED,false,2026-07-08 10:07:12.280774+00,2026-07-08 10:07:12.280774+00,100,auto_ignore,,false,
5298,100005,0,,IGNORED,false,2026-07-08 10:07:12.280774+00,2026-07-08 10:07:12.280774+00,100,auto_ignore,,false,
5299,2512000184,0,,IGNORED,false,2026-07-08 10:07:12.727836+00,2026-07-08 10:07:12.727836+00,100,auto_ignore,,false,
5300,2602000128,0,,IGNORED,false,2026-07-08 10:07:15.521483+00,2026-07-08 10:07:15.521483+00,100,auto_ignore,,false,
5301,100056,0,,IGNORED,false,2026-07-08 10:10:42.931141+00,2026-07-08 10:10:42.931141+00,100,manual_ignore,,false,92534375-9e38-4e90-83fd-8060c0480a9f